corpus_id,definition,h_grade,g_grade,class,post_root_morpheme,root_id,user_edited
1070,he/she is hitting him/her,,,hih-hil[imp2],hitting[hil],hit,x
1761,he/she is sending it,,,hvsg-hn,,|-solid,x
206,he/she is setting it down,,,hvsg-hn,,|-solid,x
1754,he/she is sending on object (refers to a long object),,,i-a-i,long[no-a],long,x
72,he/she is laying it down (refers to a long object),,,i-a-i,long[no-a],long,x
128,he/she is picking it up,,,rev-gi,,|-solid,x
1530,he/she has an object (refers to a solid object),,,stative-h,,|-solid,x
367,they are sitting (refers to a congregation),''n,,stative,,''n|,
172,it’s taking time,'hil,,oh-ol-a,be-at,'hil|,
834,he/she is climbing it,'l,'l,eg-vs,,'l|'l,
839,he/she is climbing around,'l,'l,oh-ol-a,be-at,'l|'l,
858,he/she is arriving,'lu,'lu,hg-hts,,'lu|'lu,
914,he/she is burying him/her,'n,'n,ih-ohd[perf2],iterative,'n|'n,
956,he/she is rolling him/her,:hsakwale,:hsakwale,hih-lh,,:hsakwale|:hsakwale,
960,he/she is attaching the object behind it (refers to a flexible object),:hsanenat,:hsanenat,vsk,,:hsanenat|:hsanenat,
955,he/she is pushing him/her,:hsato,:hsato,sg-h-hy,,:hsato|:hsato,
623,he/she is crossing it (refers to a body of water),:hso,:hso,hg-hts,,:hso|:hso,
969,he/she is piling it up,:hsvt,:hsvt,hvsg-han,,:hsvt|:hsvt,
791,he/she is rowing,:kawe,:kawe,sg-s-hst[imp2],,:kawe|:kawe,
1774,he/she is sending it,:kha,:kha,hvsg-n,,:kha|:kha,
826,he/she is leaving a living thing behind,:khah,:khah,a,leaving,:khah|:khah,
827,he/she is giving him/her a living thing,:khan,:khan,eh-el,,:khan|:khan,
1699,he/she is belching,:khule,,g-ts[inf2],,:khule|,
796,he/she is pecking it,:kwayo,:kwayo,hih-lh[imp2],,:kwayo|:kwayo,
829,he/she is wrapping him/her,:kwhen,:kwhen,vnh-vsk[inf2],,:kwhen|:kwhen,
809,he/she is piling it up,:l,:l,husg,,:l|:l,
355,they are gathering,:lh,:lh,ih-ohd[perf2],iterative,:lh|:lh,
804,he/she is gathering it,:lh,:lh,ih-ohd[perf2],iterative,:lh|:lh,
882,he/she is taking it somewhere by hand (refers to a long object),:n,:n,eg-vs,,:n|:n,
908,he/she is handling it (refers to a long object),:n,:n,oh-ol-a,be-at,:n|:n,
887,he/she is holding it in his/her hand (refers to a long object),:n,:n,stative-eh,,:n|:n,
1700,he/she is shivering,:naw,,i-a-i,,:naw|,
973,he/she is stabbing him/her,:t,:t,hih-hilh,,:t|:t,
764,he/she is plowing it,:taluk,:taluk,i-vka,,:taluk|:taluk,
767,he/she is turning it,:teyhst,:teyahst,ih-ohd,,:teyhst|:teyahst,
769,he/she is spinning it,:tikwalvteyhst,:tikwalvteyhst,ih-ohd,,:tikwalvteyhst|:tikwalvteyhst,
7,he/she is putting on a belt,:tlo,:tlo,hih-lh,,:tlo|:tlo,
770,he/she is strapping it,:tlo,:tlo,hih-lh,,:tlo|:tlo,
775,he/she is pitying him/her,:toli,:toli,g-ts,,:toli|:toli,
10,he/she is praying,:tolihst,:tolihst,ih-ohd,,:tolihst|:tolihst,
1450,he/she is in prayer,:tolihst,:tolihst,ih-ohd,,:tolihst|:tolihst,
25,it’s ripping,:tsakal,:tsakal,ih-vh,,:tsakal|:tsakal,
820,he/she is ripping it,:tsakal,:tsakal,ih-vh,,:tsakal|:tsakal,
821,he/she is scratching him/her,:tsaliko,:tsaliko,sg-s-la,,:tsaliko|:tsaliko,
823,he/she is pricking him/her,:tsayo,:tsayo,hih-lh[imp2],,:tsayo|:tsayo,
757,he/she is straightening it,:tshinohs,:tshinohs,ih-ohd[perf2],,:tshinohs|:tshinohs,
824,he/she is wringing it out,:tsvwahst,:tsvwahst,ih-ohd,,:tsvwahst|:tsvwahst,
825,he/she is stinging it,:tsvy,:tsvy,sg-h,,:tsvy|:tsvy,
784,he/she is baking it,:tu,:tu,hvsg-hn[inf2],,:tu|:tu,
1708,he/she smells it,:whsv,,g-ts,,:whsv|,
986,he/she is sewing it,:yew,:yewi,sg-s-a[inf2],,:yew|:yewi,
818,he/she is eating it (refers to a flexible object),:yh,:y,e-aka,,:yh|:y,
70,he/she is going around a curve,a,a,oh-ol[inf2],spin,a|a,
432,he/she is backing up,ahs,ahs,eg-vs,in,ahs|ahs-back,x
458,he/she is touching him/her,ahs,ahs,hih-hil,hitting[hil],ahs|ahs,
607,he/she is counting it,ahse,ahse,hih-lh,,ahse|ahse,
398,he/she is withdrawing (refers to a motion),ahse,ahse,ih-vh[inf2],change-alt,ahse|ahse,
397,he/she is including him/her (refers to in counting),ahsehst,ahsehst,ih-ohd,,ahsehst|ahsehst,
430,he/she is placing his/her hand on him/her,ahsihth,ahsihth,i-a-i,long,ahsihth|ahsihth,
431,he/she is slapping him/her,ahsihth,ahsihth,ih-il,hitting[il],ahsihth|ahsihth,
609,he/she is clapping his/her hands,ahsihth,ahsihth,ih-il,hitting[il],ahsihth|ahsihth,
738,he/she is releasing it (refers to involuntarily releasing),ahskalehst,,ih-ohd,,ahskalehst|,
417,he/she is digging it,ahsko,ahsko,sg-s-la,,ahsko|ahsko,
413,he/she is rubbing him/her,ahskoliy,ahskoliy,e-a,,ahskoliy|ahskoliy,
439,he/she is waving his/her hand,ahsolvta,ahsolvta,rev-gi,,ahsolvta|ahsolvta,
440,he/she is pressing down on him/her,ahsonhst,ahsonhst,ih-ohd,,ahsonhst|ahsonhst,
437,he/she is building a fence,ahsoy,ahsoy,oh-al,,ahsoy|ahsoy,
610,he/she is getting exhausted,ahsthaye,ahsthaye,sg-s-hi-hihst,,ahsthaye|ahsthaye,
444,he/she is fishing,ahsu,ahsu,hvsg-hn,,ahsu|ahsu,
448,he/she is putting his/her pants on,ahsul,ahsul,i-vka,,ahsul|ahsul,
447,he/she is taking his/her pants off,ahsul,ahsul,rev-e,,ahsul|ahsul,
1677,he/she is wearing pants,ahsul,ahsul,stative,,ahsul|ahsul,
446,he/she is changing his/her pants,ahsul,ahsul,v-vhs,change-out[flexible],ahsul|ahsul,
611,it’s barking,ahsuwh,ahsuwh,i-a-ihsk,,ahsuwh|ahsuwh,
453,he/she is stirring it,ahsuy,ahsuy,eh-eh,,ahsuy|ahsuy,
452,he/she is choosing him/her,ahsuy,ahsuy,rev-e,,ahsuy|ahsuy,
454,he/she is mixing it in,ahsuy,ahsuy,vsk[imp2],,ahsuy|ahsuy,
136,it’s burning,ak,ak,ohvsg,,ak|ak,
112,it is shining (refers to sun or moon),akal,,ih-ihi,,akal|,
261,he/she is riding it (refers to anything that can be straddled),akhilvt,akhilvt,ih-ohd,,akhilvt|akhilvt,
1592,it’s sticking out,akhsat,,hvsg-han,,akhsat|,
1593,he/she is watching him/her,akhsehst,,ih-ohd,,akhsehst|,
281,he/she is peeking through,akhth,akath,ih-ohd[perf2],,akhth|akath,
276,he/she is turning back,akhthah,akathah,v-vhs,,akhthah|akathah,
277,he/she is winking,akhthahst,akathahst,ih-ohd,,akhthahst|akathahst,
573,he/she is closing his eyes,akhthahst,akathahst,ih-ohd,,akhthahst|akathahst,
576,he/she is putting on glasses,akhthinvt,akathinvt,hvsg-han,,akhthinvt|akathinvt,
729,he/she is wearing glasses,akhthinvt,akathinvt,hvsg-han,,akhthinvt|akathinvt,
575,he/she is taking off his/her glasses,akhthinvt,akathinvt,rev-e,,akhthinvt|akathinvt,
288,he/she is looking at him/her,akhthohst,akathohst,ih-ohd[pres2],,akhthohst|akathohst,
135,he/she is burning him/her,akohvhst,akohvhst,ih-ohd,,akohvhst|akohvhst,
140,he/she is target practicing,akon,akon,ih-vh,,akon|akon,
153,he/she is washing his face,akvhskw,akvhskw,o,,akvhskw|akvhskw,
293,he/she is paying it,akwhiy,akwiy,ih-vh,,akwhiy|akwiy,
294,he/she is paying him/her,akwhiyv',akwiyv',eh-el,,akwhiyv'|akwiyv',
300,he/she is taking a step,alahsk,alahsk,v-vhs,,alahsk|alahsk,
298,he/she is playing ball,alahskal,alahskal,ih-vh,,alahskal|alahskal,
297,he/she is stepping on him/her,alahst,alahst,vsk[imp2],,alahst|alahst,
296,he/she is tromping on him/her,alahsta',alahsta',eh-ehl,,alahsta'|alahsta',
582,he/she is putting on shoes,alahsul,alahsul,hvsg-han,,alahsul|alahsul,
584,he/she is taking off his/her shoes,alahsul,alahsul,rev-e,,alahsul|alahsul,
730,he/she is wearing shoes,alahsul,alahsul,stative-h,,alahsul|alahsul,
583,he/she is changing shoes,alahsul,alahsul,v-vhs,change-out[flexible],alahsul|alahsul,
306,he/she is standing in a certain spot,ale,ale,hvsg-hn,,ale|ale,
587,he/she is getting up (from sitting or from involuntarily assumed prone position),ale,ale,hvsg-hn,,ale|ale,
586,he/she is recuperating,aleh,ale',ih-ohd[perf2],iterative,aleh|ale',
305,he/she is placing it in an upright position (refers to a long object),aleht,alet,ih-ohd,,aleht|alet,
585,he/she is helping him/her up,aleht,alet,ih-ohd,,aleht|alet,
309,he/she is starting,alen,alen,ih-vh,,alen|alen,
1602,he/she is losing his/her way,alena,,hih-lh,,alena|,
307,he/she is stopping,alewhihst,alewihst,ih-ohd,,alewhihst|alewihst,
308,he/she is stopping him/her,alewhihstoht,alewihstoht,ih-ohd,,alewhihstoht|alewihstoht,
173,he/she is measuring it,alh,atl,o,repetitive,alh|atl,
167,he/she is taking off flying,alhawit,atlawit,ih-vh,,alhawit|atlawit,
169,he/she is making him/her fly,alhawitht,atlawitht,ih-ohd[perf3],,alhawitht|atlawitht,
171,he/she is having a nightmare,alhi,atli,rev-gi,,alhi|atli,
552,he/she is rocking,alhihk,alihk,eh-eh,,alhihk|alihk,
553,he/she is drawing a picture of him/her,alhilohst,atlilohst,ih-ohd,,alhilohst|atlilohst,
336,he/she is dancing,alhs,alihs,rev-gi,,alhs|alihs,
1623,it’s dark,alhsih,,stative-k,,alhsih|,
840,it is burning (refers to forest or grass),ali,,g-ts,,burning,x
317,he/she is exchanging it,ali'it,ali'it,i-a-i,,ali'it|ali'it,
315,he/she is happy,aliheli,ali'eli,g-ts,,aliheli|ali'eli,
314,he/she is thanking him/her,alihelitsh,ali'elitsh,eh-el[imp3],,alihelitsh|ali'elitsh,
359,they are getting together,aliko,,hvsg-hn[inf2],,aliko|,
318,he/she is running away,alith,alith,rev-i,,alith|alith,
592,he/she is putting on his/her socks,aliyo,aliyo,hih-lh,,aliyo|aliyo,
593,he/she is changing his/her socks,aliyo,aliyo,ih-vh[imperf2-inf2],change-alt,aliyo|aliyo,
591,he/she is taking off his/her socks,aliyo,aliyo,rev-gi,,aliyo|aliyo,
324,he/she is spitting,altsikw,altsikw,sg-h,,altsikw|altsikw,
32,he/she is taking off running,anawhst,anawhst,ih-ohd,,anawhst|anawhst,
362,he is getting married,anel,anel,i-a-i,long,anel|anel,
361,he/she is attempting it,anelht,anelht,ih-ohd,,anelht|anelht-attempt,x
599,he/she is playing with him/her,anelht,anelht,ih-ohd,,anelht|anelht,
600,he/she is playing,anelo,anelo,hvsg-hn[inf2],,anelo|anelo,
189,he/she is putting on a shirt,anhaw,aniw,o,,anhaw|aniw,
559,he/she is putting on clothes,anhaw,aniw,o,,anhaw|aniw,
187,he/she is taking his/her shirt off,anhaw,aniw,rev-e,,anhaw|aniw,
558,he/she is undressing,anhaw,aniw,rev-e,,anhaw|aniw,
186,he/she is changing his/her shirt,anhaw,aniw,v-vhs,change-out[flexible],anhaw|aniw,
557,he/she is changing clothes,anhaw,aniw,v-vhs,change-out[flexible],anhaw|aniw,
191,he/she is wrestling,anhe,anhe,hih-lh,,anhe|anhe,
195,he/she is building a house,anhehsk,anehsk,eh-eh,,anhehsk|anehsk,
192,he/she is interpreting it,anhelht,anelht,ih-ohd,,anhelht|anelht,
196,he/she is leaving,anhi,ani,rev-gi,,anhi|ani-leave,x
1554,he/she is in bed,anhi,ani,stative-h,,anhi|ani-bed,x
197,he/she is starting it,anhikihst,anikihst,ih-ohd,,anhikihst|anikihst,
198,he/she is carrying it on his/her shoulder (refers to a long object),anholh,anolh,eg-vs,in,anholh|anolh,
39,he/she is thinking,anht,anvt,eh-hehl,,anht|anvt,
363,he/she is remembering him/her,anht,anvt,i-a-i,long,anht|anvt,
1462,he/she feels,anht,anvt,stative-h,,anht|anvt,
1646,he/she knows it,anht,anvt,stative-h,,anht|anvt,
41,he/she is pondering,anhtheh,anvtheh,o,repetitive,anhtheh|anvtheh,
1557,he/she is wearing a shirt,anhuw,,stative,,anhuw|,
1471,he/she is throwing it,at,at,eg-invs,,at|at,
4,it’s bouncing,at,at,eg-invs,,at|at,
5,he/she is limping,at,at,eg-invs[perf2],,at|at,
976,he/she is hanging it up,at,at,hvsg-han,,hang,x
766,he/she is removing it from a hanging position (refers to solid or flexible object),at,at,rev-e,,hang,x
759,it is hanging (refers to flexible object),at,at,stative-a',,hang,x
970,it’s hanging,at,at,stative-h,,hang,x
77,he/she is saying it,at,at,vnh-ih-a,,say,x
30,he/she is shopping,atananehs,atananehs,vhvsg[inf2],,atananehs|atananehs,
539,he/she is making an X,atanhawhst,atanawhst,ih-ohd,,atanhawhst|atanawhst,
542,he/she is accepting him/her,atanilv,atanilv,g-ts,,atanilv|atanilv,
46,he/she is ordering it,atanv,atanv,sg-s-la,,atanv|atanv,
51,it’s burning (refers to flames),atawelak,atawelak,i-a-i,,atawelak|atawelak,
21,he/she is denying him/her,atay,atay,hih-hil[imp2],,atay|atay,
22,he/she is committing adultery,atayhon,atayon,eh-el[imp4],,atayhon|atayon,
62,he/she is embarrassed,ateho,ate'o,sg-s-hi-hihst,,ateho|ate'o,
61,he/she is embarrassing him/her,atehohihst,ate'ohihst,ih-ohd,,atehohihst|ate'ohihst,
1778,he/she is going out of sight,ateli,,g-ts,,ateli|,
67,he/she is finding it out,ateloho,atelo'o,sg-s-hi-hihst,,ateloho|atelo'o,
1476,he/she is having a birthday,atethiy,,ih-vh,,atethiy|,
469,it’s exploding,athahs,,rev-gi,,athahs|,
463,he/she is holding his/her breath,athawhohst,a'tawhohst,ih-ohd,,athawhohst|a'tawhohst,
479,he/she is leading him/her,athinh,athinh,eg-vs[pres2],,athinh|athinh,
480,he/she is arguing,athiyo,a'tiyo,hih-lh,,athiyo|a'tiyo,
483,he/she is racing,athohk,athohk,a,leaving,athohk|athohk,
487,he/she is borrowing him/her,athol,athol,sg-s-a,,athol|athol,
486,he/she is loaning it to him/her,atholhst,atholhst,ih-ohd,,atholhst|atholhst,
491,he/she is taking a drink (refers to alcoholic beverage),athu,a'tu,rev-gi,,athu|a'tu,
498,he/she is growing,athv,a'tv,sg-s-hi-hihst,,athv|a'tv,
497,he/she is raising him/her,athvhihst,a'tvhihst,ih-ohd,,athvhihst|a'tvhihst,
496,he/she hears him/her,athvk,athvk,i-vka,,athvk|athvk,
495,he/she is asking him/her a question,athvt,athvt,vhvsg,,athvt|athvt,
1693,he/she is listening to him/her,athvtahst,athvtahst,ih-ohd,,athvtahst|athvtahst,
494,he/she is listening to him/her,athvtahst,athvtahst,ih-ohd,,athvtahst|athvtahst,
74,he/she is scattering it,atikaley,atikaley,a,,atikaley|atikaley,
75,it’s scattering,atikaleyo,,g-ts[inf3],,atikaleyo|,
1478,it’s hot,atilheh,,stative-k,,atilheh|,
6,he/she is bouncing it,atinvt,atinvt,ih-ohd,,atinvt|atinvt,
78,he/she is running over him/her,atinvt,atinvt,ih-ohd,,atinvt|atinvt,
73,he/she is rising (from a prone position),atit,atit,ih-vh,,atit|atit,
82,he/she is drinking it,atitha,atitha,sg-h[imp2],,atitha|atitha,
1481,he/she is getting well,atiw,,sg-s-hi-hihst,,atiw|,
87,he/she is turning off the road,atl,atl,rev-e,,atl|atl,
1485,he/she is disbelieving,atlahsithv',,eh-el,,atlahsithv'|,
1487,he/she is taking revenge,atle,,g-ts[inf2],,atle|,
88,he/she is taking revenge against him/her,atletsh,atletsh,eh-el[imp3],,atletsh|atletsh,
1489,he/she is wearing an earring,atli'at,,stative,,atli'at|,
547,he/she is weeping,atloy,atloy,hih-hil,,atloy|atloy,
98,he/she is crying,atloy,atloy,hih-hil,,atloy|atloy,
101,he/she is catching up with him/her,atlvtha,atlvtha,sg-h[imp2],,atlvtha|atlvtha,
777,it is falling from a hanging position (refers to flexible object),ato,ato,sg-s-hi-hihst,,ato|ato,
724,he/she is staggering,atokht,,ih-ohd,,atokht|,
776,he/she is dropping him/her (refers to flexible object),atonht,atonht,ih-ohd,,atonht|atonht,
238,it’s hatching,atsa',atsa',rev-i,,atsa'|atsa',
1576,he/she is inside it,atsa',atsa',stative,,atsa'|atsa',
239,he/she is dressing up,atsan,atsan,vnh-vsk[inf2],,atsan|atsan,
242,he/she is acting like him/her,atsel,atsel,vnh-vsk,,atsel|atsel,
1580,he/she is grinning,atsetst,,stative,,atsetst|,
490,he/she is lying,atsko,atsihsko,vsk-post-v,,atsko|atsihsko,
1585,it’s rattling,atsonat,,stative-h,,atsonat|,
254,he/she is blowing,atsotha,atsotha,sg-h[imp2],,atsotha|atsotha,
489,he/she is taking a bite,atst,atsihst,rev-e,,atst|atsihst,
1507,he/she wants it,atul,,ih-vh,,atul|,
109,he/she is preparing it,atvnv'ihst,atvnv'ihst,ih-ohd,,atvnv'ihst|atvnv'ihst,
1508,he/she is willing,atvnv'ihst,atvnv'ihst,stative,,atvnv'ihst|atvnv'ihst,
544,he/she is performing baptism,aw,aw,o,,aw|aw,
56,he/she is bathing,aw,aw,o,,aw|aw,
979,he/she is bathing him/her,aw,aw,o,,aw|aw,
1258,he/she is breathing,awholat,a'wolat,rev-e,,awholat|a'wolat,
980,he/she is replying,awohil,awo'il,v-vhs,change-out,awohil|awo'il,
223,he/she is swimming (refers to propelling oneself through the water),ayhu',ayu',eg-vs,in,ayhu'|ayu',
63,he/she is being born,e,e,hvsg-hn,,e|e,
746,he/she lives,e,e,stative-h,,e|e,
1710,he/she is aching,ehihstan,,eh-el,,ehihstan|,
752,he/she thinks so,el,el,i-a-i[perf2],,el|el,
993,he/she is howling,elhu,elu,hvsg-hn[inf3],,elhu|elu,
997,he/she is leading it by a leash,elihsin,,eg-vs,,elihsin|,
742,he/she is walking around,et,et,oh-ol-a,,et|et,
165,he/she is leaving it behind,h,',a,leaving,h|',
160,he/she is handling it,h,',oh-ol-a,be-at,h|',
205,he/she is moving it from one place to another,h,',v-vhs,,h|',
1531,he/she is yawning,halhok,,eh-eh,,halhok|,
155,he/she is diverting him/her,halu,'alu,rev-gi,,halu|'alu,
1534,he/she is having trouble breathing,hawohst,'awohst,ih-ohd,,hawohst|'awohst,
158,he/she is smothering him/her,hawohst,'awohst,ih-ohd,,hawohst|'awohst,
1535,there is dew,hihsat,,stative-h,,hihsat|,
1537,it’s lonesome,hihsoht,,stative,,hihsoht|,
1536,he/she is lonesome,hihsohtan,,eh-el,,hihsohtan|,
179,it’s shattering,hkhot,,vnh-vsk,,hkhot|,
180,he/she is shattering it,hkhotht,khotht,ih-ohd,,hkhotht|khotht,
383,he/she is braiding it,hs,hs,oh-ol,spin,hs|hs,
325,he/she is ascending,hsalat,hsalat,i-vka,,hsalat|hsalat,
374,he/she is lifting him/her,hsalat,hsalat,i-vka,,hsalat|hsalat,
373,he/she is setting a trap,hsat,hsat,vsk[imp2],,hsat|hsat,
400,he/she is reprimanding him/her,hska,hska,g-ts[inf3],,hska|hska,
405,he/she is committing a crime,hskanv,hskanv,g-ts[inf3],,hskanv|hskanv,
608,he/she is cursing him/her,hskin,hskin,i-a-i,long,hskin|hskin,
411,he/she is gnawing it,hskok,hskok,i-a-i,,hskok|hskok,
337,he/she is permitting him/her,hskolhtan,hskolhtan,eh-el,,hskolhtan|hskolhtan,
416,it’s fading,hskolv,,g-ts[inf3],,hskolv|,
412,he/she is mourning for him/her,hskon,hskon,hih-hil,,hskon|hskon,
338,he/she is nodding his/her head,hsku,hsku,sg-h-hy,,hsku|hsku,
339,it’s ending,hskw,hskw,i-a-i,long,hskw|hskw,
419,he/she is finishing it,hskw,hskw,i-a-i,long,hskw|hskw,
423,it’s getting shorter,hskwal,hskwal,g-ts[inf3],become-long[o],hskwal|hskwal,
425,he/she is hitting him/her on the head with it (refers to a long object),hskwal,hskwal,ih-il,hitting[il],hskwal|hskwal,
424,he/she is breaking it (refers to a long object),hskwal,hskwal,sg-s-a[inf2],,hskwal|hskwal,
421,he/she is catching him/her (refers to a falling person or object),hskwalh,hskwalh,rev-e,,hskwalh|hskwalh,
340,he/she is sticking his/her head out,hskwalut,hskwalut,i-vka,,hskwalut|hskwalut,
1621,he/she is sticking his/her head out,hskwalut,hskwalut,stative,,hskwalut|hskwalut,
427,he/she is amazed,hskwaniko,hskwaniko,sg-s-hi-hihst,,hskwaniko|hskwaniko,
341,he/she is taking his/her hat off,hskwethuh,hskwethuh,rev-gi,,hskwethuh|hskwethuh,
1622,he/she is wearing a hat,hskwethuh,hskwethuh,stative-k,,hskwethuh|hskwethuh,
429,he/she is hitting him/her on the abdomen with it (refers to a long object),hskwohal,hskwohal,ih-il,hitting[il],hskwohal|hskwohal,
436,he/she is roping him/her,hslh,hslh,i-a-i,long,hslh|hslh,
344,he/she is setting a goal,hsohst,hsohst,ih-ohd,,hsohst|hsohst,
594,he/she is aiming at him/her,hsohst,hsohst,ih-ohd,,hsohst|hsohst,
441,he/she is wounding him/her,hson,hson,vnh-vsk[inf4],,hson|hson,
386,he/she is crushing it,hst,hst,o,,hst|hst,
377,he/she is making it crisp,hstakayht,hstakayht,ih-ohd,,hstakayht|hstakayht,
378,it’s becoming crisp,hstakayv,,hih-lh,,hstakayv|,
1616,it’s happening to him,hstanh,,eh-el[imp2],,hstanh|,
380,he/she is drawing a line,hstanvn,hstanvn,hvsg-han,,hstanvn|hstanvn,
381,he/she is following him/her,hstawat,hstawat,eg-vs,,hstawat|hstawat,
327,he/she is eating a meal,hstay,hstay,vhvsg,,hstay|hstay,
48,he/she is cooking a meal,hstay,hstay,vhvsg,,hstay|hstay,
604,he/she is shooting at him/her,hstayo,hstayo,hih-lh[imp2],,hstayo|hstayo,
329,he/she is helping,hstel,hstel,ih-vh,,hstel|hstel,
382,he/she is helping him/her,hstel,hstel,ih-vh,,hstel|hstel,
384,he/she is eating it (refers to a long object),hstik,hstik,i-a-i,,hstik|hstik,
605,he/she is splitting it,hstlu,hstlu,sg-h-hy,,hstlu|hstlu,
388,he/she is trimming it (refers to hair‚ grass‚ hedge; but not paper‚ cloth),hstoy,hstoy,eh-a,,hstoy|hstoy,
390,he/she is opening it,hstu,hstu,rev-'i,,hstu|hstu,
331,he/she is washing his/her hair,hstul,hstul,eh-a,,hstul|hstul,
332,he/she is putting on a cap,hstul,hstul,i-vka,,hstul|hstul,
330,he/she is taking off his/her cap,hstul,hstul,rev-e,,hstul|hstul,
1618,he/she is wearing a cap,hstul,hstul,stative,,hstul|hstul,
606,he/she is sprinkling it (with liquid),hstutl,hstutl,i-a-i,,hstutl|hstutl,
392,he/she is sandwiching it,hstvhal,hstvhal,hvsg-han,,hstvhal|hstvhal,
334,he/she is taking a seat,hstvl,hstvl,husg,,hstvl|hstvl,
449,he/she is quitting,hsuli,hsuli,go-gots,,hsuli|hsuli,
445,he/she is painting it,hsuwh,hsuwh,i-a-ihsk,,hsuwh|hsuwh,
455,it smells,hsv,hsv,g-ts,,hsv|hsv,
459,he/she is drinking it up,hsv,hsv,ohvsg-no-o,,hsv|hsv-drink-up,x
345,he/she is smelling it (refers to sniffing),hsvhst,hsvhst,ih-ohd,,hsvhst|hsvhst,
612,he/she is scheduling a time,hsvhst,hsvhst,ih-ohd,,hsvhst|hsvhst,
555,he/she is jumping,hthat,that,eg-invs,,hthat|that,
183,he/she is combing his/her hair,hthaw,thaw,o,,hthaw|thaw,
185,he/she is moving (without changing location),hthel,thel,vhvsg,,hthel|thel,
177,he/she is preaching,htsato,tsato,hvsg-hn[inf2],,htsato|tsato,
200,he/she is putting it in liquid (refers to a long object),hu,'u,i-a-i,long[no-a],hu|'u,
204,he/she is hitting him/her on the mouth,hul,'ul,ih-il,hitting[il],hul|'ul,
561,he/she is putting fuel into a fire (refers to solid fuel),hvt,'vt,hvsg-han,,hvt|'vt,
127,he/she is eating it (refers to a single solid food),k,k,i-a-i,,k|k,
115,he/she is licking it,kana,kana,i-a-i,long[no-a],kana|kana,
117,he/she is warming it,kanawht,kanawot,ih-ohd,,kanawht|kanawot,
118,it’s getting warm,kanawo,,sg-s-hi-hihst,,kanawo|,
1514,he/she is becoming warm,kanawo,,sg-s-hi-hihst,,kanawo|,
1451,he/she loves,keyu,keyu,stative-s,,keyu|keyu,
1516,he/she is possessive of him/her,keyu,keyu,stative-s,,keyu|keyu,
27,he/she is looking at himself/herself in a mirror,kh,kh,eh-eh,,kh|kh,
565,he/she is tying it,khane,kane,hih-lh,,khane|kane,
566,he/she is untying it,khaneyh,kaneyh,ih-vh[inf2],,khaneyh|kaneyh,
567,he/she is looking after him/her,khanowat,kanowat,oh-ol-a,be-at,khanowat|kanowat,
259,he/she is chasing him/her,kheh,kheh,eg-vs,,kheh|kheh,
568,he/she is becoming blind,khewa,'kewa,g-ts[inf2],,khewa|'kewa,
263,he/she is swallowing it,khi,'ki,sg-s-hi-hihst,,khi|'ki,
266,he/she is shovelling it,khot,khot,rev-e,,khot|khot,
270,he/she is going down-hill,khso,kahso,sg-s-hi-hihst,,khso|kahso,
728,he/she is vomiting,khst,,ih-ohd,,khst|,
571,he/she is making smoke,khsvhst,kahsvhst,ih-ohd,,khsvhst|kahsvhst,
278,he/she is hitting him/her on the eye,khth,kath,hvsg-hn,hit-on[no-t],khth|kath,
1765,he/she is heading in the direction of,khth,kath,stative,,khth|kath,
273,he/she knows how,khtha,katha,stative-h,,khtha|katha,
280,he/she is looking around,khthen,kathen,oh-ol[inf3],,khthen|kathen,
574,he/she is attacking him/her,khthil,kathil,eg-vs,,khthil|kathil,
290,he/she is going through it,khthvle,kathvle,sg-s-hi-hihst,,khthvle|kathvle,
577,he/she is shelling corn,khtlh,katlh,ih-vh[inf2],,khtlh|katlh,
291,he/she is dipping liquid,khu,'ku,rev-gi,,khu|'ku,
1597,it’s foggy,khvhat,,stative,,khvhat|,
133,he/she is chewing it,kihst,kihst,o,,kihst|kihst,
130,he/she is in agony,kilhiyo,kiliyo,g-ts,,kilhiyo|kiliyo,
1524,it’s decaying,ko,,sg-s-hi-hihst,,ko|,
138,he/she is reading,koliy,koliy,e-a,,koliy|koliy,
1523,he/she is late,konhiy,,g-ts,become-long[o],konhiy|,
145,he/she is showing it to him/her,kowhthvht,kowhthvht,ih-ohd,,kowhthvht|kowhthvht,
148,he/she is cutting it,kvhal,kv'al,ih-vh,,kvhal|kv'al,
149,he/she is chopping it up,kvhaluy,kv'aluy,sg-h,,kvhaluy|kv'aluy,
152,he/she is scolding him/her,kvhskol,kvhskol,vsk[imp2],,kvhskol|kvhskol,
550,he/she is setting a price,kvwalht,kvwalot,ih-ohd,,kvwalht|kvwalot,
76,he/she is spinning,kwalv,kwalv,oh-ol[inf2],spin,kwalv|kwalv,
725,he/she is getting a rash,kwenothi,,sg-s-hst[imp2],,kwenothi|,
578,he/she is snoring,kwhala,kwhala,rev-gi,,kwhala|kwhala,
1599,he/she is not having luck at hunting,kwhol,,eg-vs,,kwhol|,
864,he/she is beating him/her up,l,l,hih-hil,hitting[hil],l|l,
811,he/she is putting it in a hole or a container,l,l,hvsg-han,,l|l,
830,he/she is putting it in a container (refers to a long object),l,l,i-a-i,long,l|l,
833,he/she is taking it out of a container (refers to a solid or flexible object),l,l,rev-e,,l|l,
870,he/she is putting it in a hole or a container (refers to a flexible object),l,l,vsk[imp2],,l|l,
85,he/she is scratching,lako,lako,sg-s-la,,lako|lako,
1483,there’s an opening,lanvt,,stative,,lanvt|,
29,it’s beginning,len,,ih-vh,,len|,
837,he/she is burning,leyv,leyv,sg-s-hi-hihst,,leyv|leyv,
838,it is falling from an upright position (refers to a long object eg tree‚ pole),leyv,leyv,sg-s-hi-hihst,,leyv|leyv,
726,he/she has horns,lh,'l,stative-k,,lh|'l,
812,he/she is sleepy,lh,'l,vnh-vsk[inf3],,lh|'l,
166,he/she is placing it on something,lha,lha,hvsg-hn[inf4],,lha|lha,
630,he/she is turning him/her over,lhihkwat,lihkwat,eg-invs,,lhihkwat|lihkwat,
366,they are asleep (refers to more than two),lhin,,stative,,lhin|,
182,he/she is beating him/her at a game,lho,lho,sg-s-hi-hihst,,lho|lho,
798,he/she is putting it into a container,lht,lot,ih-ohd,,lht|lot,
1604,he/she is making a mistake,litahst,,ih-ohd,,litahst|,
842,it is dying (refers to an animal or plant),liwho,liwo,g-ts,,liwho|liwo,
1612,he/she is whining,liyet,,ih-ohd,,liyet|,
722,he/she is confronted with it,lo,lo,sg-s-hi-hihst,,lo|lo,
856,he/she is passing by without stopping,lo,lo,sg-s-hi-hihst,,lo|lo,
857,he/she is falling from an elevated position,lo,lo,sg-s-hi-hihst,,lo|lo,
850,he/she is overtaking him/her,lohihs,lo'ihs,eh-el[imp2],,lohihs|lo'ihs,
848,he/she is stopping by (where on the way somewhere),lohihst,lo'ihst,ih-ohd,,lohihst|lo'ihst,
845,he/she is hoeing it,lok,lok,i-vka,,lok|lok,
1614,it’s cloudy,lokil,,stative,,lokil|,
853,he/she is oiling it,lon,lon,e-a,,lon|lon,
852,he/she is bluffing him/her,lonahst,lonahst,ih-ohd,,lonahst|lonahst,
854,he/she is making him/her fall from an elevated position,lonht,lonht,ih-ohd,,lonht|lonht,
855,he/she is cheating,lonu,lonu,eh-hehl,,lonu|lonu,
859,it’s lacking,lulo,lulo,g-ts,,lulo|lulo,
862,he/she is chopping it,luy,luy,sg-h,,luy|luy,
1627,he/she likes him/her,lvkwht,lvkwot,stative,,lvkwht|lvkwot,
620,he/she is slamming him/her,lvtvnihst,lvtvnihst,ih-ohd,,lvtvnihst|lvtvnihst,
735,he/she is working,lvwhihstan,,eh-el,,lvwhihstan|,
879,he/she is getting it (refers to a flexible object),n,n,rev-e,,n|n,
1629,he/she has an object (refers to a flexible object),n,n,stative-a',,n|n,
1776,he/she is sending it (refers to a flexible object),n,n,vsk-long[imp2],,n|n,
356,it’s lightning,nakal,,ih-vh,,nakal|,
873,he/she is hiring him/her,nalh,nalh,vsk[imp2],,nalh|nalh,
871,he/she is selling it,nat,nat,eg-invs,,nat|nat,
621,he/she is crossing (refers to a road‚ bridge‚ etc.),natiw,natiw,sg-s-hi-hihst,,natiw|natiw,
876,he/she is finding it (refers to a flexible object),nawhth,nawhth,ih-vh[inf2],,nawhth|nawhth,
877,he/she is taking it somewhere (refers to an animal‚ flexible object),nawit,nawit,ih-vh,,nawit|nawit,
1642,he/she has a liquid,ne,ne,hvsg-hn,,ne|ne,
1775,he/she is sending it (refers to something liquid),ne,ne,hvsg-hn,,ne|ne,
884,he/she is getting some liquid,ne,ne,rev-gi,,ne|ne,
888,he/she is leaving some liquid,neh,ne',a,leaving,neh|ne',
896,it’s hailing,nehsoy,,sg-s-a[inf2],,nehsoy|,
895,it’s freezing,nehstal,nehstal,i-a-i,long,nehstal|nehstal,
883,he/she is peeling him/her,nekal,nekal,ih-vh,,nekal|nekal,
885,he/she is taking liquid from him/her,neki',neki',eh-el,,neki'|neki',
1459,it’s wrinkled,nekoyu,,stative-s,,nekoyu|,
886,he/she is bewitching him/her,neku,neku,i-a-i,long[no-a],neku|neku,
1639,he/she is being mean,nekuts,,stative,,nekuts|,
893,he/she lives (in sense of resides now),nel,nel,stative,,nel|nel,
33,he/she is changing,netl,netl,v-vhs,change-out,netl|netl,
880,he/she is changing it,netl,netl,v-vhs,change-out,netl|netl,
34,he/she is taking turns with him/her,netliyvhst,netliyvhst,ih-ohd,,netliyvhst|netliyvhst,
890,he/she is finding some liquid,newhahth,newahth,ih-vh[inf2],,newhahth|newahth,
891,he/she is taking some liquid somewhere,newhit,newit,ih-vh,,newhit|newit,
813,he/she is taking it somewhere by hand (refers to a flexible object),nh,'n,eg-vs,,nh|'n,
815,he/she is handling it (refers to a flexible object),nh,'n,oh-ol-a,be-at,nh|'n,
899,he/she is lying down,nh,nv,stative-k,,nh|nv,
1548,he/she is stubbing his/her toe,nhahskwal,,o,,nhahskwal|,
1221,he/she is ascending an incline,nhalu,nalu,sg-s-hi-hihst,,nhalu|nalu,
1544,he/she is becoming angry,nhalv,,g-ts[inf2],,nhalv|,
1545,he/she is angry,nhalv,,stative-s,,nhalv|,
1224,he/she is making him/her angry,nhalvhst,nalvhst,ih-ohd,,nhalvhst|nalvhst,
1551,he/she has a chill,nhawahst,,ih-ohd,,nhawahst|,
1229,he/she is cold,nhawo,nawo,g-ts,,nhawo|nawo,
1230,he/she is speaking,nhe,ne,g-ts,,nhe|ne,
1234,he/she is mentioning it,nhe'ihst,ne'ihst,ih-ohd,,nhe'ihst|ne'ihst,
1232,he/she is accumulating it,nhehkw,nehkw,o,,nhehkw|nehkw,
1233,it’s accumulating,nhehkwo,,g-ts[inf2],,nhehkwo|,
541,he/she is conjuring,nhehs,nehs,e-aka,,nhehs|nehs,
1236,he/she is contaminating it (refers to contaminated by visible foreign matter),nhehsal,nehsal,hvsg-han,,nhehsal|nehsal,
1235,it’s contaminated (refers to contaminated by visible foreign matter),nhehsal,nehsal,stative-h,,nhehsal|nehsal,
1231,he/she is prying it,nhekwat,nekwat,ih-vh,,nhekwat|nekwat,
1241,he/she is collecting from him/her,nhil,nil,hvsg-han,,nhil|nil,
901,he/she is agitating liquid,nhkwa',nhkwa',eh-eh,,nhkwa'|nhkwa',
1246,he/she is telling it,nho,no,eh-hehl,,nho|no,
554,he/she is conversing,nho,no,eh-hehl,,nho|no,
631,he/she is singing,nho,no,rev-gi,,nho|no,
1247,he/she is omitting him/her,nhoh,noh,a,leaving,nhoh|noh,
1249,he/she is fanning him/her,nhoy,noy,eh-eh,,nhoy|noy,
16,he/she is fanning himself/herself,nhoy,noy,eh-eh,,nhoy|noy,
931,he/she is dragging him/her,nhs,nahs,eg-vs,in,nhs|nahs,
929,he/she is pulling him/her,nhsan,nahsan,rev-e,,nhsan|nahsan,
43,he/she is crawling,nhsin,nahsin,eg-vs[pres2],,nhsin|nahsin,
902,he/she is taking a liquid somewhere by hand,nhts,nvts,eg-vs,,nhts|nvts,
904,he/she is handling some liquid,nhts,nvts,oh-ol-a,be-at,nhts|nvts,
903,he/she is holding some liquid,nhts,nvts,stative-eh,,nhts|nvts,
632,he/she is clawing him/her,nhuko,nuko,sg-s-la,,nhuko|nuko,
1254,he/she is straining it,nhvhsolvhst,nvhsolvhst,ih-ohd,,nhvhsolvhst|nvhsolvhst,
1256,he/she is curing him/her,nhvw,nvw,i-vka,,nhvw|nvw,
909,he/she hates him/her,nikwat,nikwat,hih-hilh,,nikwat|nikwat,
913,he/she is pleading,nilat,nilat,i-a-i,,nilat|nilat,
910,he/she is setting up a bed,nilh,nilh,i-a-i,long,nilh|nilh,
918,he/she is hunting,nohal,no'al,oh-ol-a,be-at,nohal|no'al,
925,he/she is stealing it,nohs,nohs,rev-gi,,nohs|nohs,
921,it’s flooding,nohuk,,i-vka,,nohuk|,
924,it is blowing (refers to wind),nol,,vsk-long,,nol|,
622,he/she is advertising it,notsal,notsal,hvsg-han,,notsal|notsal,
928,he/she is sinking,noyv,noyv,g-ts[inf2],,noyv|noyv,
932,he/she is exiting,nu,nu,go-gots,,nu|nu,
44,it’s twisting,nuthey,nuthey,oh-ol,,nuthey|nuthey,
937,he/she is twisting him/her,nuthey,nuthey,oh-ol[inf3],,nuthey|nuthey,
940,he/she is falling from an upright position,nv,nv,g-ts[inf2],,nv|nv,
938,he/she is missing him/her (refers to as a target),nv,nv,i-a-i,long[no-a],nv|nv,
941,he/she is cleaning him/her,nvkal,nvkal,ih-vh,,nvkal|nvkal,
942,he/she is hammering it,nvkwal,nvkwal,o,,nvkwal|nvkwal,
946,he/she is tying up a leg,nvlho,nvlho,hih-lh,,nvlho|nvlho,
950,he/she is giving him/her an object (refers to a flexible object),nvn,nvn,eh-el,,nvn|nvn,
543,he/she is dodging,nvtihst,nvtihst,ih-ohd,,nvtihst|nvtihst,
949,he/she is tossing about,nvts,nvts,oh-ol-a,be-at,nvts|nvts,
723,he/she is called,o',,stative,,o'|,
1014,he/she is leading him/her by the hand,oh,o',eg-vs,in,oh|o',
1015,he/she is agreeing with him/her,ohiyhtan,o'iyhtan,eh-el,,ohiyhtan|o'iyhtan,
1729,he/she is confident,ohiyu,,stative-s,,ohiyu|,
1024,it’s falling (refers to a round‚ long object),oho,o'o,sg-s-hi-hihst,,oho|o'o,
1023,he/she is making it fall (refers to a round‚ long object),ohonht,o'onht,ih-ohd,,ohonht|o'onht,
1040,he/she is saying to him/her,ohs,ohs,eh-el[imp2],,ohs|ohs,
625,he/she is explaining it (refers to a Biblical text),ohs,ohs,ih-ohd[perf2],iterative,ohs|ohs,
1038,he/she is batting it,ohst,ohst,ih-il,hitting[il],ohst|ohst,
1017,he/she is recognizing him/her,ol,oli,hg-hts,,ol|oli,
1018,he/she understands it,ol,oli,hg-hts,,ol|oli,
1730,he/she is sitting,ol,oli,stative-h,,ol|oli,
1022,he/she is making it,olh,olh,vnh-vsk[inf3],,olh|olh,
1021,he/she is getting full,olhv,olv,sg-s-hi-hihst,,olhv|olv,
1043,he/she is building a fire,ot,ot,hvsg-han,,ot|ot,
1041,it’s swelling,othi,othi,sg-s-hi-hihst,,othi|othi,
1030,he/she is pulling a trigger,otsan,otsan,rev-e,,otsan|otsan,
1027,he/she is writing it,owhel,owel,i-vka,,owhel|owel,
59,he/she is giving him/her it (refers to a long object),t,t,eh-el[imp3],,t|t,
464,he/she is mooring a boat,thal,thal,i-a-i,long,thal|thal,
1684,he/she is becoming enraged,thalhawo,,sg-s-hi-hihst,,thalhawo|,
467,it’s steaming,thanol,,eg-vs,,thanol|,
1683,he/she is thirsty,thatek,,i-vka,,thatek|,
472,he/she is kissing him/her,thaweto,taweto,vsk-post-v,,thaweto|taweto,
474,he/she is asking for it,thayo,thayo,hih-lh[imp2],,thayo|thayo,
477,he/she is shaking him/her,thel,thel,vhvsg[imp2],,thel|thel,
488,it’s flashing (refers to reflected light),thoyaw,,sg-s-a[inf2],,thoyaw|,
493,he/she is promising,thu'ihst,thu'ihst,ih-ohd,,thu'ihst|thu'ihst,
80,he/she is leaving it behind (refers to a long object),tihs,tihs,a,leaving,tihs|tihs,
95,he/she is drawing a liquid out of a container,tl,tl,ih-vh[inf2],,tl|tl,
94,it’s pouring into a container (refers to liquid),tli,,g-ts[inf3],,tli|,
96,he/she is pouring a liquid into a container,tlihst,tlihst,ih-ohd,,tlihst|tlihst,
772,he/she is standing,to,to,stative-k,,to|to,
365,they are standing (refers to a congregation),ton,,stative-a',,ton|,
253,he/she is lighting a fire,tsihsl,tsihsl,hvsg-han[inf2],,tsihsl|tsihsl,
250,it’s blooming,tsil,,vnh-vsk,,tsil|,
255,he/she is turning on a light,tsvhst,tsvhst,hvsg-han[inf2],,tsvhst|tsvhst,
1056,he/she is putting it in water,u,u,hvsg-hn,,u|u,
1505,he/she is standing in liquid,u,u,hvsg-hn,,u|u,
1052,he/she is washing it,uh,u',o,repetitive,uh|u',
1050,he/she is putting a handle on a tool,uhal,u'al,hvsg-han,,uhal|u'al,
1053,he/she is accusing him/her,uhihst,u'ihst,ih-ohd,,uhihst|u'ihst,
626,he/she is deciding,ukht,ukot,ih-ohd,,ukht|ukot,
1055,he/she is covering it,ulh,ulh,vsk[imp2],,ulh|ulh,
1044,he/she is unhitching him/her,utal,utal,rev-e,,utal|utal,
1045,he/she is hitching him/her up,utal,utal,vsk[imp2],,utal|utal,
1061,it’s snowing,uth,uth,ih-ohd[perf2],,uth|uth,
1060,he/she is picking him/her up,uth,uth,rev-e,,uth|uth,
1083,he/she is hiding it,vhskal,vhskal,hvsg-han,,vhskal|vhskal,
1480,he/she is in hiding,vhskal,vhskal,hvsg-han,,vhskal|vhskal,
79,he/she is hiding,vhskal,vhskal,hvsg-han,,vhskal|vhskal,
1084,he/she is hiding it (refers to a long object),vhskal,vhskal,i-a-i,long,vhskal|vhskal,
1085,he/she is hiding him/her (refers to a flexible object),vhskal,vhskal,vsk[imp2],,vhskal|vhskal,
1086,he/she is cracking it,vhskwal,vhskwal,o,,vhskwal|vhskwal,
1698,he/she is forgetting it,vkhew,,sg-s-a,,vkhew|,
1064,it’s leaking,vku,,sg-s-hst,,vku|,
1063,he/she is sifting it,vkuhst,vkuhst,ih-ohd,,vkuhst|vkuhst,
1082,it’s becoming done (refers to by cooking),vn,vn,sg-s-hi-hihst,,vn|vn,
1067,he/she is alive,vn,vn,stative-h,,vn|vn,
1078,he/she is melting it,vnawht,vnawot,ih-ohd,,vnawht|vnawot,
1079,it’s melting,vnawo,vnawo,sg-s-hi-hihst,,vnawo|vnawo,
107,he/she is acting silly,vnel,vnel,vnh-ih-a,,vnel|vnel,
1071,he/she is cooking it (refers to a specific food),vnhihst,vnihst,ih-ohd,,vnhihst|vnihst,
1309,he/she is putting it on,vnht,vnht,ih-ohd,,vnht|vnht,
1308,he/she is taking it off,vnht,vnht,rev-e,,vnht|vnht,
1323,he/she has something on (refers to objects),vnht,vnht,stative,,vnht|vnht,
1081,he/she is sweeping it,vnohsa,vnohsa,sg-h[imp2],,vnohsa|vnohsa,
1704,he/she is in a hurry,vnv,,stative-k,,vnv|,
1087,he/she is putting it into a fire,vt,vt,hvsg-han,,vt|vt,
628,he/she is shelling (refers to peas‚ nut meats‚ etc),vthoh,vthoh,rev-i,,vthoh|vthoh,
627,he/she is washing (refers to dishes),vtiy,vtiy,e-a,,vtiy|vtiy,
1076,he/she is frying it,vtsal,vtsal,hvsg-han,,vtsal|vtsal,
1088,he/she is soaking it (refers to a flexible object),vwal,vwal,hvsg-han,,vwal|vwal,
1709,he/she has an object (refers to a long object),vy,,stative,,vy|,
54,he/she is resting,wehsolvhst,wehsolvhst,ih-ohd,,wehsolvhst|wehsolvhst,
1561,he/she is buying it,wha,,sg-s-hi-hihst,,wha|,
207,he/she is finding him/her,whahth,wahth,ih-vh[inf2],,whahth|wahth,
18,he/she is visiting,whahthvh,wahthvh,oh-ol-a,be-at,whahthvh|wahthvh,
208,he/she is visiting him/her,whahthvh,wahthvh,oh-ol-a,be-at,whahthvh|wahthvh,
210,he/she is planting it,whi,wi,sg-s-hst,,whi|wi,
983,he/she is speaking,won,won,ih-ihi,,won|won,
981,he/she is lecturing him/her,wonht,wonht,ih-ohd,,wonht|wonht,
513,he/she is getting it (refers to a long object),y,y,ih-vh,,y|y,
1563,he/she is looking for it,y,y,oh-al,,y|y,
222,he/she is looking for him/her,y,y,oh-al,,y|y,
502,he/she is inside,y,y,stative-a',,y|y,
739,he/she is tired,yawe,,g-ts,,yawe|,
507,he/she is waking up,ye,ye,g-ts[inf2],,ye|ye,
509,he/she is waking him/her up,ye'ihst,ye'ihst,ih-ohd,,ye'ihst|ye'ihst,
322,he/she is putting a ring on his/her finger,yehsuhst,yehsuhst,hvsg-han[inf2],,yehsuhst|yehsuhst,
320,he/she is taking his/her ring off,yehsuhsth,yehsuhsth,rev-gi,,yehsuhsth|yehsuhsth,
1613,he/she is wearing a ring,yehsuhsth,yehsuhsth,stative-k,,yehsuhsth|yehsuhsth,
590,he/she is putting on his/her gloves,yehsul,yehsul,i-vka,,yehsul|yehsul,
589,he/she is taking off his/her gloves,yehsul,yehsul,rev-e,,yehsul|yehsul,
216,he/she is taking it somewhere by hand,yh,y,eg-vs,,yh|y,
217,he/she is holding it in his/her hand,yh,y,stative-eh,,yh|y,
19,he/she is stretching,yhahst,yahst,ih-ohd,,yhahst|yahst,
215,he/she is calling him/her,yhan,yan,ih-vh,,yhan|yan,
218,he/she is quilting it,yhehkal,yehkal,hvsg-han,,yhehkal|yehkal,
220,he/she is imitating him/her,yhel,yel,i-a-i[perf2],,yhel|yel,
219,he/she is making an incision,yhel,yel,oh-al[imp2],,yhel|yel,
1564,he/she is afloat,yholu,,stative-s,,yholu|,
511,he/she is putting him/her inside (refers to somewhere large enough to move around in),yht,yvt,ih-ohd,,yht|yvt,
175,it’s bending,yhvhkwit,yvhkwit,vsk,,yhvhkwit|yvhkwit,
228,he/she is bending it,yhvhkwit,yvhkwit,vsk[imp2],,yhvhkwit|yvhkwit,
233,he/she is hitting him/her on the nose,yhvhs,yvhs,hvsg-hn,hit-on[t],yhvhs|yvhs,
176,he/she is snorting,yhvhsanawhst,yvhsanawhst,ih-ohd,,yhvhsanawhst|yvhsanawhst,
234,he/she is choking him/her,yhvhskiy,yvhskiy,ih-vh,,yhvhskiy|yvhskiy,
1572,he/she is getting drunk,yhvhst,,e-aka,,yhvhst|,
727,he/she is sneezing,yhvhstoy,,sg-h,,yhvhstoy|,
562,he/she is tickling him/her,yhvk,yvk,i-a-i,,yhvk|yvk,
232,he/she is capturing him/her,yhvkhi,yvkhi,i-a-i,long[no-a],yhvkhi|yvkhi,
224,it’s thundering,yhvtakwal,,o,,yhvtakwal|,
1569,it is cold (refers to weather),yhvtl,,stative,,yhvtl|,
515,it’s breaking,yo,yo,g-ts[inf3],,yo|yo-break,x
516,he/she is shooting him/her,yo,yo,hih-lh[imp2],,yo|yo-shoot,x
545,he/she is giving up,yo,yo,sg-s-hi-hihst,,yo|yo,
618,he/she is releasing him/her,yo,yo,sg-s-hi-hihst,,yo|yo,
740,he/she is releasing it (refers to voluntarily releasing),yo,yo,sg-s-hi-hihst,,yo|yo,
733,he/she is wearing socks,yo,yo,stative-h,,yo|yo,
524,he/she is breaking it,yohst,yohst,ih-ohd,,yohst|yohst,
526,he/she is destroying it,yohsthan,yohsthan,ohvsg,,yohsthan|yohsthan,
521,he/she is dying (refers to a human),yohu,yo'u,sg-s-hi-hihst,,yohu|yo'u,
1741,he/she is losing it,yohuhs,,eh-el[imp2],,yohuhs|,
519,he/she is whittling it,yol,yol,hvsg-han[inf2],,yol|yol,
523,he/she is greeting him/her,yol,yol,ih-il,,yol|yol,
529,he/she is entering it,yv,yv,hih-lh[imp2],,yv|yv,
1470,it’s in view,yvlat,,hvsg-han,,yvlat|,
530,he/she is finding it (refers to a long object),yvwhahth,yvwahth,ih-vh[inf2],,yvwhahth|yvwahth,
531,he/she is taking it somewhere (refers to a long object),yvwhit,yvwit,ih-vh,,yvwhit|yvwit,
