definition,3rd present,1st present,3rd completive past,3rd incompletive habitual,2nd imperative,3rd infinitive,
he's putting on his socks,da1li23yo3hi.2a,de2ga3li23yo.3?i.2ha,du1li23yo3hlv23?i,da1li23yo3hi.2ho3?i,ta2li3yo2ga,ju2li23yo3sdi,
he's taking a drink (alcoholic beverage),a.1tu23gi.3a,ga.?2du23gi.3?a,u1tu23gi32sv23?i,a1tu23gi32sgo3?i,ha.2tu23gi,u2tu23gi32sdi,
he thinks so,e1li.3a,ge2li.3?a,u1we2li32sv23?i,e1li32sgo3?i,he23la,u.2we2li1sdi,
"he's catching a falling person, object",a1sgwa32hle.2?a,ji1sgwa32hle.2?a,u1sgwa32hle1sv23?i,a1sgwa32hle1sgo3?i,hi1sgwa1hla.2gi,u2sgwa1hle1sdi,
"1. he's saying it  2. it's barking, meowing, whinnying, cooing, etc",ni.2ga.2we.2?a,ni.2ji.2we.2?a,nu1we1sv23?i,ni.2ga.2we1sgo3?i,hni.3wi,i.2yu3we1sdi,
it's hatching,a1ja.3?i.2?a,ga.2ja.3?i.2?a,u1ja.3?i1sv23?i,a1ja.3?i1sgo3?i,ha.2ja.2?i,u2ja.2?i1sdi,
he's opening it,a1sdu.3?i.2?a,ji1sdu.3?i.2?a,u1sdu.3?i1sv23?i,a1sdu.3?i1sgo3?i,hi.2sdu.2?i,u2sdu.2?i1sdi,
it's freezing,ga.2ne23sda.3la.2di.2?a,ji.2ne23sda.3la.2di.2?a,u1ne23sda.3la.2dv23?i,ga.2ne23sda.3la.2di1sgo3?i,hi.2ne2sda.2la.2da,u2ne23sda.3la.2di1sdi,
he's getting married,a1ne23la.3di.2?a,ga2ne23la.3di.2?a,u1ne23la.3dv23?i,a1ne23la.3di1sgo3?i,ha2ne2la.2da,u2ne23la.3di1sdi,
1. he's pleading 2. he's urging,ga.2ni23la.3di.2?a,ji.2ni23la.3di.2?a,u1ni23la.3dv23?i,ga.2ni23la.3di1sgo3?i,hi.2ni2la.2da,u2ni23la.3di1sdi,
he's capturing him,a1hyv23ki3di.2?a,ji1yv23ki3di.2?a,u1hyv23ki3dv23?i,a1hyv23ki3di1sgo3?i,hi1yv2ki23da,u2hyv23ki3di1sdi,
he's bewitching him,ga.2ne23gu3di.2?a,ji2ne23gu3di.2?a,u1ne23gu3dv23?i,ga.2ne23gu3di1sgo3?i,hi2ne2gu23da,u2ne23gu3di1sdi,
it's burning (flames),a1da.2we23la.3gi.2?a,ga.2da.2we23la.3gi.2?a,u1da.2we23la.3gv23?i,a1da.2we23la.3gi1sgo3?i,ha.2da.2we2la.2ga,u2da.2we23la.3gi1sdi,
he's taking off his socks,da1li23yo3gi.2?a,de2ga3li23yo3gi.2?a,du1li23yo3gi1sv23?i,da1li23yo3gi1sgo3?i,ta2li3yo2gi,ju2li23yo3gi1sdi,
he's chewing it,a1gi32sdo.2?a,ji.2gi23sdo.2?a,u1gi32sdo.2?v23?i,a1gi32sdo1sgo3?i,hi.2gi1sdo23ja,u2gi1sdo1sdi,
1. he's pondering it  2. he's considering,a1danh2te23hi3lo.2?a,ga.2da2nv1te23hi3lo.2?a,u1danh2te23hi3lo.2?v23?i,a1danh2te23hi2lo1sgo3?i,ha.2danh2te2hi2lo23ja,u2danh2te2hi2lo1sdi,
he's taking a step,a1la32sgv.2?a,ga.2la32sgv.2?a,u1la32sgv1sv23?i,a1la32sgv1sgo3?i,ha.2la1sgv23na,u2la1sgv1sdi,
he's replying,ga.2wo23hi.3li2yv.2?a,ga.2wo3?i.2li23yv.3?a,u1wo23hi.3li2yv1sv23?i,ga.2wo23hi.3li2yv1sgo3?i,ha.2wo2hi.2li2yv23na,u2wo23hi.3li2yv1sdi,
"he, it's changing",a1da.2ne23dli3yv.2?a,ga.2da.2ne23dli3yv.3?a,u1da.2ne23dli3yv1sv23?i,a1da.2ne23dli3yv1sgo3?i,ha.2da.2ne2dli3yv1na,u2da.2ne23dli3yv1sdi,
he's changing it,ga.2ne23dli3yv.2?a,ji.2ne23dli3yv.2?a,u1ne23dli3yv.1sv23?i,ga.2ne23dli3yv1sgo3?i,hi.2ne2dli2yv23na,u2ne23dli2yv23sdi,
he's erasing it,a1sgo23lv3di2?a,ji1sgo23lv3di.2?a,u1sgo23lv3dv23?i,a1sgo23lv3di1sgo3?i,hi.2sgo2lv23da,u2sgo23lv3di1sdi,
"he, it's moving from one place to another",a1da.?3nv2?a,ga.2da.?3nv.2?a,u1da.?3nv1sv23?i,a1da.?3nv2sgo3?i,ha.2da.?2nv23na,u2da.?2nv1sdi,
"he's learning, he's learning it",a1de2hloh2gwa.3?a,ga.2de1loh2gwa.3?a,u1de2hloh2gwa.3?v23?i,a1dehloh2gwa32sgo3?i,ha.2de2hloh2gwa,u2de2hloh2gwa1sdi,
he's leaving it behind,a1hi2ya.3?a,ji.2?i2ya.3?a,u1hi3yv23?i,a1hi2ya32sgo3?i,hi.2hi23ya,u2hi34ya32sdi,
he's leaving a living thing behind,ga2ka.2hi2ya.3?a,ji2ya1ka.2hi2ya.3?a,u1wa2ka.2hi3yv23?i,ga2ka.2hi2ya32sgo3?i,hi2ya1ka.2hi23ya,u2wa2ka.2hi23ya32sdi,
he's leaving it (flexible),ga.?3ni2ya.3?a,ji.?3ni2ya3?a,u1ni3yv23?i,ga.?3ni2ya32sgo3?i,hi.?2ni23ya,u2ni23ya32sdi,
he's leaving a long object behind,a1di32si2ya.3?a,ji.2di32si2ya.3?a,u1di32si2yv23?i,a1di23si2ya32sgo3?i,hi.2di1si23ya,u2di1si23ya32sdi,
he's scattering it,a1di2ga.2le23ya.3?a,ga.2di2ga.2le23ya.3?a,u1di2ga.2le3yv23?i,a1di2ga.2le23ya32sgo3?i,ha.2di2ga.2le23ya,u2di2ga.2le23ya32sdi,
1. he's racing 2. he's running for office,a1toh2gi23ya.3?a,ga1toh2gi23ya.3?a,u1toh2gi3yv23?i,a1toh2gi23ya32sgo3?i,ha.2toh2gi23ya,u2toh2gi23ya32sdi,
he's shoveling it,a1ko23de.3?a,ji1ko23de.3?a,u1ko23de32sv23?i,a1ko23de32sgo3?i,hi.2ko2da.2gi,u2ko23de32sdi,
"he's taking off, removing a cap",al1sdu23le.3?a,ga.2li1sdu23le.3?a,ul1sdu23le32sv23?i,al1sdu23le32sgo3?i,hal2sdu2la.2gi,ul2sdu23le32sdi,
he's oiling it,ga.2lo23ne.3?a,ji.2lo23ne3?a,u1lo23ne.3?v23?i,ga.2lo23ne32sgo3?i,hi.2lo23na,u2lo23ne32di,
he's washing (dishes),de2gv3di23ye.3?a,de2gv3di23ye.3?a,du1wa2di23ye.3?v23?i,de2gv3di23ye32sgo3?i,tv2di3ya,ju.2wa2di23ye32di,
"1. he's reading, 2. he's examining him, it",a1go2li23ye.3?a,ji2go2li23ye.3?a,u1go2li23ye.3?v23?i,a1go2li23ye32sgo3?i,hi2go2li23ya,u2go2li23ye32di,
"he's rubbing him, it",a1sgo2li23ye.3?a,ji2ya1sgo2li23ye.3?a,u1sgo2li23ye.3?v23?i,a1sgo2li23ye32sgo3?i,hi2ya1sgo2li23ya,u2sgo2li23ye32di,
he's laying a long object down,a1di.3?a,ji.2di.3?a,u1dv23?i,a1di32sgo3?i,hi.2da,u2di1sdi,
"he's remembering him, it",anh1da.2di.3?a,ji2ya2nv1da.2di.3?a,unh1da.3dv23?i,anh1da.2di32sgo3?i,hi2ya2nv1da.2da,unh2da.2di1sdi,
"he's lifting him, raising him, it",a1sa.2la.2di.3?a,ji1sa.2la.2di.3?a,u1sa.2la.2da32nv23?i,a1sa.2la.2di32sgo3?i,hi1sa.2la.2dv1ga,u2sa.2la.2do1di,
"he, it's ascending, raising",al1sa.2la.2di.3?a,ga.2li1sa.2la.2di.3?a,ul1sa.2la.2da32nv23?i,al1sa.2la.2di32sgo3?i,hal2sa.2la.2dv1ga,ul2sa.2la.2do1di,
he's mooring a boat,a1ta.2la.2di.3?a,ji1ta.2la.2di3?a,u1ta.2la.2dv23?i,a1ta.2la.2di32sgo3?i,hi.2ta.2la.2da,u2ta.2la.2di1sdi,
he's joining,a1te.2la.2di.3?a,ga.2de.?2la.2di.3?a,u1te.2la.3dv23?i,a1te.2la.2di32sgo3?i,ha.2te.2la.2da,u2te.2la.2di1sdi,
"he's roping him, it",a1sla.2di.3?a,ji1sla.2di.3?a,u1sla.3dv23?i,a1sla.2di32sgo3?i,hi1sla.2da,u.sla.2di1sdi,
he's hanging up a long object,kto3sa.2di.3?a,ga1to3sa.2di.3?a,uwh1to3sa.2dv23?i,kto3sa.2di32sgo3?i,ha.2to1sa.2da,uwh2to1sa.2di1sdi,
"he's placing his hand on him, it",a1sih2ta.2di.3?a,ji2ya1sih2ta.2di.3?a,u1sih2ta.2dv23?i,a1sih2ta.2di32sgo3?i,hi2ya1sih2ta.2da,u2sih2ta.2di1sdi,
he's sending a long object,wa.2di.3?a,wi.2ji.2di.3?a,wu1dv23?i,wa.2di32sgo3?i,hwi.2da,wu1di1sdi,
he's finishing it,a1sgwa.2di.3?a,ji1sgwa.2di.3?a,u1sgwa.3dv23?i,a1sgwa.2di32sgo3?i,hi2sgwa.2da,u2sgwa.2di1sdi,
it's ending,al1sgwa.2di.3?a,-----,ul1sgwa.3dv23?i,al1sgwa.2di32sgo3?i,-----,ul2sgwa.2di1sdi,
he's exchanging/trading it,a1li.3?i2di.3?a,ga2li.3?i2di.3?a,u1li.3?i2dv23?i,a1li.3i2di32sgo3?i,ha2li.2?i23da,u2li.2?i23di32sdi,
he's putting a long object in liquid,a1hu2di.3?a,ji.2?u2di.3?a,u1hu3dv23?i,a1hu2di32sgo3?i,hi.2hu23da,u2hu23di32sdi,
he's receiving punishment,u1sdv2di.3?a,ak1sdv2di.3?a,u1sdv3dv23?i,u1sdv2di32sgo3?i,tsdv23da,u2sdv23di32sdi,
he's putting a long object in a container,ga.2la.3di.3?a,ji.2la.3di.3?a,u1la.3dv23?i,ga.2la.2di32sgo3?i,hi.2la.2da,u2la.2di1sdi,
he's hiding a long object,gv2sga.2la.3di.3?a,gv2sga.2la.3di.3?a,u1wa2sga.2la.3dv23?i,gv2sga.2la.3di32sgo3?i,hv2sga.2la.2da,u.2wa2sga.2la.2di1sdi,
it's misting,ka.2nu3yo2la.3di.3?a,-----,u1hnu3yo2la.?3dv23?i,ka.2nu3yo2la.3di32sgo3?i,-----,u2hnu1yo23la.3di1sdi,
he's setting up a bed,ga.2ni2hla.3di.3?a,ji.2ni1hla.3di.3?a,u1ni2hla.3dv23?i,ga.2ni2hla.3di32sgo3?i,hi.2ni2hla.2da,u2ni2hla.2di1sdi,
he's licking it,a1ga.2na23di.3?a,ji.2ga.2na23di.3?a,u1ga.2na23dv23?i,a1ga.2na23di32sgo3?i,hi.2ga.2na23da,u2ga.2na23di32sdi,
he's sticking his head out,al1sgwa.2lu23di.3?a,ga.2li1sgwa.2lu23di.3?a,ul1sgwa.2lu23da32nv23?i,al1sgwa.2lu23di32sgo3?i,hal2sgwa.2lu2dv1ga,ul2sgwa.2lu23do32di,
"he's missing him, it",ga.2nv23di.3?a,ji2nv23di.3?a,u1nv3dv23?i,ga.2nv23di32sgo3?i,hi2nv23da,u2nv23di32sdi,
he's eating it (a single solid food),a1gi.3?a,ji.2gi.3?a,u1gv23?i,a1gi32sgo3?i,hi.2ga,u2gi1sdi,
1. he's leaving  2. it's starting,a1hni.2gi.3?a,ga1ni.2gi.3?a,u1hni.2gi32sv23?i,a1hni.2gi32sgo3?i,ha2hni.2gi,u23hni.3gi1sdi,
he's gnawing it,a1sgo2gi.3?a,ji1sgo2gi.3?a,u1sgo3gv23?i,a1sgo2gi32sgo3?i,hi.2sgo23ga,u2sgo23gi32sdi,
he's eating a long object,a1sdi23gi.3?a,ji1sdi23gi.3?a,u1sdi3gv23?i,a1sdi23gi32sgo3?i,hi.2sdi23ga,u2sdi23gi32sdi,
it's flooding,ga.2no2hu23gi.3?a,-----,u1no2hu23ga32nv23?i,ga.2no2hu23gi32sgo3?i,-----,u2no2hu23go32di,
he's dipping liquid,a1ku23gi.3?a,ji.2gu23gi.3?a,u1ku23gi32sv23?i,a1ku23gi32sgo3?i,hi.2ku23gi,u2ku23gi32sdi,
he's plowing it,ga2da.2lu23gi.3?a,ji2da.2lu23gi.3?a,u1wa2da.2lu23ga32nv23?i,ga2da.2lu23gi32sgo3?i,hi2da.2lu2gv1ga,u.2wa2da.2lu23go32di,
1. he's tickling him; 2. he's spurring a horse,da1hyv23gi.3?a,de2ji32yv23gi.3?a,du1hyv3gv23?i,da1hyv23gi32sgo3?i,ti32yv23ga,ju2hyv23gi32sdi,
he's putting his gloves on,da1li.2ye32su2li.3?a,de2ga.3li.3ye32su2li.3?a,du1li.2ye32su2la32nv23?i,da1li.2ye32su2li32sgo3?i,ta.2li.3ye1su2lv32ga,ju2li.2ye1su23lo32di,
he's putting his pants on,a3su2li.3?a,ga3su2li.3?a,u3su2la32nv23?i,a3su2li.3sgo3?i,ha1su2lv1ga,u1su23lo32di,
he's putting on a cap,al1sdu23li.3?a,ga.2li1sdu23li.3?a,ul1sdu23la32nv23?i,al1sdu23li32sgo3?i,hal2sdu2lv1ga,ul2sdu23lo32di,
he's pouring liquid from a container,a1dli.3?a,ji.2dli.3?a,u1dlv23?i,a1dli32sgo3?i,hi.2dli1ga,u2dli1sdi,
he's sprinkling it (with a liquid),da1sdu2dli.3?a,de2ji32sdu2dli.3?a,du1sdu3dlv23?i,da1sdu2dli32sgo3?i,ti.2sdu3dla,ju2sdu2dli1sdi,
he's shivering,u1wa3na2wi.3?a,a1gi3na2wi.3?a,u1wa3na2wv23?i,u1wa3na2wi32sgo3?i,ja1na23wa,u.2wa1na23wi32sdi,
"1. he's spilling it (a liquid or nonliquid like salt, sugar) 2. he's pouring it on the ground (liquid or non-liquid) 3. he's being wasteful (of money, etc.)",a1je23wi.3?a,ga.2je23wi.3?a,u1je3wv23?i,a1je23wi32sgo3?i,ha.2je23wa,u2je23wa32sdi,
"1. he's curing, doctoring him, 2. he's soldering, welding it",ka.2nv23wi.3?a,ji1nv23wi.3?a,u1hnv23wa32nv23?i,ka.2nv23wi32sgo3?i,hi1nv2wv1ga,u2hnv23wo32di,
it's thundering,a1hyv2da.2gwa.2lo.3?a,,u1hyv2da.2gwa.2lo.3?vi,a1hyv2da.2gwa.3lo32sgo3?i,,u2hyv2da.2gwa.2los1di,
he's leaving some liquid,ga.2ne2hi2ya3?a,ji.2ne.2?i2ya.3?a,u1ne2hi3yv23?i,ga.2ne2hi2ya32sgo3?i,hi.2ne2hi23ya,u2ne2hi23ya32sdi,
he's removing it (solid or flexible object) from a hanging position,ga.2de3?a,ga.2de3?a,u1de3sv23?i,ga2de3sgo3?i,ha.2da.2gi,u2de1sdi,
he's breathing,ka2wo2la.2de3?a,ga.?2wo2la.2de3?a,u1hwo2la.2de3sv23?i,ka.2wo2la.2de3sgo3?i,ha.2hwo2la.2da.2gi,u2hwo2la.2de1sdi,
he's taking off his glasses,da1kti.2nv2de3?a,de2ga.3ga1ti.2nv2de3?a,du1kti.2nv2de3sv23?i,da1kti.2nv2de3sgo3?i,ta.3kti.2nv2da.2gi,ju2kti.2nv2de1sdi,
he's taking it off,ni.2gvnh3de3?a,ni.2gvnh3de3?a,nu1wanh3de3sv23?i,ni.2gvnh3de3sgo3?i,hnvnh3da.3gi,i.2yu.3wanh1de1sdi,
He's getting drunk,u1hyv.2sde3?a,a1ki.2yv.2sde3?a,u1hyv.2sda3?v23?i,u1hyv.2sde3sgo3?i,cha.2yv.2sda.2ga,u2hyv.2sde1sdi,
he's taking a bite,a1tsde3?a,ga.2ji1sde3?a,u1tsde3sv23?i,a1tsde3sgo3?i,ha.2tsda.2gi,u2tsde1sdi,
"1. he's unhitching him, it 2. he's unhooking it 3. he's unplugging it",gu2da.2le3?a,ji2yu2da.2le3?a,u1wu2da.2le3sv23?i,gu2da.2le3sgo3?i,hi2yu2da.2la.2gi,u.2wu2da.2le1sdi,
he's taking it (solid or flexible object) out of a container,ga.2le3?a,ji.2le3?a,u1le3sv23?i,ga.2le3sgo3?i,hi.2la.2gi,u2le1sdi,
he's taking off his shoes,da1la32su2le3?a,de2ga.3la32su2le3?a,du1la32su2le3sv23?i,da1la32su2le3sgo3?i,ta.2la32su2la.3gi,ju2la1su23le32sdi,
he's taking off his gloves,da1li.2ye32su2le3?a,de2ga.3li.3ye32su2le3?a,du1li.2ye32su2le3sv23?i,da1li.2ye32su2le3sgo3?i,ta.2li.3ye1su2la.3gi,ju2li.2ye1su23le32sdi,
he's taking his pants off,a3su2le3?a,ga3su2le3?a,u3su2le3sv23?i,a3su2le3sgo3?i,ha1su2la.2gi,u1su23le32sdi,
he's turning off the road,a1dle3?a,ga.2dle3?a,u1dle3sv23?i,a1dle3sgo3?i,ha.2dla.2gi,u2dle1sdi,
1. he's getting a flexible object  2. he's picking up a flexible object,ga.2ne3?a,ji2ne3?a,u1ne2sv23?i,ga.2ne3sgo3?i,hi2na.2gi,u2ne1sdi,
he's pulling a trigger,go32ja.2ne3?a,go32ja.2ne3?a,u1wo32ja.2ne3sv23?i,go32ja.2ne3sgo3?i,ho1ja.2na.2gi,u.2wo1ja.2ne1sdi,
"he's pulling him, it",gan2sa.2ne3?a,ji2na1sa.2ne3?a,un1sa.2ne3sv23?i,gan2sa.2ne3sgo3?i,hi2na1sa.2na.2gi,un2sa.2ne1sdi,
he's conjuring,da1da2hne2se3?a,de2ga.3da1ne2se3?a,du1da2hne2sa3?v23?i,da1da2hne2se3sgo3?i,ta.2da3hne2sa.2ga,ju2da2hne2se1sdi,
"he's kicking him, it",a1hyvh2te3?a,ji2ya1yvh2te3?a,u1hyvh2te3sv23?i,a1hyvh2te3sgo3?i,hi2yayh1ta.2gi,u2hyvh2te1sdi,
"he's picking him, it up",gu2te3?a,ji2yu1te3?a,u1wu2te3sv23?i,gu2te3sgo3?i,h2yu1ta.2gi,u.2wu2te1sdi,
"he's taking his shirt, coat off",a1hna.2we3?a,ga.2ni1we3?a,u1hna.2we3sv23?i,a1hna.2we3sgo3?i,ha.2hna.2wa.2gi,u2hna.2we1sdi,
he's undressing,da1hna.2we3?a,de2ga.3ni1we3?a,du1hna.2we3sv23?i,da1hna.2we3sgo3?i,ta2hna.3wa.2gi,ju2hna.2we1sdi,
"he's choosing him, it",a1su2ye3?a,ji2ya1su2ye3?a,u1su2ye3sv23?i,a1su2ye3sgo3?i,hi2ya1su2ya.2gi,u2su2ye1sdi,
he's eating a flexible object,ga2hye3?a,ji2ya1ye3?a,u1wa2hya3?v23?i,ga2hye3sgo3?i,hi2ya1ya.2ga,u.2wa2hye1sdi,
1. he's picking it up  2. he's getting it,a1gi3?a,ji.2gi3?a,u1gi3sv23?i,a1gi3sgo3?i,hi.2gi,u2gi1sdi,
he's waving his hand,a1so2lv2da.2gi3?a,ga1so2lv2da.2gi3?a,u1so2lv2da.2gi3sv23?i,a1so2lv2da.2gi3sgo3?i,ha.2so2lv2da.2gi,u2so2lv2da.2gi1sdi,
he's having a nightmare,a1hli.2gi3?a,ga.2dli.2gi3?a,u1hli.2gi3sv23?i,a1hli.2gi3sgo3?i,ha.2hli.2gi,u2hli.2gi1sdi,
he's snoring,da1kwa.2la2gi3?a,de2ji32kwa.2la2gi3?a,du1kwa.2la2gi3sv23?i,da1kwa.2la2gi3sgo3?i,ti.2kwa.3la2gi,ju2kwa.2la2gi1sdi,
he's thirsty,u1ta.2de2gi3?a,ak1ta.2de2gi3?a,u1ta.2de2ga32nv23?i,u1ta.2de2gi3sgo3?i,tsta.2de2gv1ga,u2ta.2de23go32di,
1. he's getting some liquid  2. he's picking up some liquid,ga.2ne2gi3?a,ji.2ne2gi3?a,u1ne2gi3sv23?i,ga.2ne2gi3sgo3?i,hi.2ne23gi,u2ne2gi1sdi,
he's taking his hat off,al1sgwe3tuh2gi3?a,ga.2li1sgwe3tuh2gi3?a,ul1sgwe3tuh2gi3sv23?i,al1sgwe3tuh2gi3sgo3?i,hal2sgwe1tuh2gi,ul2sgwe1tuh2gi1sdi,
he's hoeing it,ga.2lo2gi3?a,ji.2lo2gi3?a,u1lo2ga32nv23?i,ga.2lo2gi3sgo3?i,hi.2lo2gv1ga,u2lo23go32di,
he's singing,de2ka.3no2gi3?a,de2ji32no2gi3?a,du1hno2gi3sv23?i,de2ka.3no2gi3sgo3?i,ti.2hno3gi,ju2hno2gi1sdi,
"he hears him, it",a1tv2gi3?a,ji2ya1tv2gi3?a,u1tv2ga32nv23?i,a1tv2gi3sgo3?i,hi2ya1tv2gv1ga,u2tv23go32di,
he's dancing,al1sgi3?a,ga.2li1sgi3?a,ul1sgi3sv23?i,al1sgi3sgo3?i,hal2sgi,ul2sgi1sdi,
it's exploding,a1ta.2sgi3?a,-----,u1ta.2sgi3sv23?i,a1ta.2sgi3sgo3?i,ha.2ta.2sgi,u2ta.2sgi1sdi,
he's stealing it,ga.2no2sgi3?a,ji.2no1sgi3?a,u1no2sgi3sv23?i,ga.2no2sgi3sgo3?i,hi.2no23sgi,u2no2sgi1sdi,
he's taking his ring off,a1li.2ye32su2stgi3?a,ga.2li.2ye32su2stigi3?a,u1li.2ye32su2stgi3sv23?i,a1li.2ye32su2stgi3sgo3?i,ha.2li.2ye1su2stgi,u2li.2ye1su23stgi32sdi,
"he's shelling, picking out (peas, nut meats, etc.)",de2gv3to.2hi3?a,de2gv32to.2hi3?a,du1wv2to.2hi3sv23?i,de2gv3to.2hi3sgo3?i,tv2to.3hi,ju.2wv2to.2hi1sdi,
"1. he's imitating him, it 2. he's mocking him",a1hye2li3?a,ji1ye.2li3?a,u2hyeli23sv23?i,a1hye2li3sgo3?i,hi1ye23la,u2hye2li1sdi,
he's writing it,go2hwe23li3?a,go1we23li.3?a,u1wo2hwe23la32nv23?i,go2hwe23li32sgo3?i,ho2hwe2lv1ga,u.2wo2hwe23lo32di,
"he's running away, he's escaping",a1li.2ti3?a,ga.2li1ti3?a,u1li.2ti3sv23?i,a1li.2ti3sgo3?i,ha.2li.2ti,u2li.2ti1sdi,
he's crushing it,a1sdo3?a,ji1sdo3?a,u1sdo3?v23?i,a1sdo3sgo3?i,hi.2sdo23ja,u2sdo1sdi,
he's hammering it,ga.2nv2gwa.2lo3?a,ji.2nv2gwa.2lo3?a,u1nv2gwa.2lo3?v23?i,ga.2nv2gwa.2lo3sgo3?i,hi.2nv2gwa.2lo23ja,u2nv2gwa.2lo1sdi,
stubbing his toe,u1hna32sgwa.2lo3?a,a1ki.2na32sgwa.2lo3?a,u1hna32sgwa.2lo3?v23?i,u1hna32sgwa.2lo3sgo3?i,cha.2na1sgwa.2lo23ja,u2hna1sgwa.2lo1sdi,
he's cracking it,gv2sgwa.2lo3?a,gv1sgwa.2lo3?a,u1wa2sgwa.2lo3?v23?i,gv2sgwa.2lo3sgo3?i,hv2sgwa.2lo23ja,u.2wa2sgwa.2lo1sdi,
he's washing flexible objects (including clothes),de3kgi2lo3?a,de2gv32gi2lo3?a,duh1gi2lo3?v23?i,de3kgi2lo3sgo3?i,tvh2gi3lo2ja,juh2gi2lo1sdi,
he's washing it,gu2hi2lo3?a,gu.2?i2lo3?a,u1wu2hi2lo3?v23?i,gu2hi2lo3sgo3?i,hu2hi2lo23ja,u.2wu2hi2lo1sdi,
he's measuring it,a1hli2lo3?a,ga.2dli2lo3?a,u1hli2lo3?v23?i,a1hli2lo3sgo3?i,ha.2hli2lo23ja,u2hli2lo1sdi,
1. he's bathing  2. he's swimming,a1da.2wo3?a,ga.2da.2wo3?a,u1da.2wo3?v23?i,a1da.2wo3sgo3?i,ha.2da.2wo23ja,u2da.2wo1sdi,
1. he's bathing him 2. he's baptizing him,ga.2wo3?a,ji2ya.2wo3?a,u1wo3?v23?i,ga.2wo3sgo3?i,hi2ya.2wo23ja,u2wo1sdi,
he's putting on a shirt,a1hna.2wo3?a,ga.2ni1wo3?a,u1hna.2wo3?v23?i,a1hna.2wo3sgo3?i,ha.2hna.2wo23ja,u2hna.2wo1sdi,
he's putting on clothes,da1hna.2wo3?a,de2ga.3ni1wo3?a,du1hna.2wo3?v23?i,da1hna.2wo3sgo3?i,ta.2hna.3wo2ja,ju2hna.2wo1sdi,
he's combing someone's hair,a1ta.2wo3?a,ji1ta.2wo3?a,u1ta.2wo3?v23?i,a1ta.2wo3sgo3?i,hi1ta.2wo23ja,u2ta.2wo1sdi,
he's combing his hair,ahl1ta.2wo3?a,ga.2li1ta.2wo3?a,uhl1ta.2wo3?v23?i,ahl1ta.2wo3sgo3?i,hahl2ta.2wo23ja,uhl2ta.2wo1sdi,
he's performing a baptism,da1da2wo3?a,de2ga.3da2wo3?a,du1da2wo3?v23?i,da1da2wo3sgo3?i,ta.2da3wo2ja,ju2da2wo1sdi,
"he's accumulating it, he's increasing it",ka.2neh2gwo3?a,ji1neh2gwo3?a,u1hneh2gwo3?v23?i,ka.2neh2gwo3sgo3?i,hi.2hneh2gwo1ja,u2hneh2gwo1sdi,
he's washing his face,a1gv2sgwo3?a,ga.2gv1sgwo3?a,u1gv2sgwo3?v23?i,a1gv2sgwo3sgo3?i,ha.2gv2sgwo23ja,u2gv2sgwo1sdi,
he's sopping it,a1su3?a,ga1su3?a,u1su3sv23?i,a1su3sgo3?i,ha.2su23ja,u2su1sdi,
he's moving it from one place to another,a1hv3?a,ji.2?v3?a,u1hv3sv23?i,a1hv3sgo3?i,hi.2hv23na,u2hv1sdi,
1. he's turning back 2. he's turning (his head or body),a1kta.2hv3?a,ga.2ga1ta.2hv3?a,u1kta.2hv3sv23?i,a1kta.2hv3sgo3?i,ha.2kta.2hv23na,u2kta.2hv1sdi,
he's changing shoes,da1la32su2la.3?i2yv3?a,de2ga.3la32su2la.3?i2yv3?a,du1la32su2la.3?i2yv3sv23?i,da1la32su2la.3?i2yv3sgo3?i,ta.2la32su2la.3?i2yv23na,ju2la1su23la.3?i2yv1sdi,
he's changing his pants,a3su2la.3?i2yv3?a,ga3su2la.3?i2yv3?a,u3su2la.3?i2yv3sv23?i,a3su2la.3?i2yv3sgo3?i,ha1su2la.2?i2yv23na,u1su23la.3?i2yv1sdi,
he's changing his shirt,a1hna.2wa.3?i2yv3?a,ga.2ni1wa.3?i2yv3?a,u1hna.2wa3?i2yv3sv23?i,a1hna.2wa.3?i2yv3sgo3?i,ha.2hna.2wa.2?i2yv23na,u2hna.2wa.2?i23yv32sdi,
he's changing clothes,da1hna.2wa.3?i2yv3?a,de2ga.2ni1wa.3?i2yv3?a,du1hna.2wa.3?i2yv3sv23?i,da1hna.2wa.3i2yv3sgo3?i,ta.2hna.3wa.2?i2yv23na,ju2hna.2wa.2?i23yv32sdi,
there's an opening,u1dla.2nv2da,-----,u1dla.2nv2dv23?i,u1dla.2nv2do23?i,-----,-----,
he's climbing it,ga.?3le1ga,ji.?3le1ga,u1lv32sv23?i,ga.?3le1go3?i,hi.?2lu1ga,u2lv1sdi,
"he, it's going out of sight",wu23de3li1ga,wa.2gwa.3de2li1ga,wu1de23li32jv23?i,wu2de3li2go?3i,wi.2ja.3de3li1gi,wu1de2li.3sdi,
they're having church services,da1ni2la32wi1ga,do1ji2la32wi1ga,du1ni2la32wi1jv23?i,da1ni2la32wi1go3?i,di1ji23la32wi1gi,ju2ni2la1wi.2sdi,
he's reprimanding him,a1sga32ga,ji1sga32ga,u1sga32jv23?i,a1sga32go3?i,hi1sga1gi,u2sga1sdi,
he's becoming blind,da1ke23wa32ga,de2ji.?3ge23wa32ga,du1ke23wa32jv23?i,da1ke23wa32go3?i,ti.2ke3wa1gi,ju2ke23wa3?i.2sdi,
"he's chasing him, it",a1ke23he32ga,ji1ke23he32ga,u1ke23hv32sv23?i,a1ke23he32go3?i,hi1ke2hu1ga,u1ke23hv32sdi,
"he's attacking him, it",da1kti23le32ga,de2ji3ga1ti23le32ga,du1kti23lv32sv23?i,da1kti23le32go3?i,ti2ga32ti23lu32ga,ju2kti23lv32sdi,
he's not having any luck hunting,u1kwo23le32ga,a1gi.2kwo23le32ga,u1kwo23lv32sv23?i,u1kwo23le32go3i,ja.2kwo2lu1ga,u2kwo23lv32sdi,
"he's belching, burping",u1wa2ku23le32ga,a1gi2ku23le32ga,u1wa2ku23le32jv23?i,u1wa2ku23le32go3?i,ja2ku2le1gi,u.2wa2ku23le.3?i.2sdi,
he's leading him by the hand,go2hi23ne32ga,ji2yo.2?i23ne32ga,u1wo2hi23nv32sv23?i,go2hi23ne32go3?i,hi2yo.2?i2nu1ga,u.2wo2hi23nv32sdi,
he's carrying a long object on his shoulder,a1hno.2hli23ne32ga,ga1no.2hli23ne32ga,u2hno.2hli23nv32svi,a1hno.2hli23ne32go3?i,ha2hno.2hli2nu1ga,u2hno.2hli23nv32sdi,
"1. he's dragging him, it 2. he's towing it",gan2si23ne32ga,ji2na1si23ne32ga,un1si23nv32sv23?i,gan2si23ne32go3?i,hi2na1si2nu1ga,un2si23nv32sdi,
he's happy/thankful,a1li2he23li32ga,ga.2li.2?e23li32ga,u1li2he23li32jv23?i,a1li2he23li32go3?i,ha.2li2he2li1gi,u2li2he2li.3sdi,
he's pitying him,ga2do23li32ga,ji2ya2do23li32ga,u1wa2do23li32jv23?i,ga2do23li32go3?i,hi2ya2do2li1gi,u.2wa2do2li.3sdi,
"1. it's pouring into a container (liquid), 2. it's filling",a1dli32ga,-----,u1dli32jv23?i,a1dli32go3?i,-----,u2dliy1sdi,
1. it's getting shorter 2. he's getting short on,a1sgwa.2lo32ga,ji1sgwa.2lo32ga,u1sgwa.2lo32jv23?i,a1sgwa.2lo32go3?i,hi.2sgwa.2lo1gi,u2sgwa.2loy1sdi,
1. it's lacking 2. it's missing,ga.2lu23lo32ga,ji.2lu23lo32ga,u1lu23lo32jv23?i,ga.2lu23lo32go3?i,hi.2lu2lo1gi,u2lu23lo32sdi,
he's cold,ka.2na.2wo32ga,ji1na.2wo32ga,u1hna.2wo32jv23?i,ka.2na.2wo32go3?i,hi.2hna.2wo1gi,u2hna.2wo.2sdi,
it's scattering,a1di2ga.2le23yo32ga,-----,u1di2ga.2le23yo32jv23?i,a1di2ga.2le23yo32go3?i,-----,u2di2ga.2le23yoy32sdi,
"he's in agony, pain",a1gi2hli23yo32ga,ji.2gi1li23yo32ga,u1gi2hli23yo32jv23?i,a1gi2hli23yo32go3?i,hi.2gi2hli2yo1gi,u2gi2hli23yo3sdi,
he's late,u1go2hni23yo32ga,a1gi.2go2hni23yo32ga,u1go2hni23yo32jv23?i,u1go2hni23yo32go3?i,ja.2go2hni2yo1gi,u2go2hni23yo.3sdi,
he's becoming angry,u1hna23lv32ga,a1ki.2na23lv32ga,u1hna23lv32jv23?i,u1hna23lv32go3?i,cha.2na2lv1gi,u2hna23lv.3?i.2sdi,
it's fading,a1sgo23lv32ga,-----,u1sgo23lv32jv23?i,a1sgo23lv32go3?i,-----,u2sgo23lvy32sdi,
"he's committing a crime, sin",a1sga.2nv32ga,ji1sga.2nv32ga,u1sga.2nv32jv23?i,a1sga.2nv32go3?i,hi.2sga.2nv1gi,u2sga.2nvy1sdi,
he smells it,u1waw2sv32ga,a1giw2sv32ga,u1waw2sv32jv23?i,u1waw2sv32go3?i,jaw2sv1gi,u.2waw2sv.2sdi,
"1. he, it's sinking  2. he, it is being buried",ga.2no23yv32ga,ji.2no23yv32ga,u1no23yv32jv23?i,ga.2no23yv32go3?i,hi.2no2yv1gi,u2no23yv.3?i.2sdi,
he's whistling,ga2svnh2ga,ji1svnh2ga,u1wa2svnh2jv23?i,ga2svnh2go3?i,hi2svnh2gi,u.2wa2svn2sdi,
he's arriving,ga.?3luh2ga,ji.?3luh2ga,u1luh3jv23?i,ga.?3luh2go3?i,hi.?2luh2gi,u2lu.3hi.3sdi,
he's returning,i23ga.?3luh2ga,i23ji.?3lu2ga,v.3?u2luh3jv23?i,i23ga.?3luh2go.3?i,ji23hi.?3luh2gi,v.3?u2lu.3hi.3sdi,
"he's biting him, it",a1sgahl2ga,ji1sgahl2ga,u1sgahl2jv23?i,a1sgahl2go3?i,hi1sga.2la,u2sgal2sdi,
he's recognizing him,gohl2ga,ji2yo2li1ga,u1wohl2jv23?i,goh2lgo3?i,hi2yo2li1gi,u.2wo2hli.3sdi,
he understands it,gohl2ga,go2li1ga,u1wohl2jv23?i,gohl2go3?i,hohl2gi,u.2wo2hli.3sdi,
he's putting his hat on,al1sgwe3tu.2hv.3ga,ga.2li1sgwe3tu.3hv.3sga,ul1sgwe3tu.2hnv23?i,al1sgwe3tu.2hv.3sgo.3?i,hal2sgwe1tu.2hv1ga,ul2sgwe1tu.3sdi,
he's going,e3ga,ge3ga,u1we2nv3sv23?i,e3go3?i,he1na,u.2we2nv1sdi,
1. he's throwing it 2. he's pitching (ball),u1de3ga,a1gwa.2de3ga,u1di23nv32sv23?i,u1de3go3?i,ja.2du1ga,u2di23nv32di,
it's bouncing,a1da.2de3ga,ga.2da.2de3ga,u1da.2di23nv32sv23?i,a1da.2de3go3?i,ha.2da.2du1ga,u2da.2di23nv32di,
he's limping,a1da.2de3ga,ga.2da.2de3ga,u1da.2de3sv23?i,a1da2de3go3?i,ha.2da.2du1ga,u2da.2di23nv32di,
he's selling it,ga.2na.2de3ga,ji.2na.2de3ga,u1na.2di23nv32sv23?i,ga.2na.2de3go3?i,hi2na2du1ga,u2na2di23nv32di,
he's jumping,dahl1ta.2de3ga,de2ga.3li1ta.2de3ga,duhl1ta.2di23nv32sv23?i,dahl1ta.2de3go3?i,tahl3ta.2du1ga,juhl2ta.2di23nv32di,
"he's following him, it",a1sda32wa.2de3ga,ji1sda32wa.2de3ga,u1sda32wa.2dv3sv23?i,a1sda32wa.2de3go3?i,hi1sda1wa.2du1ga,u2sda1wa.2dv1sdi,
"he's turning, it over",de2ka.3lih2gwa.2de3ga,de2ji32lih2gwa.2de3ga,du1hlih2gwa.2di23nv32sv23?i,de2ka.3lih2gwa.2de3go3?i,ti32lih2gwa.2du32ga,ju2hlih2gwa.2di23nv32di,
he's parting with him (in death),kde3ga,ji2yv1de3ga,uwh1de3jv23i,kde3go3?i,hi2yv1de1gi,uwh2de2?i.3sdi,
he's taking a liquid somewhere by hand,ganh2je3ga,ji.2nv1je3ga,unh1jv3sv23?i,ganh2je3go3?i,hinh2ju1ga,unh2jv1sdi,
he's taking revenge,u1dle3ga,a1gwa.2dle3ga,u1dle3jv23?i,u1dle3go3?i,ja.2dle1gi,u2dle.2?i.3sdi,
1. he's speaking  2. he's answering,ka.2ne3ga,ji1ne3ga,u1hne3jv23?i,ka.2ne3go3?i,hi.2hne1gi,u2hne.2sdi,
he's taking a long object somewhere by hand,ga2ne3ga,ji2ne3ga,u1wa2nv3sv23?i,ga2ne3go3?i,hi2nu1ga,u.2wa2nv1sdi,
he's swimming (propelling himself through water),a1hyu.3?i2ne3ga,ga1yu.3?i2ne3ga,u1hyu.3?i2nv3sv23?i,a1hyu.3?i2ne3go3?i,ha2hyu.2?i2nu1ga,u2hyu.2?i23nv32sdi,
he's backing up,a3si2ne3ga,ga3si2ne3ga,u3si2nv3sv23?i,a3si2ne3go3?i,ha1si2nu1ga,u1si23nv32sdi,
he's taking a flexible object somewhere by hand,ga.2hne3ga,ji.?2ne3ga,u1hnv3sv23?i,ga.2hne3go3?i,hi.2hnu1ga,u2hnv1sdi,
he's tired,du1ya.2we3ga,da1gi2ya.2we3ga,du1ya.2we3jv23?i,du1ya.2we3go3?i,di.2ja.3ya.3we1gi,ju2ya.2we1sdi,
he's waking up,a1ye3ga,ji.2ye3ga,u1ye3jv23?i,a1ye3go3?i,hi.2ye1gi,u2ye.2?i.2sdi,
he's taking it somewhere by hand,a1hye3ga,ji1ye3ga,u1hyv3sv23?i,a1hye3go3?i,hi.2hyu1ga,u2hyv1sdi,
he's crossing it (a body of water),de2ga3soh3ga,de2ji32soh3ga,du1wa2soh3jv3?i,de2ga3soh3go.3?i,ti2soh3gi,ju.2wa2so.3hi.3sdi,
"he's yelling, howling, meowing, etc",u1we2hluh3ga,a1gwe2hluh3ga,u1we2hlu.2hnv23?i,u1we2hluh2go3?i,he2hlu.3hv1ga,u2we2hlu.2hv.3sdi,
it is sounding,u1no2hyvh3ga,a1gi.2no2hyvh3ga,u1no2hyvl2sv23?i,u1no2hyvh2go3?i,ja.2no2hyv23la,u2no2hyv2hli.2sdi,
"it's crowing, (rooster)",ayh3ga,gayh3ga,u3yvl2sv23?i,ayh3go3?i,ha1yv23la,u1yv23hli.3sdi,
it (forest or grass) is burning,ga.2li3ga,,u1li3jv23?i,ga.2li3go3?i,,,
he's quitting,a1su2li.2go3ga,ji1su2li.2go3ga,u1su2li.2go3jv23?i,a1su2li.2go3go3?i,hi.2su2li.2go.2?i,u2su2li.2go.2sdi,
he's exiting,ga.2nu2go3ga,ji.2nu2go3ga,u1nu2go3jv23?i,ga.2nu2go3go3?i,hi.2nu2go2?i,u2nu2go1sdi,
"it's accumulating, it's increasing",ka.2neh2gwo3ga,,u1hneh2gwo3jv23?i,ka.2neh2gwo3go3?i,hi.2hneh2gwo1gi,u2hneh2gwo.2?i.3sdi,
"it (animal, plant) is dying",ga.2li2hwo3ga,ji.2li1wo3ga,u1li2hwo3jv23?i,ga.2li2hwo3go3?i,hi.2li2hwo1gi,u2li2hwo1sdi,
1. it's breaking  2. he's becoming spoiled,a1yo3ga,ji.2yo3ga,u1yo3jv23?i,a1yo3go3?i,hi.2yo1gi,u2yo1sdi,
"he's accepting him, it",da1da.2ni2lv3ga,de2ji3ya.2da.2ni2lv3ga,du1da.2ni2lv3jv23?i,da1da.2ni2lv3go3?i,ti2ya.3da.2ni2lv1gi,ju2da.2ni2lvs1di,
he's falling from an upright  position,ga.2nv3ga,ji.2nv3ga,u1nv3jv23?i,ga.2nv3go23?i,hi.2nv1gi,u2nv.2?i.3sdi,
"he's blowing, he's blowing on it",a1jo3ta.2sga,ga.2jo3ta.2sga,u1jo3ta.2hv23?i,a1jo3ta.2sgo3?i,ha.2jo1ta,u2jo1ta.3sdi,
he's buying it,u1hwa.2sga,a1ki.2wa.3sga,u1hwa.2sv3?i,u1hwa.2sgo.3?i,cha.2wa.2hi,u2hwa.3hi.3sdi,
he's swallowing it,a1ki.2sga,ji.?2gi.2sga,u1ki.2sv23?i,a1ki.2sgo3?i,hi.2ki.2hi,u2ki.2hi.2sdi,
it's swelling,go2ti.2sga,go1ti.2sga,u1wo2ti.2sv23?i,go2ti.2sgo3?i,ho2ti.2hi,u.2wo2ti.2hi.2sdi,
he's getting a rash,du1gwe2no3ti.2sga,da1gi.2gwe2no3ti.2sga,du1gwe2no3ti.2sv23?i,du1gwe2no3ti.2sgo3?i,di.2ja.3gwe3no1ti.2hi,ju2gwe2no1ti.3sdi,
he's planting it,a1hwi.2sga,ji1wi.2sga,u1hwi.2sv23?i,a1hwi.2sgo3?i,hi.2hwi,u2hwi.2sdi,
"it's (round, long) falling",go2ho.2sga,go.2?o.2sga,u1wo2ho.2sv23?i,go2ho.2sgo3?i,ho2ho.2hi,u.2wo2ho.2hi.2sdi,
he's piling it up,ga3hlu.2sga,ji3hlu.2sga,u1wa3hlu.2nv23?i,ga3hlu.2sgo3?i,hi1hlu1ga,u.2wa1hlu.3sdi,
"He is getting in a car, box, etc",a1ja.3?v.2sga,ga.2ja.3v.2sga,u1ja32nv23?i,a1ja.3?v.2sgo3?i,ha.2ja.2?v1ga,,
he's kissing her,a1ta.2we23do.3?v.2sga,ji1da.2we23do.3?v.2sga,u1ta.2we23do32nv23?i,a1ta.2we23do.3?v.2sgo3?i,hi2da.2we2do.2?v1ga,u2ta.2we23do32di,
he's shaking a flexible object,kja.2gv.3?v.2sga,ji2yv1ja.2gv.3?v.2sga,uwh1ja.2gv32nv23?i,kja.2gv.3?v.2sgo3?i,hi2yv1ja.2gv1hya,uwh2ja.2gv1di,
he's sending; taking it (flexible),wi.2ga.3nv.3?v.2sga,wi.2ji.3nv.3?v.2sga,wu1nv3nv23?i,wi.2ga.3nv.3?v.2sgo3?i,hwi.2nv.3?v1ga,wu1nv1di,
he's lying,a.2tsgo3?v.2sga,ga.2ji1sgo3?v.2sga,u1tsgo3nv23?i,a1tsgo3?v.2sgo3?i,ha.2tsgo.3?v1ga,u2tsgo1di,
"he's sprinkling it (with a liquid, powder, salt, etc.)",da1kwa.2yo3?v.2sga,de2ji32kwa.2yo3?v.2sga,du1kwa.2yo3nv23?i,da1kwa.2yo3v.2sgo3?i,ti.2kwa.3yo.2?v1ga,ju2kwa.2yo1di,
he's hanging up a flexible object,ga.2dv3?v.2sga,ji2ya.2dv3?v.2sga,u1dv3nv23?i,ga.2dv3?v.2sgo3?i,ha.2dv.2?v1ga,u2dv1di,
He's putting it (flexible object) into a fire,kdv3?v.2sga,gv1dv3?v.2sga,uwh1dv3nv23?i,kdv3?v.2sgo3?i,hvh2dv.2?v1ga,uwh2dv1di,
it (wind) is blowing,ga.2no2lv3?v.2sga,-----,u1no2lv3nv23?i,ga.2no2lv3?v.2sgo3?i,-----,u2no2lv1di,
"he's attaching it (flexible), behind it",ga3sa.2ne23na.3dv.2sga,ji3sa.2ne23na.3dv.2sga,u1wa3sa.2ne23na3dv1nv23?i,ga3sa.2ne23na.3dv2sgo3?i,hi1sa.2ne2na.2dv1ga,u.2wa1sa.2ne23na.3dv1di,
he's stepping on him/it,a1la32sdv.2sga,ji2ya.2la32sdv.2sga,u1la32sdv1nv23?i,a1la32sdv.2sgo3?i,hi2ya.2la1sdv.2?v1ga,u2la1sdv1di,
he's becoming wise,a1kto32hv.2sga,ji.2ga1to32hv.2sga,u1kto32hv.2sv23?i,a1kto32hv.2sgo3?i,hi.2kto.2?v.2hi,u2kto.2?v.3hi.3sdi,
1. he's closing it  2. he's jailing him,a1sdu32hv.2sga,ji1sdu32hv.2sga,u1sdu32hnv23?i,a1sdu32hv.2sgo3?i,hi1sdu1hv1ga,u2sdu1di,
he's hitting him on the nose,a1hyv23sde3lu2hv.2sga,ji1yv23sde3lu2hv.2sga,u1hyv23sde3lu2hnv23?i,a1hyv23sde3lu2hv.2sgo3?i,hi1yv2sde2lu2hv1ga,u2hyv23sde3luh2di,
"he's sending, taking it (animate)",wi2ga23ka.3hv.2sga,wi.2ji23ya32ka.2hv.2sga,wu1wa2ka.2nv23i,wi.2ga23ka.3hv.2sgo3?i,hwi23ya32ka.2hv32ga,wu1wa2koh2di,
"he, it's burning",a1go.3hv.2sga,ga.3go.2hv.3sga,u1go.2hnv23?i,a1go.3hv.2sgo3?i,ha.2go.2hna,u2go.3hv.3sdi,
"he's sending, taking it (liquid)",wi.2ga.2ne3hv.2sga,wi.2ji.2ne.3?v2sga,wu1ne2hnv23?i,wi.2ga.3ne3hv.2sgo3?i,hwi.2ne3hv1ga,wu1neh2di,
"1. he's asking him a question., 2. he's asking a question",a1tv23dv3hv.2sga,ji2ya1tv23dv3hv2sga,u1tv23dv3hnv23?i,a1tv23dv3hv.2sgo3?i,hi2ya1tv2dv2hv1ga,u2tv23tdi,
he's hiring him,ga.2na32hlv.2sga,ji2na32hlv.2sga,u1na32hlv1nv23?i,ga.2na32hlv.2sgo3?i,hi2na1hlv.2?v1ga,u2na1hlv1di,
he's sandwiching it,a1sdv23ha.3hlv.2sga,ji1sdv23ha.3hlv.2sga,u1sdv23ha.3hla.2nv23?i,a1sdv23ha.3hlv.2sgo3?i,hi.2sdv2ha.2hlv1ga,u2sdv23hahl3di,
1. he's covering it 2. he's putting a lid on it,gu3hlv.2sga,gu3hlv.2sga,u1wu3hlv1nv23?i,gu3hlv.2sgo3?i,hu1hlv.2?v1ga,u.2wu1hlv1di,
"light a fire, match",a1ji3slv.2sga,ji.2ji3slv2sga,u1ji3sla.2nv23?i,a1ji3slv2sgo3?i,hi.2ji1slv1ga,u2ji1slv.3sdi,
"he, it's growing",a1tv.2sga,ga.?2dv.2sga,u1tv.2sv23?i,a1tv.2sgo3?i,ha.2tv.2hi,u2tv.2hi.2sdi,
he's enduring it (idiom),de2ge3tv.2sga,de2ge.?3dv.2sga,du1we2ti.3nv3?i,de2ge3tv.3sgo3?i,te2tv32ga,ju.2we2tdi,
"he's hiding him, it (flexible)",gv2sga.3lv.32sga,ji2yv1sga.2lv32sga,u1wa2sga.2lv32nv23?i,gv2sga.2lv32sgo3?i,hi2yv1sga.2lv.2?v1ga,u.2wa2sga.2lv1di,
"1.  he's breaking a flexible object, 2. He's cutting a flexible object",a1gal32sga,ji.2gal32sga,u1gal32sv23?i,a1gal32sgo3?i,hi.2ga.?2la,u2gal1sdi,
he's breaking a long object,a1sgwal32sga,ji1sgwal32sga,u1sgwal32sv23?i,a1sgwal32sgo3?i,hi.2sgwa.2la,u2sgwal1sdi,
"he's pushing him, it",ga2sa.2do32sga,ji2ya1sa.2do32sga,u1wa2sa.2do32hyv23?i,ga2sa.2do32sgo3?i,hi2ya1sa.2do1hya,u.2wa2sa.2do1sdi,
he's falling from an elevated position,ga.2lo32sga,ji.2lo32sga,u1lo32sv23?i,ga.2lo32sgo3?i,hi.2lo1hi,u2lo1hi.3sdi,
he's nodding his head,al1sgu32sga,ga.2li1sgu32sga,ul1sgu32hyv23?i,al1sgu32sgo3?i,hal2sgu1hya,ul2sgu1sdi,
he's splitting it,da1sdlu32sga,de2ji32sdlu32sga,du1sdlu32hyv23?i,da1sdlu32sgo3?i,ti2sdlu32hya,ju2sdlu1sdi,
he's setting a trap,a1sa.2dv32sga,ji1sa.2dv32sga,u1sa.2dv32nv23?i,a1sa.2dv32sgo3?i,hi.2sa.2dv.2?v1ga,u2sa.2dv1di,
1. he's bending it  2. she's hemming it,a1hyvh2gwi.3dv32sga,ji1yvh2gwi.3dv32sga,u1hyvh2gwi.3dv32nv23?i,a1hyvh2gwi.3dv.32sgo3?i,hi.2hyvh2gwi.2dv.2?v1ga,u2hyvh2gwi.2dv1di,
"1. he's hitching him, it up 2. he's hooking it up 3. he's plugging it in",gu2da.2lv32sga,ji2yu2da.2lv32sga,u1wu2da.2lv32nv23?i,gu2da.2lv32sgo3?i,hi2yu2da.2lv.2?v1ga,u.2wu2da.2lv1di,
he's scolding him,a1gv2sgo23lv32sga,ji2gv1sgo23lv32sga,u1gv2sgo23lv32nv23?i,a1gv2sgo23lv32sgo3?i,hi2gv1sgo2lv.2?v1ga,u2gv2sgo23lv32di,
he's blinking,da1kta.2naw32sga,de2ga.3ga1ta.2naw32sga,du1kta.2naw32sv23?i,da1kta.2naw32sgo3?i,ta.3kta.2na1hwa,ju2kta.2naw1sdi,
it's flashing (reflected light),a1to23yaw32sga,-----,u1to23yaw32sv23?i,a1to23yaw32sgo3?i,-----,u2to23yaw32sdi,
he's getting well,u1diw32sga,a1gwa.2diw32sga,u1diw32sv23?i,u1diw32sgo3?i,ja.2di1hwi,u2di1hwi.3sdi,
he's sneezing,du1hyv23sdoy32sga,da1ki.2yv23sdoy32sga,du1hyv23sdo32hyv23?i,du1hyv23sdoy32sgo3?i,di.2cha.3yv3sdo1hya,ju2hyv23sdo32ysdi,
he's chopping it,ga.2luy32sga,ji.2luy32sga,u1lu32hyv23?i,ga.2luy32sgo3?i,hi.2lu1hya,u2luy1sdi,
he's chopping it up,a1gv2ha.3luy32sga,ji.2gv.2?a.2luy32sga,u1gv2ha.2lu32hyv23?i,a1gv2ha.2luy32sgo3?i,hi.2gv2ha.2lu1hya,u2gv2ha.2luy1sdi,
it's raining,a1ga2sga,-----,u1ga2hna.2nv3?i,a1ga2sgo3?i,-----,u2ganh2di,
he's drilling a hole,a1ta.2le2sga,ji1ta.2le2sga,u1ta.2le2sv23?i,a1ta.2le2sgo3?i,hi.2ta.2la.2ga,u2ta.2le2sdi,
he/it is going through it,a1ktv3le2sga,ji.2ga1tv3le2sga,u1ktv3le2sv23?i,a1ktv3le2sgo3?i,hi.2ktv2le23hi,u2ktv2le23hi.3sdi,
he's getting exhausted,da3sta.2ye2sga,de2ga32sta.2ye2sga,du3sta.2ye2sv23?i,da3sta.2ye2sgo3?i,ta3sta.2ye23hi,ju1sta.2ye23hi.3sdi,
they are adjourning,da1ni2ye2li2sga,do1ji2ye2li2sga,du1ni2ye2li2sv23?i,da1ni2ye2li2sgo3?i,di1ji23ye3li2hi,ju2ni2ye2li2hi.2sdi,
"he's borrowing him, it",a1tol2sga,ji2ya1tol2sga,u1tol2sv23?i,a1tol2sgo3?i,hi2ya1to23la,u2to2hli.3sdi,
1. it's becoming done (by cooking) 2. it's ripening,gvn2sga,-----,u1wan2sv23?i,gvn2sgo3?i,hv23hni,u.2wa2hni.3sdi,
1. it's decaying  2. it's spoiling,u1go2sga,a1gi.2go2sga,u1go2sv23?i,u1go2sgo3?i,ja.2go23hi,u2go2hi.2sdi,
he's finding it out,a1de2lo.2ho2sga,ga.2de2lo.2?o2sga,u1de2lo.2ho2sv23?i,a1de1lo.2ho2sgo3?i,ha.2de2lo.2ho23hi,u2de2lo.2ho2hi.3sdi,
he's confronted with it,du1dlo2sga,da1gwa.2dlo2sga,du1dlo2sv23?i,du1dlo2sgo3?i,di.2ja.3dlo3hi,ju2dlo2hi.2sdi,
1. they are meeting 2. they are meeting someone,da1na.2dlo2sga,do1ja.2dlo2sga,du1na.2dlo2sv23?i,da1na.2dlo2sgo3?i,di1ja.2dlo3hi,ju2na.2dlo2hi.2sdi,
"it (fire, light) is going out",kdlo2sga,-----,uwh1dlo2sv23?i,kdlo2sgo3?i,hvh2dlo23hi,uwh2dlo2hi.2sdi,
he's beating him at a game,a1hlo2sga,ji1hlo2sga,u1hlo2sv23?i,a1hlo2sgo3?i,hi1hlo23hi,u2hlo2hi.2sdi,
he's becoming enraged,u1ta.2hla.2wo2sga,ak1ta.2hla.2wo2sga,u1ta.2hla.2wo2sv23?i,u1ta.2hla.2wo2sgo3?i,tsta.2hla.2wo23hi,u2ta.2hla.2wo2hi.2sdi,
it's getting warm,a1ga2na.2wo2sga,-----,u1ga2na.2wo2sv23?i,a1ga2na.2wo2sgo3?i,-----,u2ga2na.2wo2hi.2sdi,
1. he's becoming warm  2. he's warming himself,u1ga2na.2wo2sga,a1gi.2ga2na.2wo2sga,u1ga2na.2wo2sv23?i,u1ga2na.2wo2sgo3?i,ja.2ga2na.2wo23hi,u2ga2na.2wo2hi.2sdi,
it's melting,gv2na.2wo2sga,gv2na.2wo1sga,u1wa2na.2wo2sv23?i,gv2na.2wo2sgo3?i,hv2na.2wo23hi,u.2wa2na.2wo2hi.2sdi,
"he's dying, (human)",a1yo2hu2sga,ji.2yo.2?u2sga,u1yo2hu2sv23?i,a1yo2hu2sgo3?i,hi.2yo2hu23hi,u2yo2hu2hi.2sdi,
he's ascending an incline,ka.2na.2lu2sga,ji1na.2lu2sga,u1hna.2lu2sv23?i,ka.2na2lu2sgo3?i,hi.2hna.2lu23hi,u2hna.2lu2hi.2sdi,
it's shattering,ahl1ko2dv2sga,-----,uhl1ko2dv2hnv23?i,ahl1ko2dv2sgo3?i,-----,-----,
he's acting like him,a1je2lv2sga,ga.2je2lv1sga,u1je2lv2hnv23?i,a1je2lv2sgo3?i,ha.2je2lv23na,u2jehl2di,
it's blooming,a1ji2lv2sga,,u1ji2lv2hnv23?i,a1ji2lv2sgo3?i,,u2jihl2di,
he's making it,go1hlv2sga,go1hlv2sga,u1wo2hlv2hnv23?i,go2hlv2sgo3?i,ho2hlv23na,u.2wo2hlvnh2di,n
"he's sleepy, he's going to sleep",ga.2hlv2sga,ji.?2lv2sga,u1hlv2hnv23?i,ga.2hlv2sgo3?i,hi.2hlv23na,u2hlvnh2di,n
he's dressing up,a1ja.2nv2sga,ga.2ja.2nv1sga,u1ja.2nv2hnv23?i,a1ja.2nv2sgo3?i,ha.2ja.2nv23na,u2ja.2nvh2di,
"he's wrapping him, it",ga2kwe2nv2sga,ji2ya1kwe2nv2sga,u1wa2kwe2nv2hnv23?i,ga2kwe2nv2sgo3?i,hi2ya1kwe2nv23na,u.2wa2kwe2nvh2di,
"he's wounding him, it",a1so2nv2sga,ji1so2nv2sga,u1so2nv2hnv23?i,a1so2nv2sgo3?i,hi1so2nv23na,u2so2nv2sdi,
he's burning,ga.2le3yv2sga,ji.2le3yv2sga,u1le3yv2sv23?i,ga.2le3yv2sgo3?i,hi.2le1yv23hi,u2le1yv23hi.3sdi,
he's forgetting,u1wa2kew2sga,a1gwv2kew2sga,u1wa2kew2sv23?i,u1wa2kew2sgo3?i,wi.2jv23ke3wa,u.2wa2ke2hwi.3sdi,
he's sewing it,ga2yew2sga,ji2ye2wi1sga,u1wa2yew2sv23?i,ga2yew2sgo3?i,hi2ye23wa,u.2wa2yew2sdi,
he's getting off,a1dloy2sga,ga.2dloys3ga,u1dloy3sv23?i,a1dloy3sgo3?i,ha.2dlo1hi,u2dlo1hi.3sdi,
he's drinking it,a1di2ta.3sga,ga.2di1ta.3sga,u1di2ta.2hv23?i,a1di2ta.2sgo3?i,ha.2di23ta,u2di2ta.2sdi,
"he's catching up with him, it",a1dlv2ta.3sga,ji2ya.2dlv1ta.3sga,u1dlv2ta.2hv23?i,a1dlv2ta.2sgo3?i,hi2ya.2dlv1ta,u2dlv2ta.2sdi,
he's coughing,u1si.2hwa.3sga,ak1si.2hwa.3sga,u1si.2hwa.2hv23?i,u1si.2hwa.2sgo3?i,tsi.2hwa.2hi,u2si.2hwa.2hi.2sdi,
it's barking,da1su.2hwi.3sga,de2ga32su.2hwi.3sga,du2su.2hwi.2sv23?i,da1su.2hwi.2sgo3?i,ta.2su.3hwa,ju2su.2hwi.2sdi,
he's painting it,a1su23hwi.3sga,ji1su23hwi.3sga,u1su23hwi.3sv23?i,a1su23hwi.3sgo3?i,hi.2su23hwa,u2su23hwi.3sdi,
it (a flexible object) is falling from a hanging position,ga.2do.3sga,ga.2do.3sga,u1do.3sv23?i,ga.2do.3sgo3?i,ha.2do1hi,u2do1hi.3sdi,
he's frolicking,a1hne2jo.3sga,ga1ne2jo.3sga,u1hne2jo3nv23?i,a1hne2jo.3sgo3?i,ha2hne2jo.2?v1ga,u2hne2jo2di,
he's going down hill,a1kso.3sga,ji.2ga1so.3sga,u1kso.3sv23?i,a1kso.3sgo3?i,hi.2kso1hi,u2kso1hi.2sdi,
he's releasing him,da1yo.3sga,de2ji3yo.3sga,du1yo.3sv23?i,da1yo.3sgo3?i,ti3yo.2hi,ju2yo.3hi.3sdi,
"He's releasing it, (voluntarily)",du1yo.3sga,da1gi.3yo.2sga,du1yo.3sv23?i,du1yo.3sgo3?i,di.2ja.3yo.2hi,ju2yo.3hi.3sdi,
he's giving up,da1da2yo.3sga,de2ga.3da2yo.3sga,du1da2yo.3sv23?i,da1da2yo.2sgo3?i,ta.2da3yo.2hi,ju2da2yo.3hi.3sdi,
he's squatting,da3ji.2hlu.3sga,de2ga32ji.2hlu.3sga,du3ji.2hlu.3nv3?i,da3ji.2hlu.3sgo.3?i,ta3ji.2hlu32ga,ju1ji.2hlu.3sdi,
he's taking a seat,al1sdv2hlu.3sga,ga.2li1sdv2hlu.3sga,ul1sdv2hlu.3nv3?i,al1sdv2hlu.3sgo.3?i,hal2sdv2hlu1ga,ul2sdv2hlu.3sdi,
he's setting it down,a1hv.3sga,ji.2?v.3sga,u1hnv23?i,a1hv.2sgo3?i,hi.2hv1ga,u2hdi,
he's placing it on something,a1hla.2hv.3sga,ji1hla.2hv.3sga,u1hla.2hv23?sga,a1hla.2hv.3sgo.3?i,hi.2hla.2hv1ga,u2hloh2di,
he's sending it (solid),wa.2hv.3sga,wi.2ji.3?v.3sga,wu1hnv23?i,wa.2hv.3sgo3?i,hwi.2hv32ga,wuh1di,
"he, it's howling, screaming, yelling, etc",ge2hlu.2hv.3sga,ge1lu.2hv.3sga,u1we2hlu.2hnv23?i,ge2hlu.2hv.3sgo.3?i,he2hlu.2hv1ga,u.2we2hlu.2hv.3sdi,
"1. he, it's using it up 2. he's drinking, eating it up",a1sv.2hv.3sga,ji1sv.2hv.3sga,u1sv.2hnv3?i,a1sv.2hv.3sgo3?i,hi.2sv.2hna,u2sv.3hv.3sdi,
he's being born,a1de2hv.3sga,ga.2de.2?v.3sga,u1de2hnv23?i,a1de2hv.2sgo3?i,ha2de2hv1ga,u2deh2di,
he's standing in a certain spot,a1le2hv.3sga,ga.2le.2?v.3sga,u1le2hnv23?i,a1le2hv.2sgo3?i,ha.2le2hv1ga,u2leh2di,
he's getting up (from sitting or from involuntarily assumed prone position),da1le2hv.3sga,de2ga.3le.2?v.3sga,du1le2hnv23?i,da1le2hv.2sgo3?i,ta.2le3hv1ga,ju2leh2di,
1. they are getting together  2. they are dating  (when the dual form is used),a1na.2li3go2hv.3sga,o1ja.2li3go2hv.3sga,u1na.2li3go2hnv23?i,a1na.2li3go2hv.2sgo3?i,i1ja.2li1go2hv1ga,u2na.2li1kdi,
he's baking it,ga3du2hv.3sga,ji3du2hv.3sga,u1wa3du2hnv23?i,ga3du2hv.2sgo3?i,hi1du2hv1ga,u2wa1tdi,
he's putting it in water,gu2hv.3sga,gu.2?v.3sga,u1wu2hnv23?i,gu2hv.2sgo3?i,hu2hv1ga,u.2wuh2di,
he's hitting him on the eye,a1kte2lu2hv.3sga,ji2ga1te2lu2hv.3sga,u1kte2lu2hnv23?i,a1kte2lu2hv.2sgo3?i,hi2ga1te2lu2hv1ga,u2kte2luh2di,
"he's shaking him, it",a1te3lv2hv.3sga,ji1te3lv2hv.3sga,u1te3lv2hnv23?i,a1te3lv2hv.2sgo3?i,hi1te1lv23na,u2tehl1di,
"he, it's moving (without changing location)",ahl1te3lv2hv.3sga,ga.2li1te3lv2hv.3sga,uhl1te3lv2hnv23?i,ahl1te3lv2hv.2sgo3?i,hahl2te1lv2hv1ga,uhl2tehl1di,
he's shopping,a1da2na2ne3sv2hv.3sga,ga.2da2na.2ne3sv2hv.3sga,u1da2na.2ne3sv2hnv23?i,a1da2na.2ne1sv2hv1sgo3?i,ha.2da2na.2ne1sv2hv1ga,u2da2na.2ne1sv23hv.3sdi,
he's eating a meal,al1sda32yv2hv.3sga,ga.2li1sda32yv2hv.3sga,ul1sda32yv2hnv23?i,al1sda32yv2hv.2sgo3?i,hal2sda1yv2hv1ga,ul2sdayh1di,
"he, it's destroying it",a1yo3sta.2no.3hv.3sga,ji.2yo3sta.2no.3hv.3sga,u1yo3sta.2no.3hnv3?i,a1yo3sta.2no.3hv.3sgo3?i,hi.2yo1sta.2no.2hna,u2yo1sta.2no.3hv.3sdi,
he's preaching,ahl1ja.2do23hv.3sga,ga.2li1ja.2do23hv.3sga,uhl1ja.2do23hnv3?i,ahl1ja.2do23hv.3sgo3?i,hahl2ja.2do2hv1ga,uhl2ja.3tdi,
he's playing,da3ne2lo23hv.3sga,de2ga32ne2lo23hv.3sga,du3ne2lo23hnv3?i,da3ne2lo23hv.3sgo3?i,ta3ne2lo23hv32ga,ju1nehl23di,
he's teaching,da1de2yo23hv.3sga,de2ga.3de1yo23hv.3sga,du1de3yo23hnv.3?i,da1de2hyo2hv.3sgo3?i,ta.2de3hyo2hv1ga,ju2de2hyo3hdi,nazalization
he's fishing,a1su23hv.3sga,ga1su23hv.3sga,u1su23hnv3?i,a1su23hv.3sgo3?i,ha.2su2hv1ga,u2suh3di,
it's (the ground) becoming frosty,a1hyah2tv23hv.3sga,,u1hyah2tv23hnv3?i,a1hyah2tv23hv.3sgo3?i,,u2hyah2tv3tdi,
he's putting it in a hole or a container,ga.2hlv.3sga,ji.?2lv.3sga,u1hla.2nv3?i,ga.2hlv.3sgo.3?i,hi.2hlv1ga,uhl2di,
he's hiding it,gv1sga.2hlv.3sga,gv1sga.2hlv.3sga,u1wa2sga.2hla.3nv3?i,gv2sga.2hlv.3sgo.3?i,hv2sga.2hlv1ga,u.2wa2sgahl2di,
he's hiding,a1di2sga.2hlv.3sga,ga.2di1sga.2hlv.3sga,u1di2sga.2hla.3nv3?i,a1di2sga.2hlv.2sgo.3?i,ha.2di2sga.2hlv1ga,u2di2sgahl2di,
he's putting a handle on a tool,gu2ha.2hlv.3sga,gu.2?a.2hlv.3sga,u1wu2ha.2hla.3nv3?i,gu2ha.2hlv.3sgo.3?i,hu2ha.2hlv1ga,u.2wu2hahl2di,
1. he's advertising it  2. he's announcing it,de2ga.3no2ja.2hlv.3sga,de2ji.3no2ja.?2lv.3sga,du1no2ja.2hla.3nv3?i,de2ga.3no2ja.2hlv.3sgo.3?i,ti.2no3ja.2hlv1ga,ju2no2jahl2di,
he's frying it,gv2ja.2hlv.3sga,gv1ja.2hlv.3sga,u1wv2ja.2hla.3nv3?i,gv2ja.2hlv.3sgo.3?i,hv2ja.2hlv1ga,u.2wv2jahl2di,
he's contaminating it (with visible foreign matter),ka.2ne3sa.2hlv.3sga,ji1ne3sa.2hlv.3sga,u1hne3sa.2hla.3nv3?i,ka.2ne3sa.2hlv.3sgo.3i,hi.2hne1sa.2hlv1ga,u2hne1sahl3di,
he's soaking it (flexible object),gv3wa.2hlv.3sga,gv3wa.2hlv.3sga,u1wv3wa.2hla.3nv3?i,gv3wa.2hlv.3sgo.3?i,hv1wa.2hlv1ga,u2wv1wahl3di,
he's linking it,ki.2hlv.3sga,gv.2?i.2hlv.3sga,u1hwi.2hla.2nv3?i,ki.2hlv.3sgo.3?i,hv.2hi.2hlv1ga,u2hwihl2di,
he's collecting from him,ka.2ni.2hlv.3sga,ji1ni.2hlv.3sga,u1hni.2hla.3nv3?i,ka.2ni.2hlv.3sgo.3?i,hi1ni.2hlv1ga,u2hnihl2di,
he's getting full,go2hlv.3sga,go1lv.3sga,u1wo2hlv.3sv3?i,go2hlv.3sgo.3?i,ho2hlv.2hi,u.2wo2hlv.3hi.3sdi,
"1. he's whittling it., 2. he's carving it., 3. he's hewing it",a1yo2hlv.3sga,ji.2yo1lv.3sga,u1yo2hla.3nv3?i,a1yo2hlv.3sgo.3?i,hi.2yo2hlv1ga,u2yo2hlv.3sdi,
he's putting on shoes,da1la32su2hlv.3sga,de2ga.3la32su2hlv.3sga,du1la32su2hla.3nv3?i,da1la32su2hlv.3sgo.3?i,ta.2la32su2hlv32ga,ju2la1suhl23di,
he's drawing a line,a1sda.2nv2hnv.3sga,ji1sda.2nv2hnv.3sga,u1sda.2nv2hna.3nv3?i,a1sda.2nv2hnv.3sgo.3?i,hi.2sda.2nv2hnv1ga,u2sda.2nvnh2di,
he's hanging it up,ga.2tv.3sga,ga.?2dv.3sga,u1ta.2nv3?i,ga.2tv.3sgo.3?i,ha.2tv1ga,u2tdi,
he's diving,a1de2tv.3sga,ga2de3dv.2sga,u1de23ti.3nv3?i,a1de2tv.3sgo.3?i,ha.2de2tv1ga,u2de2tdi,
he's setting a post (or other long object) into the ground,ge2tv.3sga,ge?2dv.3sga,u1we2ti.3nv3?i,ge2tv.3sgo.3?i,he2tv1ga,u.2we2tdi,
he's putting it into a fire,gv2tv.3sga,gv1dv.3sga,u1wv2ta.3nv3?i,gv2tv.3sgo.3?i,hv2tv1ga,u.2wv2tdi,
He's putting fuel (solid) into a fire,da1hv2tv.3sga,de2ji.3?v2tv.3sga,du1hv2ta.3nv3?i,da1hv2tv.3sgo.3?i,ti.2hv3tv1ga,ju2hv2tdi,
he's putting on glasses,da1kti.2nv2tv.3sga,de2ga.3ga1ti.2nv2tv.3sga,du1kti.2nv2ta.3nv3?i,da1kti.2nv2tv.3sgo.3?i,ta.3kti2nv2tv1ga,ju2kti.2nv2tdi,
he's piling it up,ga3sv2tv.3sga,ji3sv2tv.3sga,u1wa3sv2ta.3nv3?i,ga3sv2tv.3sgo.3?i,hi1sv2tv1ga,u.2wa1sv23tdi,
he's building a fire,go23tv.3sga,go3dv.2sga,u1wo23ta.3nv23?i,go23tv.3sgo3?i,ho2tv1ga,u.2wo23tdi,
he's putting a ring on his finger,a1li.2ye32su2stv.3sga,ga.2li.2ye32su2stv.3sga,u1li.2ye32su2sta.3nv3?i,a1li.2ye32su2stv.3sgo.3?i,ha.2li.2ye1su2stv1ga,u2li.2ye1su23stv.3sdi,
he's turning on a light,a1jv2stv.3sga,ji.2jv1stv.2sga,u1jv2sta.3nv3?i,a1jv2stv.3sgo.3?i,hi.2jv2stv.1ga,u2jv2stv.3sdi,
he's mixing it in,a1su2yv.3sga,ga1su2yv.3sga,u1su2yv.3nv23?i,a1su2yv3sgo3?i,ha.2su2yv.2?v1ga,u2su2yv1di,
he's ironing,da1te23sga,de2ji32te23sga,du1te23sv3?i,da1te23sgo.3?i,ti2tv3la,ju2te23sdi,
"he's rowing, paddling",ga2ga.2we23sga,ji2ga.2we3sga,u1wa2ga.2we23sv3?i,ga2ga.2we23sgo.3?i,hi2ga.2we23hi,u.2wa2ga.2we23sdi,
he's scratching,a1dla.2go23sga,ga.2dla.2go3sga,u1dla.2go3sv3?i,a1dla.2go23sgo.3?i,ha.2dla.2go23la,u2dla.2go23sdi,
"he's scratching him, it",ga2ja.2li.2go23sga,ji2ya2ja.2li.2go3sga,u1wa2ja.2li.2go23sv3?i,ga2ja.2li.2go23sgo.3?i,hi2ya2ja.2li.2go23la,u.2wa2ja.2li.2go23sdi,
he's amazed,a1sgwa.2ni.2go23sga,ji1sgwa.2ni.2go23sga,u1sgwa.2ni.2go23sv32?i,a1sgwa.2ni.2go23sgo.3?i,hi.2sgwa.2ni.2go23hi,u2sgwa.2ni.2go23hi.3sdi,
he's digging it,a1sgo23sga,ga1sgo23sga,u1sgo23sv3?i,a1sgo23sgo.3?i,ha2sgo23la,u2sgo23sdi,
he's embarrassed,a1de2ho23sga,ga.2de.2?o23sga,u1de2ho23sv3?i,a1de2ho23sgo.3?i,ha.2de2ho23hi,u2de2ho23hi.3sdi,
it's leaking,gv2gu23sga,-----,u1wa2gu23sv3?i,gv2gu23sgo.3?i,-----,u.2wa2gu23sdi,
he's ordering it,a1da.2nv23sga,ga.2da.2nv3sga,u1da.2nv23sv3?i,a1da.2nv23sgo.3?i,ha.2da.2nv23la,u2da.2nv23sdi,
a long object is falling from an upright position,ga.2le2yv23sga,ji.2le2yv3sga,u1le2yv23sv3?i,ga.2le2yv23sgo.3?i,hi.2le2yv23hi,u2le2yv23hi.3sdi,
he's sweeping it,gv2no2sa3sga,gv2no1sa.2sga,u1wa2no2sa.2hv23?i,gv2no2sa.2sgo3?i,hv2no23sa,u.2wa2no2sa.2sdi,
she's cooking a meal,a1da2sda32yv2hv3sga,ga.2da1sda32yv.2hv3sga,u1da1sda32yv2hnv23?i,a1da2sda32yv2hv.2sgo3?i,ha.2da2sda1yv2hv1ga,u2da2sdayh1di,
he's putting a flexible object in a hole or in a container,ga.2lv3sga,ji.2lv3sga,u1lv3nv23?i,ga.2lv3sgo3?i,hi.2lv.2?v1ga,u2lv1di,
he's quilting it,a1hyeh2ga.2hlv3sga,ji1yeh2ga.2hlv.3sga,u1hyeh2ga.2hla.3nv3?i,a1hyeh2ga.2hlv.3sgo.3?i,hi2hyeh2ga.2hlv1ga,u2hyeh2gahl2di,
"he's crossing (a road, bridge, etc.)",de2ga.3na.2diw3sga,de2ji.3na.2diw3sga,du1na.2diw3sv23?i,de2ga.3na.2diw3sgo3?i,ti.2na.3di1hwi,ju2na.2di1hwi.3sdi,
he's stinging it,ga2jvy3sga,ji2ya2jvy3sga,u1wa2jv3hyv23?i,ga2jvy3sgo3?i,hi2ya2jv1hya,u.2wa2jvy1sdi,
he's smoking it,go2ksga,go2gi1sga,u1wo2ksv23?i,go2ksgo3?i,ho23gi,u.2wo2ksdi,
he's clawing him,de2ka.3nugosga,de2ji32nu2go23sga,du1hnu2go23sv3?i,de2ka.3nu2go23sgo3?i,ti32nu2go23la,ju2hnu2go23sdi,
he's sucking it,a1sgwa.2nu32tsga,ji1sgwa.2nu32tsga,u1sgwa.2nu32tsv23?i,a1sgwa.2nu32tsgo3?i,hi.2sgwa.2nu1tsa,u2sgwa.2nu1tsdi,
he's laughing,u1ye2tsga,a1gi.2ye2tsga,u1ye2tsv23?i,u1ye2tsgo3?i,ja.2ye23tsa,u2ye2tsdi,
"he's dreaming about him, it",a1sgi2tsga,ji2ya1sgi2tsga,u1sgi2tsv23?i,a1sgi2tsgo3?i,hi2ya1sgi23tsa,u2sgi2tsdi,
he's peeling it,a1hyah2ke23tsga,ji1yah2ke23tsga,u1hyah2ke23tsv3?i,a1hyah2ke23tsgo.3?i,hi.2hyah2ke23tsa,u2hyah2ke23tsdi,
it's bending,a1hli.2yvhgwidvsga,-----,u1hli.2yvh2gwi.2dv32nv23?i,a1hli.2yvh2gwi.2dv32sgo3?i,-----,u2hli.2yvh2gwi.2dv1di,
he's bragging,a1dlv23kwsga,ga.2dlv23gwa32sga,u1dlv23kwsv23?i,a1dlv23kwsgo.3?i,ha.2dlv23kwa,u2dlv23kwi.3sdi,
he's spitting,a1lji3kwsga,gal2ji3kwsga,ul1ji3gwv23?i,al1ji3kwsgo3?i,hal2ji1kwa,ul2ji1kwsdi,
He's choking on it,u1hyvh2ji.2nv2tga,a1ki.2yvh2ji.2nv2tga,u1hyvh2ji.2nv2tsv23?i,u1hyvh2ji.2nv2tgo3?i,cha.2yvh2ji.2nv2tgi,u2hyvh2ji.2nv2tsdi,
"he's putting him inside, (somewhere large enough to move around)",ayh1di.ha,ji2yv1di.3ha,uyh1ta.2nv3?i,ayh1di23sgo.3?i,hi2yv1da,uyh2doh3di,
He's mingling with a group,ke.2la.3di3do1ha,ge.2la.2di3do1ha,u1hwe.2la.2di3do1lv23?i,ke.2la.3di3do1ho3?i,he.2la2di23da,u2hwe.2la.3di3da1sdi,
he has time,u1dla.2nv2da.?de.2ha,a1gwa.2dla.2nv2da.?3de.2ha,u1dla.2nv2da.?3de2lv23?i,u1dla.2nv2da.?3de2ho3?i,ja.2dla2nv2da.2di1si,u2dla.2nv2da.?2deh3di,
he's yawning,u1ha.2hlo3ge.2ha,a1ka.2hlo3ge.2ha,u1ha.2hlo3ge2hv23?i,u1ha.2hlo3ge2sgo3?i,ja.2ha.2hlo1gv23la,u2ha.2hlo1geh3di,
he's building a house,a1hne3sge.2ha,ga1ne3sge.2ha,u1hne3sge2hv23?i,a1hne3sge2sgo3?i,ha2hne1sgv23la,u2hne1sgeh2di,
he's thanking him,a1li2he23li32che.2ha,ji2ya.2li.2?e23li32che.2ha,u1li2he23li32che2lv23?i,a1li2he23li32che2ho3?i,hi2ya.2li.2?e2li1chi.2si,u2li2he23li32cheh2di,
he's taking revenge against him,a1dle3che.2ha,ji2ya.2dle3che.2ha,u1dle3che2lv23?i,a1dle3che.2ho3?i,hi2ya.2dle1chi.2si,u2dle1cheh3di,
he's working,du1lv23hwi.3sda1ne.2ha,da1gi.2lv23hwi.3sda1ne.2ha,du1lv23hwi.3sda1ne2lv23?i,du1lv23hwi.3sda1ne2ho3?i,di2ja.3lv3hwi2sda1si,ju2lv23hwi.3sda1neh2di,
1. he's lonesome  2. he's homesick,u1hi2soh2da32ne.2ha,a1gi.2hi2soh2da32ne.2ha,u1hi2soh2da32ne2lv23?i,u1hi2soh2da32ne2ho3?i,ja.2hi2soh2da1si,,
1. he's agreeing with him 2. he's vouching for him,go2hiyh2da32ne.2ha,ji2yo.2?iyh2da32ne.2ha,u1wo2hiyh2da32ne2lv23?i,go2hiyh2da32ne2ho3?i,hi2yo.2?iyh2da1si,u.2wo2hiyh2da1neh3di,
he's permitting him,al1sgohl2da32ne.2ha,ji2ya.2li1sgohl2da32ne.2ha,ul1sgohl2da32ne2lv23?i,al1sgohl2da32ne2ho3?i,hi2ya.2li1sgohl2da1si,ul2sgohl2da1neh3di,
"he's aching, hurting",u1we2hi.2sda32ne.2ha,a1gwe2hi.2sda32ne.2ha,u1we2hi.2sda32ne2lv23?i,u1we2hi.2sda32ne2ho3?i,je2hi.2sda1si,u.2we2hi.2sda1neh3di,
he's giving him a living thing,ga2ka32ne.2ha,ji2ya1ka32ne.2ha,u1wa2ka32ne2lv23?i,ga2ka32ne2ho3?i,hi2ya1ka1si,u.2wa2ka1neh3di,
he's committing adultery,a1da2hyo3ne.2ha,ga.2da1yo3ne.2ha,u1da2hyo3ne2lv23?i,a1da2hyo3ne.2ho3?i,ha.2da2hyo2nv23la,u2da2hyo2neh3di,
he's doing it,a1dv3ne.2ha,ga.2dv2ne.2ha,u1dv3ne2lv23?i,a1dv3ne2ho3?i,ha.2dv1ga,u2dvnh1di,
he's giving him a flexible object,ga.2nv3ne.2ha,ji2nv3ne.2ha,u1nv3ne2lv23?i,ga.2nv3ne2ho3?i,hi2nv1si,u2nv1neh3di,
he's giving it to him,a1hne.2ha,ji1ne.2ha,u1hne23lv3?i,a1hne23ho.3?i,hi.2?v.2si,u2hneh3di,
it's happening to him,ul1sda32hne.2ha,a1gwal2sda32hne.2ha,ul1sda32hne2lv23?i,ul1sda32hne2ho3?i,jal2sda1si,ul2sda1hneh3di,
"he's fanning him, it",ka.2no3ye.2ha,ji1no3ye.2ha,u1hno3ye2hv23?i,ka.2no3ye2sgo3?i,hi1no2yv23la,u2hno2yeh3di,
he's fanning himself,a1da.2hno3ye.2ha,ga.2da1no3ye.2ha,u1da.2hno3ye.2hv23?i,a1da.2hno3ye2sgo3?i,ha.2da.2hno2yv23la,u2da.2hno3yeh3di,
he's stirring it,a1su3ye.2ha,ga1su3ye.2ha,u1su3ye2hv23?i,a1su3ye2sgo3?i,ha.2su2yv23la,u2su2yeh3di,
he has a nosebleed,gi23ga de2ka.3yv23sgwo.3?i.2ha,gi23ga de2ga32yv23sgwo.3?i.2ha,gi23ga du1hyv23sgwo32lv23?i,gi23ga de23ka.3yv23sgwo.3?i.2ho3?i,gi23ga ti.2hyv3sgwo2ja,gi23ga ju2hyv23sgwo.3?i.2sdi,
"he's tying him, it up",ga.2hlv3?i.2ha,ji2ya.?2lv3?i.2ha,u1hlv3lv23?i,ga.2hlv3?i.2ho3?i,hi2ya.?2lv23ja,u2hlv1sdi,
he's saying it,a1di.2ha,ga.2di3?a,u1dv2hnv23?i,a1di23sgo.3?i,ha.2da,u2tdi,
he's riding it (anything that can be straddled),a1ki.2lv32di.2ha,ji2ya1ki.2lv32di.2ha,u1ki.2lv32ta.2nv23?i,a1ki.2lv32di2sgo3?i,hi2ya1ki.2lv1da,u2ki.2lv1doh2di,
"he's running over him, it",a1di23nv32di.2ha,ji2ya.2di23nv32di.2ha,u1di23nv32ta.2nv23?i,a1di23nv32di2sgo3?i,hi2ya.2di2nv1da,u2di23nv32doh2di,
he's bouncing it,a1da.2di23nv32di.2ha,ga.2da.2di23nv32di.2ha,u1da.2di23nv32ta.2nv23?i,a1da2di23nv32di2sgo3?i,ha.2da.2di23nv1da,u2da.2di23nv32doh2di,
he's making him fall from an elevated psition,ga.2lonh3di.2ha,ji2lonh3di.2ha,u1lonh3ta.2nv23?i,ga.2lonh3di23sgo.3?i,hi2lonh1da,u2lonh1doh3di,
"he's interpreting, translating it",a1hnehl3di.2ha,ga1nehl3di.2ha,u1hnehl3ta.2nv23?i,a1hnehl3di2sgo3?i,ha2hnehl2da,u2hnehl3doh2di,
he's taking turns with him,a1da.2ne23dli3yv1sdi.2ha,ga.2da.2ne23dli3yv1sdi.2ha,u1da.2ne23dli3yv1sta.2nv23?i,a1da.2ne23dli3yv1sdi2sgo3?i,ha.2da.2ne2dli2yv1sda,u2da.2ne23dli3yv1sdoh2di,
he's waking him up,a1ye3?i.2sdi.2ha,ji2ye3?i.2sdi.3ha,u1ye3?i.2sta.3nv3?i,a1ye3?i.2sdi23sgo.3?i,hi2ye.2?i.2sda,u2ye.2?i.2sdoh3di,
"he's listening to it, him",a1tv2da32sdi.2ha,ji2ya1tv2da32sdi.2ha,u1tv2da32sta.2nv23?i,a1tv2da32sdi2sgo3?i,hi2ya1tv2da1sda,u2tv2da1sdoh3di,
1. He's bluffing him. 2. he's deceiving him 3. he's tricking him,ga.2lo2na32sdi.2ha,ji2lo2na32sdi.2ha,u1lo2na32sta.2nv23?i,ga.2lo2na32sdi2sgo3?i,hi2lo2na1sda,u2lo2na1sdoh3di,
he's winking,a1kta32sdi.2ha,ga.2ga1ta32sdi.2ha,u1kta32sta.2nv23?i,a1kta32sdi2sgo3?i,ha.2kta1sda,u2kta1sdoh3di,
he's closing his eyes,da1kta32sdi.2ha,de2ga.3ga1ta32sdi.2ha,du1kta32sta.2nv23?i,da1kta32sdi2sgo3?i,ta.3kta1sda,ju2kta1sdoh3di,
he has a chill,u1hna.2wa32sdi.2ha,a1ki.2na.2wa32sdi.2ha,u1hna.2wa32sta.2nv23?i,u1hna.2wa32sdi2sgo3?i,cha.2na.2wa1sda,u2hna.2wa1sdoh3di,
he's wringing it out,ga3jv2wa32sdi.2ha,ji3jv2wa32sdi.2ha,u1wa3jv2wa32sta.2nv23?i,ga3jv2wa32sdi2sgo3?i,hi1jv2wa1sda,u.2wa1jv23wa32sdoh2di,
he's stretching,a1da2hya32sdi.2ha,ga.2da1ya32sdi.2ha,u1da2hya32sta.2nv23?i,a1da2hya32sdi2sgo3?i,ha.2da2hya1sda,u2da2hya1sdoh3di,
he's dodging,da1da.2nv23di32sdi.2ha,de2ga.3da.2nv23di32sdi.2ha,du1da.2nv23di32sta.2nv23?i,da1da.2nv23di32di2sgo3?i,ta.2da.3nv2di1sda,ju2da.2nv23di32sdoh2di,
he's starting it,a1hni.2gi32sdi.2ha,ga1ni.2gi32sdi.2ha,u1hni.2gi32sta.2nv23?i,a1hni.2gi32sdi2sgo3?i,ha2hni.2gi1sda,u23hni.3gi1sdoh2di,
he's praying,a1da2do23li32sdi.2ha,ga.2da2do23li32sdi.2ha,u1da2do23li32sta.2nv23?i,a1da2do23li32sdi2sgo3?i,ha.2da2do2li1sda,u2da2do23li32sdoh2di,
he's pouring liquid into a container,a1dli32sdi.2ha,ji.2dli32sdi.2ha,u1dli32sta.2nv23?i,a1dli32sdi2sgo3?i,hi.2dli1sda,u2dli1sdoh2di,
"he's slamming him, it",de2ga.3lv2dv23ni32sdi.2ha,de2ji3lv2dv23ni32sdi.2ha,du1lv2dv23ni32sta.2nv23?i,de2ga.3lv2dv23ni32sdi2sgo3?i,ti2lv3dv2ni1sda,ju2lv2dv23ni32sdoh2di,
he's embarrassing him,a1de2ho23hi.3sdi.2ha,ji2ya.2de2?o23hi.3sdi.2ha,u1de2ho23hi.23sta.2nv23?i,a1de2ho23hi.3sdi2sgo3?i,hi2ya.2de.2?o2hi.2sda,u2de2ho23hi.3sdoh2di,
he's turning it,ga2dey23sdi.2ha,ji2de23ya32sdi.2ha,u1wa2dey23sta.2nv23?i,ga2dey23sdi2sgo3?i,hi2dey2sda,u.2wa2dey23sdoh2di,
he's spinning it,ga2di3gwa.2lv2dey23sdi.2ha,ji2di3gwa.2lv2dey23sdi.2ha,u1wa2di3gwa.2lv2dey23sta.2nv23?i,ga2di3gwa.2lv2dey23sdi2sgo3?i,hi2di1gwa.2lv2dey23sda,u.2wa2di1gwa.2lv2dey23sdoh2di,
"he's releasing it, (involuntarily)",du3sga.2le3sdi.2ha,da1gwa3sga.2le3sdi.2ha,du3sga.2le3sta.2nv23?i,du3sga.2le3sdi2sgo3?i,di.2ja3sga.2le3sda,ju1sga.2le1sdoh3di,
"1. he's drawing a picture of him, it; 2. he's photographing him, it",da1hli2lo3sdi.2ha,de2ji3ya.2dli1lo3sdi.2ha,du1hli2lo3sta.2nv23?i,da1hli2lo3sdi2sgo3?i,ti2ya.3dli2lo3sda,ju2hli2lo1sdoh3di,
"he's smothering him, it",a1ha.2wo3sdi.2ha,ji.2?a.2wo3sdi.2ha,u1ha.2wo3sta.2nv23?i,a1ha.2wo3sdi2sgo3?i,hi.2?a.2wo1sda,u2ha.2wo1sdoh2di,
"he's smothering, suffocating",u1ha.2wo3sdi.2ha,a1gi.2ha.2wo3sdi.2ha,u1ha.2wo3sta.2nv23?i,u1ha.2wo3sdi2sgo3?i,ja.2ha.2wo1sda,u2ha.2wo1sdoh3di,
he's holding his breath,a1ta.2hwo3sdi.2ha,ga.?2da.2hwo3sdi.2ha,u1ta.2hwo3sta.2nv23?i,a1ta.2hwo3sdi2sgo3?i,ha.2ta.2hwo1sda,u2ta.2hwo1sdoh3di,
"1. he's breaking it., 2. he's spoiling him",a1yo3sdi.2ha,ji2yo3sdi.2ha,u1yo3sta.2nv23?i,a1yo3sdi2sgo3?i,hi2yo1sda,u2yo1sdoh3di,
he's being married,da1ga.2chv3sdi.2ha,dv1gwa.2chv3sdi2ha,da1ga.2chv3sta.2nv23?i,da1ga.2chv3sdi2sgo3?i,wi.2de23ja.3chv1sda,ja.2ga.2chv1sdoh3di,
he's making him angry,ka.2na23lv3sdi.2ha,ji1na23lv3sdi.2ha,u1hna23lv3sta.2nv23?i,ka.2na23lv3sdi2sgo3?i,hi1na2lv2sda,u2hna23lv3sdoh2di,
he's vomiting,du1ksdi.2ha,da1gi.2ksdi.3ha,du1ksta.2nv3?i,du1ksdi23sgo.3?i,di.2ja.3ksda,ju2ksdoh3di,
it's (sun or moon) shining,a1ga3li.2ha,-----,u1ga3li2sv23?i,a1ga3li2sgo3?i,-----,u2ga2li23hi.3sdi,
he's greeting him,a1yo3li.2ha,ji2yo3li.3ha,u1yo23li32lv23?i,a1yo3li.2ho3?i,hi2yo2li.2ga,u2yo23li32sdi,
"he's joking, he's teasing",ga.2we3hli.2ha,ji.2we3hli.2ha,u1we3hlv2hnv23?i,ga.2we3hli2sgo3?i,hi.2we1hlv23na,u2we1hlvh3di,
he's speaking,ga.2wo3ni.2ha,ji.2wo3ni.2ha,u1wo3ni2sv23?i,ga.2wo3ni2sgo3?i,hi.2wo1ni23hi,u2wo1ni23hi.3sdi,
he's hitting him on the abdomen with a long object,a1sgwo2ha.2lv3ni.2ha,ji1sgwo2ha.2lv3ni.2ha,u1sgwo2ha.2lv23ni32lv23?i,a1sgwo2ha.2lv3ni.2ho3?i,hi1sgwo2ha.2lv2ni1ga,u2sgwo2ha.2lv23ni32sdi,
he's hitting him on the head with a long object,a1sgwa.2lv3ni.2ha,ji1sgwa.2lv3ni.2ha,u1sgwa.2lv23ni32lv23?i,a1sgwa.2lv3ni.2ho3?i,hi1sgwa.2lv2ni1ga,u2sgwa.2lv2ni32sdi,
he's hitting him on the mouth,a1hu2lv3ni.2ha,ji.2?u2lv3ni.2ha,u1hu2lv23ni32lv23?i,a1hu2lv3ni.2ho3?i,hi.2?u2lv2ni1ga,u2hu2lv23ni32sdi,
"he's slapping him, it",a1sih2tv3ni.2ha,ji2ya1sih2tv3ni.2ha,u1sih2tv23ni32lv23?i,a1sih2tv3ni.2ho3?i,hi2ya1sih2tv2ni1ga,u2sih2tv23ni32sdi,
he's beating him up,ga.2lv3hni.2ha,ji2lv3hni.2ha,u1lv3hni.2lv23?i,ga.2lv3hni.2ho3?i,hi2lvnh1ga,u2lvn1sdi,
he's changing his socks,da1li23yo3si.2ha,de2ga3li23yo32si.2ha,du1li23yo3sv2hv23?i,da1li23yo3si2ho3?i,ta2li3yo2sa,ju2li23yo3svh2di,
he hates him,ga.2ni.2gwa32ti.2ha,ji2ni.2gwa32ti.2ha,u1ni.2gwa32ti.2hlv23?i,ga.2ni.2gwa32ti.2ho3?i,hi2ni.2gwa1ti.2ga,u2ni.2gwa1ti.3sdi,
he's peeking through,a1kti.2ha,ga.2ga1ti.2ha,u1kta.2hnv23?i,a1kti23sgo.3?i,ha.2kta,u2ktoh2di,
he has a cold,u2hyv2dla u1ni3yi.2ha,u2hyv2dla a1gi.?3ni2yi.3ha,u2hyv2dla u1ni3yv2hv23?i,u2hyv2dla u1ni3yi23sgo.3?i,u2hyv2dla wi2ja?3ni2ya,u2hyv2dla u2niyh23di,
he's looking around,a1kte3no.2ha,ji.2ga1te3no.2ha,u1kte23no32lv23?i,a1kte3no.2ho3?i,hi.2kte2na.2ga,u2kte23na32sdi,
1. he's going around a curve  2. he's turning off the road  3. he's circling it,a1de3yo.2ha,ga2de2yo.2ha,u1de23yo32lv23?i,a1de3yo.2hoi,ha2de2ya.2ga,u2dey23sdi,
"he, it's spinning, rotating",a1di3gwa.2lv2de3yo.2ha,ga2di3gwa.2lv2de3yo.2ha,u1di3gwa.2lv2de23yo32lv23?i,a1di3gwa.2lv2de2yo.2ho3?i,ha2di1gwa2lv2de2ya.2ga,u2di1gwa.2lv2dey23sdi,
he's braiding it,a1sde3yo.2ha,ji1sde3yo.2ha,u1sde23yo32lv23?i,a1sde3yo.2ho3?i,hi.2sde2ya.2ga,u2sde23yo32di,
he's looking for it (inanimate),u1hyo.2ha,a1gi.2hyo.3ha,u1hya.2lv23?i,u1hyo.2ho3?i,jayh2ga,uy2sdi,
he's afraid,a1sga32ha,ji1sga32ha,u1sga3lv23?i,a1sga3ho3?i,hi.2sga23ya,u2sga1sdi,
he's looking after him,da1ka.2no2wa.2di23do32ha,de2ji3ga1no2wa.2di23do32ha,du1ka.2no2wa.2di23do32lv23?i,da1ka.2no2wa.2di23do32ho3?i,ti2ga32no2wa.2di23da,ju2ka.2no2wa.2di23da32sdi,
"he's handling it, he has it in his hand",a1hi23do32ha,ji.2?i23do32ha,u1hi23do32lv23?i,a1hi23do32ho3?i,hi.2hi23da,u2hi23da32sdi,
he's visiting him,a1hwah2tv2hi23do32ha,ji1wah2tv2hi23do32ha,u1hwah2tv2hi23do32lv23?i,a1hwah2tv2hi23do32ho3?i,hi1wah2tv2hi23da,u2hwah2tv2hi23da32sdi,
he's visiting,a1da2hwah2tv2hi23do32ha,ga2da1wah2tv2hi23do32ha,u1da2hwah2tv2hi23do32lv23i,a1da2hwah2tv2hi23do32ho3?i,ha.2da2hwah2tv2hi2da,u2da2hwah2tv2hi23da32sdi,
he's handling some liquid,ganh2ji23do32ha,ji.2nv1ji23do32ha,unh1ji23do32lv23?i,ganh2ji23do32ho3?i,hinh2ji23da,unh2ji23da32sdi,
he's hunting,ga.2no2ha.2li23do32ha,ji.2no.2?a.2li23do32ha,u1no2ha.2li23do32lv23?i,ga.2no2ha.2li23do32ho3?i,hi.2no2ha.2li23da,u2no2ha.2li23da32sdi,
its taking time,a1hli.3?i.2li23do32ha,,u1hli.3?i.1li23do32lv23?i,a1hli.3?ilido32ho3?i,,u2hli.2?i.2li23da32sdi,
they are having a trial,da1na.2da2hi.?3li23do32ha,do1ja.2da2hi.?3li23do32ha,du1na.2da2hi.?3li23do32lv23?i,da1na.2da2hi.?3li23do32ho3?i,di1ja.2da3hi.?2li2da,ju2na.2da2hi.?2li23da32sdi,
he's handling a long object,ga2ni23do32ha,ji2ni23do32ha,u1wa2ni23do32lv23?i,ga2ni23do32ho3?i,hi2na23da,u.2wa2ni23da32sdi,
he's handling a flexible object,ga.2hni23do32ha,ji.?2ni23do32ha,u1hni23do32lv23?i,ga.2hni23do32ho3?i,hi.2hni23da,u2hni23da32sdi,
"he's tromping on him/it,   he's speaking badly of him",a1la32sda.2?e2ha,ji2ya.2la32sda.2?e2ha,u1la32sda.2?e2hlv23?i,a1la32sda.2?e2sgo3?i,hi2ya.2la1sda.2?v23la,u2la1sda.2?eh3di,
he's agitating liquid,ganh2gwa.3?e2ha,jinh1gwa.3?e2ha,unh1gwa.3?e2hv23?i,ganh2gwa.3?e2sgo3?i,hinh2gwa.2?v23la,unh2gwa.2?eh3di,
"1. he's taking liquid from him, it  2. he's milking it (when used with unvdi)",ga.2ne2gi3?e2ha,ji2ne2gi3?e2ha,u1ne2gi3?e2lv23?i,ga.2ne2gi3?e2ho3?i,hi2ne2gi1si,u2ne2gi.2?eh3di,
he's disbelieving,u1dla32si2tv3?e2ha,a1gwa.2dla32si2tv3?e2ha,u1dla32si2tv3?e2lv23?i,u1dla32si2tv3?e2ho3?i,ja.2dla1si2tv1si,u2dla1si2tv3?e2hdi,
he's paying him,a1kwi.2yv3?e2ha,ji2ya.2gwi.2yv3?e2ha,u1kwi.2yv3?e2lv23?i,a1kwi.2yv3?e2ho3?i,hi2ya.2gwi.2yv1si,u2kwi.2yv2?eh3di,
it's dripping,ga3sgwo.2?i2ha,,u1wa3sgwo1lv23?i,ga3sgwo.2?i.2ho3?i,,u.2wa1sgwo1?i.2sdi,
he's moaning,u1li23ye32di2ha,a1gi.2li23ye32di.2ha,u1li.23ye32ta.2nv23?i,u1li23ye32di2sgo3?i,ja.2li2ye1da,u2li23ye32dohdi,
he's making a mistake,u1li23da32sdi2ha,a1gi.2li23da32sdi.2ha,u1li23da32sta.2nv23?i,u1li23da32sdi2sgo3?i,ja.2li2da32sda,u2li23da32sdoh2di,
he's exploding it,a1ta.2sgi3sdi2ha,ji1ta.2sgi3sdi.2ha,u1ta.2sgi3sta.2nv23?i,a1ta.2sgi3sdi2sgo3?i,ha.2ta.2sgi1sda,u2ta.2sgi1sdoh3di,
he's batting it,go2sdv3ni2ha,go1sdv3ni.2ha,u1wo2sdv23ni32lv23?i,go2sdv3ni.2ho3?i,ho2sdv2ni1ga,u.2wo2sdv23ni32sdi,
"he, it's rocking",da1hlih2ge.3ha,de2ga.?3lih2ge.3ha,du1hlih2ge23hv3?i,da1hlih2ge23sgo.3?i,ta.2hlih3gv2la,ju2hlih2geh2di,
he's telling it,ka.2no2he.3ha,ji1no2he.3ha,u1hno2he23hlv3?i,ka.2no2he23sgo.3?i,hi.2hno2hv23la,u2hno2heh2di,
he's conversing,da1hli.2no2he.3ha,de2ga.3li1no2he.3ha,du1hli.2no2he23hlv3?i,da1hli.2no2he23sgo.3?i,ta.2hli.3no2hv2la,ju2hli.2no2heh2di,
he's looking at himself in a mirror,a1da2ke.3ha,ga.2da1ke.3ha,u1da2ke23hv3?i,a1da2ke23sgo.3?i,ha.2da2kv23la,u2da2keh3di,
he's saying to him,go1se.3ha,ji2yo1se.3ha,u1wo1se23lv2?i,go1se.3ho.3?i,hi2yo1si,u.2wo1seh3di,
"he's over-taking him, it",ga.2lo2hi.2se.3ha,ji2lo.2?i.2se.3ha,u1lo2hi.2se23lv3?i,ga.2lo2hi.2se23ho3?i,hi2lo.2?i.2si,u2lo2hi.2seh3di,
he's losing it,u1yo2hu23se.3ha,a1gi.2yo2hu23se.3ha,u1yo2hu23se3lv23?i,u1yo2hu23se3ho3?i,ja.2yo2hu23si,u2yo2hu23seh3di,
he's thinking,a1danh2te.3ha,ga.2da2nv1te.3ha,u1danh2te23hlv3?i,a1danh2te23sgo.3?i,ha.2danh2tv23la,u2danh2teh2di,
"he's trimming it, (boy's hair, grass, hedge, but not paper, cloth)",a1sdo2ye.3ha,ji1sdo2ye.3ha,u1sdo2ye23hv3?i,a1sdo2ye23sgo.3?i,hi1sdo23ya,u2sdoyh2di,
he's prying it,ka.2ne3gwa.2di.3ha,ji1ne3gwa.2di.3ha,u1hne3gwa.2dv2hv23?i,ka.2ne3gwa.2di23sgo.3?i,hi.2hne1gwa.3da,u2hne1gwa.2tdi,
he's placing a long object in an upright position,a1leh2di.3ha,ga.2le1di.3ha,u1leh2ta.3nv3?i,a1leh2di23sgo.3?i,ha.2leh2da,u2leh2doh3di,
1. he's helping him up 2. he's standing it up (object with legs),da1leh2di.3ha,de2ji3ya.2le1di.3ha,du1leh2ta.3nv3?i,da1leh2di23sgo.3?i,ti2ya.3le1da,ju2leh2doh3di,
"he's making it (round, long) fall",go2honh2di.3ha,go.2?onh2di.3ha,u1wo2honh2ta.3nv3?i,go2honh2di23sgo.3?i,ho2honh2da,u.2wo2honh2doh3di,
he's showing it to him,a1gowh2tvh2di.3ha,ji2gowh1tvh2di.3ha,u1gowh2tvh2ta.2nv3?i,a1gowh2tvh2di23sgo.3?i,hi2gowh1tvh2da,u2gowh2tvh2doh3di,
he's melting it,gv1nawh2di.3ha,gv2na.2wo1di.3ha,u1wa2nawh2ta.3nv3?i,gv2nawh2di23sgo.3?i,hv2nawh2da,u.2wa2nawh2doh3di,
he's warming it,a1ga2nawh2di.3ha,ji.2ga2na.2wo1di.3ha,u1ga2nawh2ta.2nv3?i,a1ga2nawh2di23sgo.3?i,hi.2ga2nawh2da,u2ga2nawh2doh3di,
1. he's making it crisp  2. he's starching it,a1sda.2gayh2di.3ha,ji1sda.2gayh2di.3ha,u1sda.2gayh2ta.3nv3?i,a1sda.2gayh2di23sgo.3?i,hi.2sda.2gayh2da,u2sda.2gayh2doh3di,
he's rising from a prone position,a1di2di.3ha,ga.2di2di3?a,u1di2dv2hv23?i,a1di2di23sgo.3?i,ha.2di23da,u2di2tdi,
"he's taking off flying, its flying away",a1hla.2wi2di.3ha,ga.2dla.2wi2di.3ha,u2hla.2wi2dv2hv23?i,a1hla2wi2di23sgo.3?i,ha.2hla.2wi23da,u2hla.2wi2tdi,
"he's taking it (animal, flexible object) somewhere",ga.2na32wi2di.3ha,ji2na32wi2di.3ha,u1na32wi2dv2hv23?i,ga.2na32wi2di23sgo3?i,hi2na1wi23da,u2na1wi23tdi,
he's taking some liquid somewhere,ga.2ne2hwi2di.3ha,ji.2ne1wi2di.3ha,u1ne2hwi2dv2hv23?i,ga.2ne2hwi2di2sgo3?i,hi.2ne2hwi23da,u2ne2hwi2tdi,
he's taking a long object somewhere,a1yv2hwi2di.3ha,ji.2yv1wi2di.3ha,u1yv2hwi2dv2hv23?i,a1yv2hwi2di23sgo.3?i,hi.2yv2hwi23da,u2yv2hwi2tdi,
he's putting it into a container,gahl2di.3ha,ji.2lo1di.3ha,uhl1ta.2nv3?i,gahl2di23sgo.3?i,hihl2da,uhl2doh3di,
he's setting a price,da1gv2wahl2di.3ha,de2ji.3gv2wa.2lo1di.3ha,du1gv2wahl2ta.3nv3?i,da1gv2wahl2di23sgo.3?i,ti.2gv3wah2lda,ju2gv2wahl2doh3di,
he's attempting it,a3nehl2di.3ha,ga3nehl2di.3ha,u3nehl2ta.3nv3?i,a3nehl2di23sgo.3?i,ha1nehl2da,u1nehl23doh2di,
"he's playing with him, it",da3nehl2di.3ha,de2ji3ya3nehl2di.3ha,du3nehl2ta.3nv3?i,da3nehl2di23sgo.3?i,ti2ya32nehl2da,ju1nehl23doh2di,
he's lecturing him,ga.2wonh3di.3ha,ji2wonh3di.3ha,u1wonh3ta.2nv23?i,ga.2wonh3di23sgo3?i,hi2wonh1da,u2wonh1doh3di,
he's putting it on,ni.2gvnh3di.3ha,ni.2gvnh3di.3ha,nu1wanh3ta.2nv3?i,ni.2gvnh3di23sgo.3?i,hnvnh3da,i.2yu.3wanh1doh3di,
he's stopping him/it,a1le2hwi.2sdoh3di.3ha,ji2ya.2le1wi.2sdoh3di.3ha,u1le2hwi.2sdoh3ta.3nv23?i,a1le2hwi.2sdoh3di3sgo3?i,hi2ya.2le1wi.2sdoh2da,u2le2hwi.2sdoh3doh3di,
"he is dropping him, it (flexible)",ga.2dohn3di.3ha,ji2ya.2donh3di.3ha,u1donh3ta.3nv3?i,ga.2donh3di23sgo.3?i,hi2ya.2donh1da,u2donh1doh3di,
he's using it,kdi.3ha,gv1di.3ha,uwh1ta.2nv3?i,kdi23sgo.3?i,hvh2da,uwh2doh3di,
he's staggering,du1do32kdi.3ha,da1gwa.2do32kdi.3ha,du1do32kta.2nv3?i,du1do32kdi23sgo.3?i,di.2ja.3do32kda,ju2do1kdoh3di,
he's deciding,de2gu3kdi.3ha,de2gu3go1di.3ha,du1wu2kta.3nv3?i,de2gu3kdi23sgo.3?i,tu23kda,ju.2wu2kdoh3di,
he's snorting,a1hli.2yv23sa.3naw1sdi.3ha,ga.2li1yv23sa.3naw1sdi.3ha,u1hli.2yv23sa.3naw1sta.2nv3?i,a1hli.2yv23sa.3naw1sdi23sgo3?i,ha.2hli.2yv2sa.2naw1sda,u2hli.2yv23sa.3naw1sdoh3di,
"he's including him, it (in counting)",a1se.2sdi.3ha,ji1ya2se.2sdi.3ha,u1se.2sta.3nv23?i,a1se.2sdi3sgo3?i,hi2ya1se.2sda,u2se.3sdoh3di,
he's promising,a1tu.3?i.2sdi.3ha,ji1tu.3?i.2sdi.23ha,u1tu.3?i.2sta.3nv3?i,a1tu.3?i.2sdi23sgo.3?i,hi.2tu.2?i.2sda,u2tu.2?i.2sdoh3di,
he's mentioning it,ka.2ne3?i.2sdi.3ha,ji1ne3?i.2sdi.3ha,u1hne3?i.2sda.3nv3?i,ka.2ne3?i.2sdi23sgo.3?i,hi.2hne.2?i.2sda,u2hne.2?i.2sdoh3di,
1. he's preparing it.  2. he's getting ready,a1dv2nv3?i.2sdi.3ha,ga.2dv2nv3?i.2sdi.3ha,u1dv2nv3?i.2sta.3nv3?i,a1dv2nv3?i.2sdi23sgo.2?i,ha.2dv2nv2?i.2sda,u2dv2nv.2?i.2sdoh3di,
"1. he's raising him, it., 2. he's growing it., (plant)",a1tv.2hi.2sdi.3ha,ji2ya.?2dv.2hi.2sdi.3ha,u1tv.2hi.2sta.2nv3?i,a1tv.2hi.2sdi23sgo.3?i,hi2ya.?2dv.2hi.2sda,u2tv.2hi.2sdoh3di,
he's stopping by (on his way somewhere),ga.2lo2hi.2sdi.3ha,ji.2lo.2?i.2sdi.3ha,u1lo2hi.2sta.3nv3?i,ga.2lo2hi.2sdi23sgo3?i,hi.2lo2hi.2sda,u2lo2hi.2sdoh3di,
he's taking a break,a1yo.3hi.2sdi.3ha,ji.?3yo.2hi.2sdi.3ha,u1yo.3hi.2sta.3nv3?i,a1yo.3hi.2sdi23sgo.3?i,hi.2yo.2hi.2sda,u2yo.2hi.3sdoh2di,
"he, it's making noise",a1da.2no2hyv2hli.2sdi.3ha,ga.2da.2no2yv1li1sdi.3ha,u1da.2no2hyv2hli.2sta.2nv3?i,a1da.2no2hyv2hli.2sdi23sgo.3?i,ha.2da.2no2hyv2hli.2sda,u2da.2no2hyv2hli.2sdoh3di,
he's causing it to sound,ga.2no2hyv2hli.2sdi.3ha,ji.2no2yv1li.2sdi.3ha,u1no2hyv2hli.2sta.3nv3?i,ga.2no2hyv2hli.2sdi23sgo3?i,hi.2no2hyv2hli.2sda,u2no2hyv2hli.2sdoh3di,
he's cooking it (a specific food),gv2hni.2sdi.3ha,gv1ni.2sdi.3ha,u1wa2hni.2sta.3nv3?i,gv2hni.2sdi23sgo.3?i,hv2hni.2sda,u.2wa2hni.2sdoh3di,
he/it is stopping,a1le2hwi.2sdi.3ha,ga.2le1wi.2sdi.3ha,u1le2hwi.2sta.2nv3?i,a1le2hwi.2sdi23sgo.3?i,ha.2le2hwi.2sda,u2le2hwi.2sdoh3di,
"he's burning him, it",a1go.3hv.2sdi.3ha,ji2ya.3go.2hv.2sdi.3ha,u1go.3hv.2sta.3nv3?i,a1go.3hv.2sdi23sgo.3i,hi2ya.2go.2hv.2sda,u2go.2hv.3sdoh2di,
"he's pressing down on him, it",a1son32sdi.3ha,ji2ya1son32sdi.3ha,u1son32sta.2nv23?i,a1son32sdi23sgo.3?i,hi2ya1son1sda,u2son1sdoh2di,
he's smelling it  (sniff),al1sv32sdi.3ha,ga.2li1sv32sdi.3ha,ul1sv32sta.2nv23?i,al1sv32sdi2sgo3?i,hal2sv1sda,ul2sv1sdoh3di,
he's taking off running,a1da.2naw32sdi.3ha,ga.2da.2naw32sdi.3ha,u1da.2naw32sta.2nv23?i,a1da.2naw32sdi23sgo.3?i,ha.2da.2naw1sda,u2da.2naw1sdoh3di,
He's making an X,da1da2hnaw32sdi.3ha,de2ga.3da1naw32sdi.3ha,du1da2hnaw32sta.2nv23?i,da1da2hnaw32sdi2sgo3?i,ta.2da3hnaw1sda,ju2da2hnaw1sdoh3di,
he's breaking it up,a1yo.3?i2sdi.3ha,ji.2yo.3?i2sdi.3ha,u1yo.3?i2sta.2nv3?i,a1yo.3?i2sdi23sgo.3?i,hi.2yo.2?i2sda,u2yo.2?i2sdoh3di,
he's loaning it to him,a1tol2sdi.3ha,ji2ya1tol2sdi.3ha,u1tol2sta.3nv3?i,a1tol2sdi23sgo3?i,hi2ya1tol2sda,u2tol2sdoh3di,
"1. he's aiming at him, it  2 . he's aiming it",dal1so2sdi.3ha,de2ji3ya.2li1so23sdi.3ha,dul1so23sta.3nv23?i,dal1so23sdi3sgo3?i,ti2ya.3li1so23sda,jul2so23sdoh3di,
he's scheduling time,da1sv2sdi.3ha,de2ji32sv2sdi.3ha,du1sv2sta.3nv3?i,da1sv2sdi23sgo.3?i,ti.2sv3sda,ju2sv2sdoh3di,
he's accusing him,gu2hi23sdi.3ha,ji2yu.2?i23sdi.3ha,u1wu2hi23sta.3nv23?i,gu2hi23sdi3sgo3?i,hi2yu.2?i23sda,u.2wu2hi23sdoh3di,
1. he's setting a goal 2.  he's aiming,al1so23sdi.3ha,ga.2li1so23sdi.3ha,ul1so23sta.3nv23?i,al1so23sdi3sgo3?i,hal2so23sda,ul2so23sdoh3di,
he's sifting it,gv2gu23sdi.3ha,gv2gu1sdi.3ha,u1wa2gu23sta.3nv23?i,gv2gu23sdi3sgo3?i,hv2gu23sda,u.2wa2gu23sdoh3di,
he's resting,a1da.2we3so2lv23sdi.3ha,ga.2da.2we3so2lv23sdi.3ha,u1da.2we3so2lv23sta.3nv23?i,a1da.2we3so2lv23sdi3sgo3?i,ha.2da.2we1so23lv3sda,u2da.2we1so23lv3sdoh2di,
he's resting him,ga.2we3so2lv23sdi.3ha,ji2ya.2we3so2lv23sdi.3ha,u1ya.2we3so2lv23sta.3nv23?i,ga.2we3so2lv23sdi3sgo3?i,hi2ya.2we1so2lv23sda,u2ya.2we1so23lv3sdoh2di,
he's straining it,ka.2nv3so2lv23sdi.3ha,ji1nv3so2lv23sdi.3ha,u1hnv3so2lv23sta.3nv23?i,ka.2nv3so2lv23sdi3sgo3?i,hi.2hnv1so2lv23sda,u2hnv1so23lv3sdoh2di,
1. he's making smoke; 2. it's smoking,da1ksv3sdi.3ha,de2ji.3ga1sv23sdi.3ha,du1ksv3sta.3nv23?i,da1ksv3sdi3sgo3?i,ti.3ksv2sda,ju2ksv23sdoh3di,
"he's making him, it fly",a1hla.2wi2tdi.3ha,ji2ya.2dla.2wi2tdi.3ha,u1hla.2wi2tda.3nv3?i,a1hla.2wi2tdi23sgo.3?i,hi2ya.2dla.2wi2tda,u2hla.2wi2tdo.h3di,
he's shattering it,ahl1ko2tdi.3ha,ga.2li1ko2tdi.3ha,uhl1ko2tta.2nv3?i,ahl1ko3tdi23sgo.3?i,hahl2ko2tda,uhl2ko2tdoh3di,
"he's killing him, it",a1hi.3ha,ji.2?i.3ha,u1hlv23?i,a1hi.2ho3?i,hi2lu1ga,u2hi.2sdi,
"he's counting it, them",da1se.2hi.3ha,de2ga32se.2hi.3ha,du1se.2hlv3?i,da2se.2hi.3ho3?i,ta.2se.3ga,ju2se.3sdi,
he's distributing it,a1ya32to.2hi.3ha,ji.2ya32to.2hi.3ha,u1ya32to.2hlv23?i,a1ya32to.2hi.2ho3?i,hi.2ya1to.2hi,u2ya1to.2hi.3sdi,
he's putting on a belt,a1da3dlo2hi.3ha,ga.2da3dlo2hi.3ha,u1da3dlo2hlv23i,a1da3dlo23hi2ho3?i,ha.2da1dlo23ga,u2da1dlo23sdi,
he's strapping it,ga3dlo2hi.3ha,ji3dlo2hi.3ha,u1wa3dlo2hlv23?i,ga3dlo2hi.2ho3?i,hi1dlo23ga,u.2wa1dlo23sdi,
1. he's tying up a leg 2. he's applying a break,ga.2nv3hlo2hi.3ha,ji2nv3hlo2hi.3ha,u1nv3hlo2hlv23?i,ga.2nv3hlo2hi.2ho3?i,hi2nv1hlo23ga,u2nv1hlo23sdi,
"he's shooting him, it",a1yo2hi.3ha,ji2yo.2?i.3ha,u1yo2hlv23?i,a1yo2hi.2ho3?i,hi2yo.2?a,u2yo2sdi,
"1. he's pricking him, it  2. he's giving him an injection",ga2ja.2yo2hi.3ha,ji2ya2ja.2yo.2?i.3ha,u1wa2ja.2yo2hlv23?i,ga2ja.2yo2hi.2ho3?i,hi2ya2ja.2yo.2?a,u.2wa2ja.2yo2sdi,
he's asking for it,a1ta.2yo2hi.3ha,ji1ta.2yo2hi.3ha,u1ta.2yo2hlv23?i,a1ta.2yo2hi2ho3?i,hi.2ta.2yo23ha,u2ta.2yo2sdi,
he's pecking it,ga2gwa.2yo2hi.3ha,ji2ya2gwa.2yo.2?i.3ha,u1wa2gwa.2yo2hlv23?i,ga2gwa.2yo2hi.2ho3?i,hi2ya2gwa.2yo.2?a,u.2wa2gwa.2yo2sdi,
he's going to bed,u1sv2hi.3ha,ak1sv2hi.3ha,u1sv2hlv23?i,u1sv2hi.2ho3?i,tsv23ha,u2sv2sdi,
he's entering it,a1yv2hi.3ha,ji.2yv.2?i.3ha,u1yv2hlv23?i,a1yv2hi.2ho3?i,hi.2yv23ha,u2yv2sdi,
it's becoming crisp,a1sda.2ga.2yv2hi.3ha,-----,u1sda.2ga.2yv2hlv23?i,a1sda.2ga.2yv2hi.2ho3?i,-----,-----,
"he's rolling him, it",ga2sa.2gwa.2le23hi.3ha,ji2ya1sa.2gwa.2le23hi.3ha,u1wa2sa.2gwa.2le23hlv3?i,ga2sa.2gwa.2le23hi.3ho3?i,hi2ya1sa.2gwa.2le23ga,u.2wa2sa.2gwa.2le23sdi,
he's tying it,da1ka.2ne23hi.3ha,de2ji.3ga1ne23hi.3ha,du1ka.2ne23hlv3?i,da1ka.2ne23hi.3ho3?i,ti.2ka.3ne2ga,ju2ka.2ne23sdi,
he's wrestling,a3hne23hi.3ha,ga3hne23hi.3ha,u3hne23hlv3?i,a3hne23hi.3ho3?i,ha1hne23ga,u1hne23sdi,
he's arguing,a1ti.2yo23hi.3ha,ga.?2di.2yo23hi.3ha,u1ti.2yo23hlv3?i,a1ti.2yo23hi.3ho3?i,ha.2ti.2yo23ga,u2ti.2yo23sdi,
it's ripping,a1da2ja.2ga.2li.3ha,ga.2da2ja.2ga.2li.3a,u1da2ja.2ga.2lv2hv23?i,a1da2ja.2ga.2li23sgo.3?i,ha.2da.ja.2ga.2la,u2da2ja.2gahl2di,
he's ripping it,ga2ja.2ga.2li.3ha,ji2ja.2ga.2li3?a,u1wa2ja.2ga.2lv2hv23?i,ga2ja.2ga.2li23sgo.3?i,hi2ja.2ga.2la,u.2wa2ja.2gahl2di,
"he's cleaning him, it",ga.2nv2ga.2li.3ha,ji2nv2ga.2li3?a,u1nv2ga.2lv3?hvi,ga.2nv2ga.2li23sgo.3?i,hi2nv2ga.2la,u2nv2gahl2di,
"he's peeling, skinning him, it",ga.2ne3ga.2li.3ha,ji2ne3ga.2li.3ha,u1ne3ga.2lv2hv23?i,ga.2ne3ga.2li23sgo3?i,hi2ne1ga.2la,u2ne1gahl3di,
he's playing ball,a1la32sga.2li.3ha,ga.2la32sga.2li.3ha,u1la32sga.2lv2hv23?i,a1la32sga.2li23sgo.3?i,ha.2la1sga.2la,u2la1sgahl3di,
"1. he's cutting it, 2. he's slicing it",a1gv2ha.2li.3ha,ji.2gv2?a.2li.3ha,u1gv2ha.2lv2hv23?i,a1gv2ha.2li23sgo.3?i,hi.2gv2ha.2la,u2gv2hahl2di,
it's lightning,a1na32ga2li.3ha,-----,u1na32ga.2lv2hv23?i,a1na32ga.2li23sgo.3?i,-----,-----,
he's helping him,a1sde2li.3ha,ji1sde2li.3ha,u1sde2lv2hv23?i,a1sde2li23sgo.3?i,hi1sde23la,u2sdehl2di,
he's helping,al1sde2li.3ha,ga.2li1sde2li.3ha,ul1sde2lv2hv23?i,al1sde2li23sgo.3?i,hal2sde23la,ul2sdehl2di,
he's acting silly,a1dv3ne2li.3ha,ga.2dv3ne2li.3ha,u1dv3ne2lv2hnv23?i,a1dv3ne2li23sgo.3?i,ha.2dv1ne23la,u2dv1nehl23di,
he wants it,u1du2li.3ha,a1gwa.2du2li.3ha,u1du2lv2hv23?i,u1du2li23sgo.3?i,ja.2du23la,u2duhl2di,
it's boiling,a1li.2dli.3ha,,u1li.2dlv2hv23?i,a1li.2dli23sgo.3?i,,u2lihl2di,
he's rooting it out,ka.2na32sde2dli.3ha,ji1na32sde2dli.3ha,u1hna32sde2dlv2hv23?i,ka.2na32sde2dli23sgo.3?i,hi.2hna1sde23dla,u2hna1sdehl23di,
he's sharpening it,kdli.3ha,gv1dli.3ha,uwh1dlv2hv23?i,kdli23sgo.3i,hvh2dla,uwh2dlvh2di,
he's shelling corn,da1ktli.3ha,de2ji.3ga1tli.3ha,du1ktlv2hv23?i,da1ktli23sgo.3?i,ti.3ktla,ju2ktlvh2di,
"1. he's calling him, inviting him. 2. he's receiving, getting him",a1hya.2ni.3ha,ji1ya.2ni.3ha,u1hya.2nv2hv23?i,a1hya.2ni23sgo.3?i,hi1ya.2na,u2hyanh2di,
he's starting/beginning,a1le2ni.3ha,ga.2le2ni3?a,u1le2nv2hv23?i,a1le2ni23sgo.3?i,ha.2le23na,u2lenh2di,
it's beginning,a1da.2le2ni.3ha,-----,u1da.2le2nv2hv23?i,a1da.2le2ni23sgo.3?i,-----,u2da.2lenh2di,
they are separating,da1na.2ga.2le2ni.3ha,do1sda.2ga.2le2ni.3ha,du1na.2ga.2le2nv2hv23?i,da1na.2ga.2le2ni23sgo.3?i,di.2sda.3ga.3le2na,ju2na.2ga.2lenh2di,
he's target practicing,a3go2ni.3ha,ga3go2ni.3ha,u3go2nv2hv23?i,a3go2ni23sgo3?i,ha1go23na,u1gonh23di,
he's spanking him,ga.2li3?v2hni.3ha,ji2li3?v2hni.3ha,u1li3?v2hni.2lv23?i,ga.2li3?v2hni.2ho3?i,hi2li.2?vhn2ga,u2li.2?vhn23sdi,
he's shaking his head,al1sdv2hni.3ha,ga.2li1sdv2hni.3ha,ul1sdv2hni.2lv23?i,al1sdv2hni.3ho.3?i,hal2sdvnh2ga,ul2sdvnh2di,
"1. he's hitting, striking him, it 2. he's knocking",gv2hni.3ha,ji2yv1ni.3ha,u1wa2hni.3lv3?i,gv2hni.3ho3?i,hi2yv2ni1ga,u.2wan2sdi,
"he's mourning for him, it",a1sgo23hni.3ha,ji1sgo23hni.3ha,u1sgo23hni.3lv23?i,a1sgo23hni.3ho3?i,hi1sgonh23ga,u2sgon23sdi,
1. he's withdrawing (a motion)  2. he's withdrawing (his candidacy)  3. he's pulling it out (a drawer),a3se2si.3ha,ga3se2si.3ha,u3se2sv2hv23?i,a3se2si23sgo.3?i,ha1se23sa,u1se23svh3di,
they are gathering,a1na.2da3hli2si.3ha,o1ja.2da3hli2si.3ha,u1na.2da3hli2sa.2hnv23?i,a1na.2da3hli2si23sgo.3?i,i1ja.2da1hli23sa,u2na.2da1hli23soh3di,
he's gathering it,ga3hli2si.3ha,ji3hli2si.3ha,u1wa3hli2sa.2hnv23?i,ga3hli2si23sgo.3?i,hi1hli23sa,u.2wa1hli23soh3di,
he's burying him,ga.?3ni2si.3ha,ji3ni2si.3ha,u1ni3sa.2hnv23?i,ga.?3ni2si23sgo.3?i,hi2ni23sa,u2ni23soh3di,
he's explaining it (a Biblical text),de2go32si2si.3ha,de2go32si2si.3ha,du1wo3si2sa.2hnv23?i,de2go32si2si23sgo.3?i,to3si2sa,ju.2wo1si23soh3di,
he's straightening it,ga2chi.2no2si.3ha,ji1chi.2no2si.3ha,u1wa2chi.2no2sa.2hnv23?i,ga2chi.2no2si.23sgo.3?i,hi2chi.2no23sa,u.2wa2chi.2no2soh2di,
he's recuperating,da1le2hi23si.3ha,de2ga.3le.2?i23si.3ha,du1le2hi23sa.3hnv23?i,da1le2hi23si3sgo3?i,ta.2le3hi2sa,ju2le2hi23soh3di,
he's finding a flexible object,ga.2nawh32ti.3ha,ji2nawh32ti.3ha,u1nawh32tv2hv23?i,ga.2nawh32ti23sgo.3?i,hi2nawh1ta,u2nawh1tvh3di,
"he's stabbing him, it",ga2ti.3ha,ji2ya1ti.2ha,u1wa2ti.2hlv23?i,ga2ti.3ho.3?i,hi2ya1ti.2ga,u.2wa2ti.2sdi,
"he's finding him, it",a1hwah2ti.3ha,ji1wah2ti.3ha,u1hwah2tv2hv23?i,a1hwah2ti23sgo.3?i,hi1wah2ta,u2hwah2tvh2di,
he's finding some liquid,ga.2ne2hwah2ti.3ha,ji.2ne1wah2ti.3ha,u1ne2hwah2tv2hv23?i,ga.2ne2hwah2ti23sgo.3?i,hi.2ne2hwah2ta,u2ne2hwah2tvh2di,
he's finding a long object,a1yv2hwah2ti.3ha,ji2yv1wah2ti.3ha,u1yv2hwah2tv2hv23?i,a1yv2hwah2ti23sgo.3?i,hi.2yv2hwah2ta,u2yv2hwah2tvh2di,
"he sees him, it",a1gowh2ti.3ha,ji2gowh1ti.3ha,u1go2hv23?i,a1gowh2ti23sgo.3?i,hi2go1wah2ta,u2gowh2tvh3di,
it's snowing,gu2ti.3ha,-----,u1wu2ta.2hnv23?i,gu2ti23sgo.3?i,-----,u.2wu2toh2di,
"1. he's getting a long object., 2. he's picking up a long object",a1yi.3ha,ji.2yi3?a,u1yv2hv23?i,a1yi23sgo.3?i,hi.2ya,uyh2di,
he's having a birthday,u1de2ti.2yi.3ha,a1gwa.2de2ti.2yi.3ha,u1de2ti.2yv2hv23?i,u1de2ti.2yi23sgo.3?i,ja.2de2ti.2ya,u2de2tiyh2di,
he's paying,a1kwi.2yi.3ha,ga.2gwi.2yi.3ha,u1kwi.2yv2hv23?i,a1kwi.2yi23sgo.3?i,ha.2kwi.2ya,u2kwiyh2di,
1. he's catching him 2. he's arresting him 3. he's playing catcher,ga.?3ni2yi.3ha,ji3ni2yi.3ha,u1ni3yv2hv23?i,ga.?3ni2yi23sgo.3?i,hi2ni23ya,u2niyh23di,
"he's denying him, it",a1da.2hyi.3ha,ji2ya.2da.?2yi.3ha,u1da.2hyi.2lv23?i,a1da.2hyi.2ho3?i,hi2ya.2da.2yi1ga,u2dayh2sdi,
he's crying,a1dlo2hyi.3ha,ga.2dlo1yi.3ha,u1dlo2hyi.3lv23?i,a1dlo2hyi.3ho.3?i,ha.2dloyh2ga,u2dloy2sdi,
he's weeping,da1dlo2hyi.3ha,de2ga.3dlo1yi.3ha,du1dlo2hyi.3lv3?i,da1dlo2hyi.3ho.3?i,ju2dloy2sdi,ta.2dloyh3ga,
he's untying it,da1ka.2ne23hyi.3ha,de2ji.3ga1ne23hyi.3ha,du1ka.2ne23hyv3hv23?i,da1ka.2ne23hyi3sgo3?i,ti.2ka.3ne23hya,ju2ka.2ne23hyvh3di,
"he's feeding him, it",ge2hlo.3ha,ji2ye1lo.3ha,u1we2hla.3lv3?i,ge2hlo.3ho.3?i,hi2ye2lo1ga,u.2wel2sdi,
1. he's making an incision 2. he's operating on him,a1hye23hlo.3ha,ji1ye23hlo.3ha,u1hye23hla.3lv23?i,a1hye23hlo.3ho3?i,hi1ye2la.2ga,u2hye23lsdi,
it's twisting,a1da.2nu3te2yo.3ha,ga.2da.2nu3te2yo.3ha,u1da.2nu3te2yo.3lv23?i,a1da.2nu1te2yo.3ho3?i,ha.2da.2nu1te2ya.2ga,u2da.2nu1te23yo32di,
"he's twisting him, it",ga.2nu3te2yo.3ha,ji2nu3te2yo.3ha,u1ne3te2yo32lv23?i,ga.2nu3te2yo.3ho3i,hi2nu1te2ya.3ga,u2nu1te23ya32sdi,
he's looking for him,a1hyo.3ha,ji2yo.3ha,u1hya.2lv23?i,a1hyo.2ho3?i,hiyh1ga,uy2sdi,
he's building a fence,a1so23hyo.3ha,ga1so23hyo.3ha,u1so23hya.4lv23?i,a1so23hyo.3ho3?i,ha.2soyh23ga,u2soy23sdi,
he's cheating,ga.2lo2nu2he23ha,ji.2lo2nu.2?e23ha,u1lo2nu2he23hlv3?i,ga.2lo2nu2he23sgo3?i,hi.2lo2nu2hv23la,u2lo2nu2heh2di,
he's taking a long object out of a container,ga.2li23ha,ji.2li3?a,u1lv2hv23?i,ga.2li23sgo3?i,hi.2la,uhl2di,
he's drawing a liquid out of a container,a1dli23ha,ji.2dli.3?a,u1dlv2hv23?i,a1dli23sgo.3?i,hi.2dla,u2dlvh2di,
he's giving him a long  object,a1de3ha,ji2de3ha,u1de3lv23?i,a1de3ho3?i,hi2di1si,u2de3hdi,
he's showing him,a1se.2he3ha,ji2ya1se.2he3ha,u1se.2he3lv23?i,a1se.2he3ho3?i,hi2ya1se.2hi.2si,u2se.3heh3di,
he's washing his hair,al1sdu23le3ha,ga.2li1sdu23le3ha,ul1sdu23le3hv23?i,al1sdu23le3sgo3?i,hal2sdu23la,ul2sduhl23di,
he's giving him some liquid,ga.2ne2hne3ha,ji2ne1ne.3ha,u1ne2hne23lv3?i,ga.2ne2hne23ho.3?i,hi2ne.2?v.2si,u2ne2hne3di,
he's taking it somewhere,a1hwi2di3ha,ji1wi2di.3ha,u1hwi2dv2hv23?i,a1hwi2di23sgo.3?i,hi.2hwi23da,u2hwi2tdi,
he's losing his way,u1le2na23hi3ha,a1gwa.2le2na23hi.3ha,u1le2na23hlv3?i,u1le2na23hi.3ho3?i,ja.2le2na23ga,u2le2na23sdi,
he's choking him,a1hyv.2sgi23yi3ha,ji1yv.2sgi23yi3ha,u2hyv.2sgi23yv3hv23?i,a1hyv.2sgi23yi3sgo3?i,hi1yv.2sgi23ya,u2hyv.2sgiyh23di,
"1. he's walking around., 2. he's here",e2do3ha,ge23do32a,u1we23do32lv23?i,e1do3ho3?i,he23da,u.2we2da1sdi,
he's tossing about,ga.2nv3ji2do3ha,ji.2nv3ji2do3ha,u1nv3ji2do3lv23?i,ga.2nv3ji2do3ho3?i,hi.2nv1ji23da,u2nv1ji23da32sdi,
he's climbing around,ga.?3li2do3ha,ji.?3li2do3ha,u1li3do1lv23?i,ga.?3li2do3ho3?i,hi.?2li23da,u2li23da32sdi,
"he's omitting him, it",ka.2no23hi3ya.2?ha,ji1no23hi3ya.2?a,u1hno23hi3yv23?i,ka.2no23hi3ya1sgo3?i,hi1no2hi23ya,u2hno23hi3ya1sdi,
"he's putting out a fire, a light",kdla.2di.3?ha,gv1dla.2di.3?a,uwh1dla.3dv23?i,kdla.2di32sgo.3?i,hvh2dla.2da,uwh2dla.2di1sdi,
"1.  he's diverting him, it, 2. he's flagging him, it down",a1ha.2lu23gi.3?ha,ji.2?a.2lu23gi.3?a,u1ha.2lu23gi.32sv23?i,a1ha.2lu23gi32sgo3?i,hi.2?a.2lu23gi,u2ha.2lu23gi32sdi,
"he's touching him, it",a1sv2hni.3?ha,ji2ya1sv2hni.3ha,u1sv2hni.3lv3?i,a1sv2hni.3ho.3?i,hi2ya1svnh2ga,u2svn2sdi,
"he's becoming, it's happening",nị²gạ²lsdi²ha,nị²ga¹lị²sdi²ha,nu¹lsta²nv²³ɂi,nị²gạ²lsdi²sgọ³ɂi,hnạ²lsda³,ị²yu²lsdoh²di,
it (weather) is cold,u1hyv2dla,-----,u1hyv2dlv23?i,u1hyv2dloi3?,-----,-----,
he's wearing shoes,du1la32su2hla,da1gwa.2la32su2hla,du1la32su2hlv?i,du1la32su2hlo3?i,de2ja.2la32su2hle3sdi,,
it's rattling,u1jo2na.3ta,a1gwa2jo2na.3ta,u1jo2na.2tv23?i,u1jo2na2to3?i,ha2jo2na.2tv1ga,u2jo2na.2tdi,
he's waiting for him/it,a1kti23ya,ji2ga1ti23ya,u1kti3dv23?i,a1kti23yo.3?i,hi2ga1ti23da,u2kti23di32sdi,
he's looking at him/it,a1kto23sdi,ji2ya.2ga1to23sdi,u1kto23sta.3nv23?i,a1kto23sdi3sgo3?i,hi2ya.2ga1to23sda,u2kto23sdoh3di,
he's driving it (vehicle in motion or animal),a1hi.?3li,ji.2?i.3li,u1hi.?3lv3sv23?i,a1hi.?3li3so3?i,-----,u2hi?2lv1sdi,
he's crawling,a1dan2si23ni,ga.2da.2na1si23ni,u1dan2si23nv32sv23?i,a1dan2si23ne32go32?i,ha.2dan2si2nu1ga,u2dan2si23nv32sdi,
he's leading him,a1ti.3hni,ji2ya1ti.3hni,u1ti.2hnv3sv23?i,a1ti.2hne3go3?i,hi2ya1ti.2hnu1ga,u2ti.2hnv1sdi,
he's heading in the direction of,wa.2kti,wi.2ji.2ga32ti,wa1ktv23?i,wa.2kto3?i,hwi.2kte32sdi,,
