corpus_id,definition,class,prediction
4,it’s bouncing,eg-invs,FullEventful
5,he/she is limping,eg-invs[perf2],FullEventful
6,he/she is bouncing it,ih-ohd,FullEventful
6,he/she is bouncing it,ih-ohd[perf3],FullEventful
6,he/she is bouncing it,ih-ohd[pres2],FullEventful
6,he/she is bouncing it,ih-ohd[pres2-perf3],FullEventful
7,he/she is putting on a belt,hih-lh,FullEventful
10,he/she is praying,ih-ohd,FullEventful
10,he/she is praying,ih-ohd[perf3],FullEventful
10,he/she is praying,ih-ohd[pres2],FullEventful
10,he/she is praying,ih-ohd[pres2-perf3],FullEventful
16,he/she is fanning himself/herself,eh-eh,FullEventful
16,he/she is fanning himself/herself,eh-a,FullEventful
18,he/she is visiting,oh-ol-a,FullEventful
19,he/she is stretching,ih-ohd,FullEventful
19,he/she is stretching,ih-ohd[perf3],FullEventful
19,he/she is stretching,ih-ohd[pres2],FullEventful
19,he/she is stretching,ih-ohd[pres2-perf3],FullEventful
21,he/she is denying him/her,hih-hil[imp2],FullEventful
22,he/she is committing adultery,eh-el[imp4],FullEventful
25,it’s ripping,ih-vh,FullEventful
27,he/she is looking at himself/herself in a mirror,eh-eh,FullEventful
27,he/she is looking at himself/herself in a mirror,eh-a,FullEventful
29,it’s beginning,ih-vh,FullEventful
29,it’s beginning,stative,FullStative
29,it’s beginning,hvsg-han,InfEventful
29,it’s beginning,hvsg-hn[inf2],InfEventful
29,it’s beginning,vhvsg,InfEventful
29,it’s beginning,eh-a,InfEventful
29,it’s beginning,ih-vh,InfEventful
29,it’s beginning,vnh-ih-a,InfEventful
30,he/she is shopping,sg-h,FullEventful
30,he/she is shopping,sg-h[imp2],FullEventful
30,he/she is shopping,hvsg-hn[inf3],FullEventful
30,he/she is shopping,vhvsg[inf2],FullEventful
32,he/she is taking off running,ih-ohd,FullEventful
32,he/she is taking off running,ih-ohd[perf3],FullEventful
32,he/she is taking off running,ih-ohd[pres2],FullEventful
32,he/she is taking off running,ih-ohd[pres2-perf3],FullEventful
33,he/she is changing,v-vhs,FullEventful
34,he/she is taking turns with him/her,ih-ohd,FullEventful
34,he/she is taking turns with him/her,ih-ohd[perf3],FullEventful
34,he/she is taking turns with him/her,ih-ohd[pres2],FullEventful
34,he/she is taking turns with him/her,ih-ohd[pres2-perf3],FullEventful
39,he/she is thinking,eh-hehl,FullEventful
41,he/she is pondering,o,FullEventful
42,he/she is making noise,ih-ohd,FullEventful
42,he/she is making noise,ih-ohd[perf3],FullEventful
42,he/she is making noise,ih-ohd[pres2],FullEventful
42,he/she is making noise,ih-ohd[pres2-perf3],FullEventful
43,he/she is crawling,eg-vs[pres2],FullEventful
44,it’s twisting,oh-ol,FullEventful
45,he/she is moving from one place to another,v-vhs,FullEventful
46,he/she is ordering it,sg-s-la,FullEventful
46,he/she is ordering it,sg-s-hst,FullEventful
48,he/she is cooking a meal,hvsg-hn[inf2],FullEventful
48,he/she is cooking a meal,vhvsg,FullEventful
51,it’s burning (refers to flames),i-a-i,FullEventful
54,he/she is resting,ih-ohd,FullEventful
54,he/she is resting,ih-ohd[perf3],FullEventful
54,he/she is resting,ih-ohd[pres2],FullEventful
54,he/she is resting,ih-ohd[pres2-perf3],FullEventful
56,he/she is bathing,o,FullEventful
59,he/she is giving him/her it (refers to a long object),eh-el,FullEventful
59,he/she is giving him/her it (refers to a long object),eh-el[imp2],FullEventful
59,he/she is giving him/her it (refers to a long object),eh-el[imp3],FullEventful
60,he/she is learning,a,FullEventful
61,he/she is embarrassing him/her,ih-ohd,FullEventful
61,he/she is embarrassing him/her,ih-ohd[perf3],FullEventful
61,he/she is embarrassing him/her,ih-ohd[pres2],FullEventful
61,he/she is embarrassing him/her,ih-ohd[pres2-perf3],FullEventful
62,he/she is embarrassed,sg-s-hi-hihst,FullEventful
62,he/she is embarrassed,sg-s-hst[imp2],FullEventful
62,he/she is embarrassed,sg-s-hst,FullEventful
63,he/she is being born,hvsg-hn,FullEventful
63,he/she is being born,hvsg-hn[inf2],FullEventful
67,he/she is finding it out,sg-s-hi-hihst,FullEventful
67,he/she is finding it out,sg-s-hst[imp2],FullEventful
67,he/she is finding it out,sg-s-hst,FullEventful
70,he/she is going around a curve,oh-ol[inf2],FullEventful
72,he/she is laying it down (refers to a long object),i-a-i,FullEventful
73,he/she is rising (from a prone position),ih-vh,FullEventful
74,he/she is scattering it,a,FullEventful
75,it’s scattering,g-ts[inf3],FullEventful
75,it’s scattering,stative,FullStative
75,it’s scattering,g-ts[inf3],InfEventful
75,it’s scattering,sg-s-a[inf2],InfEventful
75,it’s scattering,sg-h,InfEventful
75,it’s scattering,hih-hil,InfEventful
75,it’s scattering,oh-al,InfEventful
76,he/she is spinning,oh-ol[inf2],FullEventful
77,he/she is saying it,vnh-ih-a,FullEventful
78,he/she is running over him/her,ih-ohd,FullEventful
78,he/she is running over him/her,ih-ohd[perf3],FullEventful
78,he/she is running over him/her,ih-ohd[pres2],FullEventful
78,he/she is running over him/her,ih-ohd[pres2-perf3],FullEventful
79,he/she is hiding,hvsg-han,FullEventful
80,he/she is leaving it behind (refers to a long object),a,FullEventful
82,he/she is drinking it,sg-h,FullEventful
82,he/she is drinking it,sg-h[imp2],FullEventful
85,he/she is scratching,sg-s-la,FullEventful
85,he/she is scratching,sg-s-hst,FullEventful
87,he/she is turning off the road,rev-e,FullEventful
88,he/she is taking revenge against him/her,eh-el,FullEventful
88,he/she is taking revenge against him/her,eh-el[imp2],FullEventful
88,he/she is taking revenge against him/her,eh-el[imp3],FullEventful
92,he/she is pouring liquid into a container,i-a-i,FullEventful
94,it’s pouring into a container (refers to liquid),g-ts[inf3],FullEventful
94,it’s pouring into a container (refers to liquid),stative,FullStative
94,it’s pouring into a container (refers to liquid),g-ts[inf3],InfEventful
94,it’s pouring into a container (refers to liquid),sg-s-a[inf2],InfEventful
94,it’s pouring into a container (refers to liquid),sg-h,InfEventful
94,it’s pouring into a container (refers to liquid),hih-hil,InfEventful
94,it’s pouring into a container (refers to liquid),oh-al,InfEventful
95,he/she is drawing a liquid out of a container,ih-vh,FullEventful
95,he/she is drawing a liquid out of a container,ih-vh[inf2],FullEventful
96,he/she is pouring a liquid into a container,ih-ohd,FullEventful
96,he/she is pouring a liquid into a container,ih-ohd[perf3],FullEventful
96,he/she is pouring a liquid into a container,ih-ohd[pres2],FullEventful
96,he/she is pouring a liquid into a container,ih-ohd[pres2-perf3],FullEventful
98,he/she is crying,hih-hil,FullEventful
99,he/she is getting off,sg-s-hi-hihst,FullEventful
100,he/she is bragging,sg-s-a,FullEventful
101,he/she is catching up with him/her,sg-h,FullEventful
101,he/she is catching up with him/her,sg-h[imp2],FullEventful
107,he/she is acting silly,vnh-ih-a,FullEventful
109,he/she is preparing it,ih-ohd,FullEventful
109,he/she is preparing it,ih-ohd[perf3],FullEventful
109,he/she is preparing it,ih-ohd[pres2],FullEventful
109,he/she is preparing it,ih-ohd[pres2-perf3],FullEventful
112,it is shining (refers to sun or moon),ih-ihi,FullEventful
112,it is shining (refers to sun or moon),stative,FullStative
112,it is shining (refers to sun or moon),g-ts,InfEventful
112,it is shining (refers to sun or moon),hg-hts,InfEventful
112,it is shining (refers to sun or moon),sg-s-hi-hihst,InfEventful
112,it is shining (refers to sun or moon),sg-s-hst,InfEventful
112,it is shining (refers to sun or moon),sg-h,InfEventful
112,it is shining (refers to sun or moon),ih-il,InfEventful
112,it is shining (refers to sun or moon),hih-lh,InfEventful
112,it is shining (refers to sun or moon),i-a-i,InfEventful
112,it is shining (refers to sun or moon),ih-ihi,InfEventful
112,it is shining (refers to sun or moon),oh-al,InfEventful
112,it is shining (refers to sun or moon),rev-i,InfEventful
113,he/she is breaking it (refers to a flexible object),sg-s-a[inf2],FullEventful
115,he/she is licking it,i-a-i,FullEventful
117,he/she is warming it,ih-ohd,FullEventful
117,he/she is warming it,ih-ohd[perf3],FullEventful
117,he/she is warming it,ih-ohd[pres2],FullEventful
117,he/she is warming it,ih-ohd[pres2-perf3],FullEventful
118,it’s getting warm,sg-s-hi-hihst,FullEventful
118,it’s getting warm,sg-s-hst,FullEventful
118,it’s getting warm,stative,FullStative
118,it’s getting warm,g-ts,InfEventful
118,it’s getting warm,hg-hts,InfEventful
118,it’s getting warm,sg-s-hi-hihst,InfEventful
118,it’s getting warm,sg-s-hst,InfEventful
118,it’s getting warm,sg-h,InfEventful
118,it’s getting warm,ih-il,InfEventful
118,it’s getting warm,hih-lh,InfEventful
118,it’s getting warm,i-a-i,InfEventful
118,it’s getting warm,oh-al,InfEventful
118,it’s getting warm,rev-i,InfEventful
119,it’s raining,stative,FullStative
119,it’s raining,hvsg-han,InfEventful
119,it’s raining,hvsg-hn[inf2],InfEventful
119,it’s raining,vhvsg,InfEventful
119,it’s raining,eh-a,InfEventful
119,it’s raining,ih-vh,InfEventful
119,it’s raining,vnh-ih-a,InfEventful
127,he/she is eating it (refers to a single solid food),i-a-i,FullEventful
128,he/she is picking it up,rev-gi,FullEventful
128,he/she is picking it up,rev-i,FullEventful
130,he/she is in agony,g-ts,FullEventful
133,he/she is chewing it,o,FullEventful
135,he/she is burning him/her,ih-ohd,FullEventful
135,he/she is burning him/her,ih-ohd[perf3],FullEventful
135,he/she is burning him/her,ih-ohd[pres2],FullEventful
135,he/she is burning him/her,ih-ohd[pres2-perf3],FullEventful
136,it’s burning,sg-h,FullEventful
136,it’s burning,sg-h[imp2],FullEventful
136,it’s burning,ohvsg,FullEventful
136,it’s burning,ohvsg-no-o,FullEventful
138,he/she is reading,e-a,FullEventful
140,he/she is target practicing,ih-vh,FullEventful
145,he/she is showing it to him/her,ih-ohd,FullEventful
145,he/she is showing it to him/her,ih-ohd[perf3],FullEventful
145,he/she is showing it to him/her,ih-ohd[pres2],FullEventful
145,he/she is showing it to him/her,ih-ohd[pres2-perf3],FullEventful
148,he/she is cutting it,ih-vh,FullEventful
149,he/she is chopping it up,sg-h,FullEventful
149,he/she is chopping it up,sg-h[imp2],FullEventful
152,he/she is scolding him/her,vsk,FullEventful
152,he/she is scolding him/her,vsk[imp2],FullEventful
153,he/she is washing his face,o,FullEventful
155,he/she is diverting him/her,rev-gi,FullEventful
155,he/she is diverting him/her,rev-i,FullEventful
158,he/she is smothering him/her,ih-ohd,FullEventful
158,he/she is smothering him/her,ih-ohd[perf3],FullEventful
158,he/she is smothering him/her,ih-ohd[pres2],FullEventful
158,he/she is smothering him/her,ih-ohd[pres2-perf3],FullEventful
160,he/she is handling it,oh-ol-a,FullEventful
161,he/she is killing him/her,hih-lh,FullEventful
162,he/she has possession of a vehicle,stative-h,FullStative
162,he/she has possession of a vehicle,stative-eh,FullStative
162,he/she has possession of a vehicle,stative,FullStative
162,he/she has possession of a vehicle,g-ts,InfEventful
162,he/she has possession of a vehicle,sg-s-hst,InfEventful
162,he/she has possession of a vehicle,sg-h,InfEventful
162,he/she has possession of a vehicle,eg-vs,InfEventful
162,he/she has possession of a vehicle,hih-lh,InfEventful
162,he/she has possession of a vehicle,vnh-vsk[inf4],InfEventful
162,he/she has possession of a vehicle,oh-al,InfEventful
162,he/she has possession of a vehicle,v-vhs,InfEventful
163,he/she is driving it (refers to a vehicle in motion or animal),stative,FullStative
163,he/she is driving it (refers to a vehicle in motion or animal),g-ts,InfEventful
163,he/she is driving it (refers to a vehicle in motion or animal),sg-s-hst,InfEventful
163,he/she is driving it (refers to a vehicle in motion or animal),sg-h,InfEventful
163,he/she is driving it (refers to a vehicle in motion or animal),eg-vs,InfEventful
163,he/she is driving it (refers to a vehicle in motion or animal),hih-lh,InfEventful
163,he/she is driving it (refers to a vehicle in motion or animal),vnh-vsk[inf4],InfEventful
163,he/she is driving it (refers to a vehicle in motion or animal),oh-al,InfEventful
163,he/she is driving it (refers to a vehicle in motion or animal),v-vhs,InfEventful
165,he/she is leaving it behind,a,FullEventful
166,he/she is placing it on something,hvsg-hn,FullEventful
166,he/she is placing it on something,hvsg-hn[inf2],FullEventful
166,he/she is placing it on something,hvsg-hn[inf4],FullEventful
167,he/she is taking off flying,ih-vh,FullEventful
169,he/she is making him/her fly,ih-ohd[perf3],FullEventful
169,he/she is making him/her fly,ih-ohd[pres2-perf3],FullEventful
171,he/she is having a nightmare,rev-gi,FullEventful
171,he/she is having a nightmare,rev-i,FullEventful
172,it’s taking time,oh-ol-a,FullEventful
172,it’s taking time,oh-ol[inf2],FullEventful
172,it’s taking time,oh-ol[inf3],FullEventful
172,it’s taking time,stative,FullStative
172,it’s taking time,a,InfEventful
172,it’s taking time,g-ts,InfEventful
172,it’s taking time,sg-s-hst,InfEventful
172,it’s taking time,sg-h,InfEventful
172,it’s taking time,hih-lh,InfEventful
172,it’s taking time,oh-ol-a,InfEventful
172,it’s taking time,oh-al,InfEventful
172,it’s taking time,oh-ol[inf3],InfEventful
173,he/she is measuring it,o,FullEventful
175,it’s bending,vsk,FullEventful
175,it’s bending,stative,FullStative
175,it’s bending,vsk,InfEventful
175,it’s bending,vsk-post-v,InfEventful
176,he/she is snorting,ih-ohd,FullEventful
176,he/she is snorting,ih-ohd[perf3],FullEventful
176,he/she is snorting,ih-ohd[pres2],FullEventful
176,he/she is snorting,ih-ohd[pres2-perf3],FullEventful
177,he/she is preaching,hvsg-hn[inf2],FullEventful
179,it’s shattering,sg-h[imp2],FullEventful
179,it’s shattering,vnh-vsk,FullEventful
179,it’s shattering,stative,FullStative
180,he/she is shattering it,ih-ohd,FullEventful
180,he/she is shattering it,ih-ohd[perf3],FullEventful
180,he/she is shattering it,ih-ohd[pres2],FullEventful
180,he/she is shattering it,ih-ohd[pres2-perf3],FullEventful
182,he/she is beating him/her at a game,sg-s-hi-hihst,FullEventful
182,he/she is beating him/her at a game,sg-s-hst[imp2],FullEventful
182,he/she is beating him/her at a game,sg-s-hst,FullEventful
183,he/she is combing his/her hair,o,FullEventful
185,he/she is moving (without changing location),hvsg-hn[inf2],FullEventful
185,he/she is moving (without changing location),vhvsg,FullEventful
186,he/she is changing his/her shirt,v-vhs,FullEventful
187,he/she is taking his/her shirt off,rev-e,FullEventful
189,he/she is putting on a shirt,o,FullEventful
190,he/she is giving it to him/her,eh-el,FullEventful
190,he/she is giving it to him/her,eh-el[imp2],FullEventful
191,he/she is wrestling,hih-lh,FullEventful
192,he/she is interpreting it,ih-ohd,FullEventful
192,he/she is interpreting it,ih-ohd[perf3],FullEventful
192,he/she is interpreting it,ih-ohd[pres2],FullEventful
192,he/she is interpreting it,ih-ohd[pres2-perf3],FullEventful
195,he/she is building a house,eh-eh,FullEventful
195,he/she is building a house,eh-a,FullEventful
196,he/she is leaving,rev-gi,FullEventful
196,he/she is leaving,rev-i,FullEventful
197,he/she is starting it,ih-ohd,FullEventful
197,he/she is starting it,ih-ohd[perf3],FullEventful
197,he/she is starting it,ih-ohd[pres2],FullEventful
197,he/she is starting it,ih-ohd[pres2-perf3],FullEventful
198,he/she is carrying it on his/her shoulder (refers to a long object),eg-vs,FullEventful
198,he/she is carrying it on his/her shoulder (refers to a long object),eg-vs[pres2],FullEventful
200,he/she is putting it in liquid (refers to a long object),i-a-i,FullEventful
204,he/she is hitting him/her on the mouth,ih-il,FullEventful
205,he/she is moving it from one place to another,v-vhs,FullEventful
206,he/she is setting it down,hvsg-hn,FullEventful
206,he/she is setting it down,hvsg-hn[inf2],FullEventful
207,he/she is finding him/her,ih-vh,FullEventful
207,he/she is finding him/her,ih-vh[inf2],FullEventful
208,he/she is visiting him/her,oh-ol-a,FullEventful
209,he/she is taking it somewhere,ih-vh,FullEventful
210,he/she is planting it,sg-s-hi-hihst,FullEventful
210,he/she is planting it,sg-s-hst,FullEventful
214,it’s becoming frosty (refers to the ground),hvsg-hn[inf2],FullEventful
214,it’s becoming frosty (refers to the ground),vhvsg,FullEventful
214,it’s becoming frosty (refers to the ground),vnh-vsk,FullEventful
214,it’s becoming frosty (refers to the ground),stative,FullStative
214,it’s becoming frosty (refers to the ground),hvsg-han,InfEventful
214,it’s becoming frosty (refers to the ground),hvsg-hn[inf2],InfEventful
214,it’s becoming frosty (refers to the ground),vhvsg,InfEventful
214,it’s becoming frosty (refers to the ground),eh-a,InfEventful
214,it’s becoming frosty (refers to the ground),ih-vh,InfEventful
214,it’s becoming frosty (refers to the ground),vnh-ih-a,InfEventful
215,he/she is calling him/her,ih-vh,FullEventful
216,he/she is taking it somewhere by hand,eg-vs,FullEventful
216,he/she is taking it somewhere by hand,eg-vs[pres2],FullEventful
217,he/she is holding it in his/her hand,stative-h,FullStative
217,he/she is holding it in his/her hand,stative-eh,FullStative
217,he/she is holding it in his/her hand,stative,FullStative
218,he/she is quilting it,hvsg-han,FullEventful
219,he/she is making an incision,oh-al,FullEventful
219,he/she is making an incision,oh-al[imp2],FullEventful
220,he/she is imitating him/her,i-a-i[perf2],FullEventful
220,he/she is imitating him/her,i-a-i,FullEventful
222,he/she is looking for him/her,oh-al,FullEventful
223,he/she is swimming (refers to propelling oneself through the water),eg-vs,FullEventful
223,he/she is swimming (refers to propelling oneself through the water),eg-vs[pres2],FullEventful
224,it’s thundering,o,FullEventful
224,it’s thundering,stative,FullStative
224,it’s thundering,g-ts,InfEventful
224,it’s thundering,sg-s-hst,InfEventful
224,it’s thundering,sg-h,InfEventful
224,it’s thundering,hih-lh,InfEventful
224,it’s thundering,o,InfEventful
224,it’s thundering,oh-al,InfEventful
228,he/she is bending it,vsk,FullEventful
228,he/she is bending it,vsk[imp2],FullEventful
230,he/she is kicking him/her,rev-e,FullEventful
232,he/she is capturing him/her,i-a-i,FullEventful
233,he/she is hitting him/her on the nose,hvsg-hn,FullEventful
233,he/she is hitting him/her on the nose,hvsg-hn[inf2],FullEventful
234,he/she is choking him/her,ih-vh,FullEventful
235,he/she is walking,stative,FullStative
238,it’s hatching,rev-i,FullEventful
238,it’s hatching,rev-'i,FullEventful
239,he/she is dressing up,vnh-vsk,FullEventful
239,he/she is dressing up,vnh-vsk[inf2],FullEventful
240,he/she is getting in (in a car‚ box‚ etc),vsk-post-v,FullEventful
242,he/she is acting like him/her,vnh-vsk,FullEventful
250,it’s blooming,vnh-vsk,FullEventful
250,it’s blooming,stative,FullStative
250,it’s blooming,hvsg-han,InfEventful
250,it’s blooming,hvsg-hn[inf2],InfEventful
250,it’s blooming,vhvsg,InfEventful
250,it’s blooming,eh-a,InfEventful
250,it’s blooming,ih-vh,InfEventful
250,it’s blooming,vnh-ih-a,InfEventful
253,he/she is lighting a fire,hvsg-han[inf2],FullEventful
254,he/she is blowing,sg-h,FullEventful
254,he/she is blowing,sg-h[imp2],FullEventful
255,he/she is turning on a light,hvsg-han[inf2],FullEventful
259,he/she is chasing him/her,eg-vs,FullEventful
259,he/she is chasing him/her,eg-vs[pres2],FullEventful
261,he/she is riding it (refers to anything that can be straddled),ih-ohd,FullEventful
261,he/she is riding it (refers to anything that can be straddled),ih-ohd[perf3],FullEventful
261,he/she is riding it (refers to anything that can be straddled),ih-ohd[pres2],FullEventful
261,he/she is riding it (refers to anything that can be straddled),ih-ohd[pres2-perf3],FullEventful
263,he/she is swallowing it,sg-s-hi-hihst,FullEventful
263,he/she is swallowing it,sg-s-hst[imp2],FullEventful
263,he/she is swallowing it,sg-s-hst,FullEventful
266,he/she is shovelling it,rev-e,FullEventful
270,he/she is going down-hill,sg-s-hi-hihst,FullEventful
270,he/she is going down-hill,sg-s-hst[imp2],FullEventful
270,he/she is going down-hill,sg-s-hst,FullEventful
273,he/she knows how,stative-h,FullStative
273,he/she knows how,stative,FullStative
276,he/she is turning back,v-vhs,FullEventful
277,he/she is winking,ih-ohd,FullEventful
277,he/she is winking,ih-ohd[perf3],FullEventful
277,he/she is winking,ih-ohd[pres2],FullEventful
277,he/she is winking,ih-ohd[pres2-perf3],FullEventful
278,he/she is hitting him/her on the eye,hvsg-hn,FullEventful
278,he/she is hitting him/her on the eye,hvsg-hn[inf2],FullEventful
280,he/she is looking around,oh-ol-a,FullEventful
280,he/she is looking around,oh-ol[inf2],FullEventful
280,he/she is looking around,oh-ol[inf3],FullEventful
281,he/she is peeking through,ih-ohd[perf2],FullEventful
281,he/she is peeking through,ih-ohd[pres2-perf2],FullEventful
286,he/she is becoming wise,sg-s-hi-hihst,FullEventful
286,he/she is becoming wise,sg-s-hst[imp2],FullEventful
286,he/she is becoming wise,sg-s-hst,FullEventful
288,he/she is looking at him/her,ih-ohd[pres2],FullEventful
288,he/she is looking at him/her,ih-ohd[pres2-perf3],FullEventful
290,he/she is going through it,sg-s-hi-hihst,FullEventful
290,he/she is going through it,sg-s-hst[imp2],FullEventful
290,he/she is going through it,sg-s-hst,FullEventful
291,he/she is dipping liquid,rev-gi,FullEventful
291,he/she is dipping liquid,rev-i,FullEventful
293,he/she is paying it,ih-vh,FullEventful
294,he/she is paying him/her,eh-el,FullEventful
294,he/she is paying him/her,eh-el[imp2],FullEventful
296,he/she is tromping on him/her,eh-ehl,FullEventful
297,he/she is stepping on him/her,vsk,FullEventful
297,he/she is stepping on him/her,vsk[imp2],FullEventful
298,he/she is playing ball,ih-vh,FullEventful
300,he/she is taking a step,v-vhs,FullEventful
305,he/she is placing it in an upright position (refers to a long object),ih-ohd,FullEventful
305,he/she is placing it in an upright position (refers to a long object),ih-ohd[perf3],FullEventful
305,he/she is placing it in an upright position (refers to a long object),ih-ohd[pres2],FullEventful
305,he/she is placing it in an upright position (refers to a long object),ih-ohd[pres2-perf3],FullEventful
306,he/she is standing in a certain spot,hvsg-hn,FullEventful
306,he/she is standing in a certain spot,hvsg-hn[inf2],FullEventful
307,he/she is stopping,ih-ohd,FullEventful
307,he/she is stopping,ih-ohd[perf3],FullEventful
307,he/she is stopping,ih-ohd[pres2],FullEventful
307,he/she is stopping,ih-ohd[pres2-perf3],FullEventful
308,he/she is stopping him/her,ih-ohd,FullEventful
308,he/she is stopping him/her,ih-ohd[perf3],FullEventful
308,he/she is stopping him/her,ih-ohd[pres2],FullEventful
308,he/she is stopping him/her,ih-ohd[pres2-perf3],FullEventful
309,he/she is starting,ih-vh,FullEventful
311,it’s boiling,ih-vh,FullEventful
311,it’s boiling,stative,FullStative
311,it’s boiling,hvsg-han,InfEventful
311,it’s boiling,hvsg-hn[inf2],InfEventful
311,it’s boiling,vhvsg,InfEventful
311,it’s boiling,eh-a,InfEventful
311,it’s boiling,ih-vh,InfEventful
311,it’s boiling,vnh-ih-a,InfEventful
314,he/she is thanking him/her,eh-el,FullEventful
314,he/she is thanking him/her,eh-el[imp2],FullEventful
314,he/she is thanking him/her,eh-el[imp3],FullEventful
315,he/she is happy,g-ts,FullEventful
317,he/she is exchanging it,i-a-i,FullEventful
318,he/she is running away,rev-i,FullEventful
320,he/she is taking his/her ring off,rev-gi,FullEventful
320,he/she is taking his/her ring off,rev-i,FullEventful
322,he/she is putting a ring on his/her finger,hvsg-han[inf2],FullEventful
324,he/she is spitting,sg-h,FullEventful
324,he/she is spitting,sg-h[imp2],FullEventful
325,he/she is ascending,i-vka,FullEventful
327,he/she is eating a meal,hvsg-hn[inf2],FullEventful
327,he/she is eating a meal,vhvsg,FullEventful
329,he/she is helping,ih-vh,FullEventful
330,he/she is taking off his/her cap,rev-e,FullEventful
331,he/she is washing his/her hair,eh-a,FullEventful
332,he/she is putting on a cap,i-vka,FullEventful
334,he/she is taking a seat,husg,FullEventful
336,he/she is dancing,rev-gi,FullEventful
336,he/she is dancing,rev-i,FullEventful
337,he/she is permitting him/her,eh-el,FullEventful
337,he/she is permitting him/her,eh-el[imp2],FullEventful
338,he/she is nodding his/her head,sg-h,FullEventful
338,he/she is nodding his/her head,sg-h-hy,FullEventful
338,he/she is nodding his/her head,sg-h[imp2],FullEventful
339,it’s ending,i-a-i,FullEventful
339,it’s ending,stative,FullStative
339,it’s ending,g-ts,InfEventful
339,it’s ending,sg-s-hst,InfEventful
339,it’s ending,sg-h,InfEventful
339,it’s ending,ih-il,InfEventful
339,it’s ending,hih-lh,InfEventful
339,it’s ending,i-a-i,InfEventful
339,it’s ending,oh-al,InfEventful
339,it’s ending,rev-i,InfEventful
340,he/she is sticking his/her head out,i-vka,FullEventful
341,he/she is taking his/her hat off,rev-gi,FullEventful
341,he/she is taking his/her hat off,rev-i,FullEventful
342,he/she is putting his/her hat on,sg-h,FullEventful
342,he/she is putting his/her hat on,sg-h[imp2],FullEventful
344,he/she is setting a goal,ih-ohd,FullEventful
344,he/she is setting a goal,ih-ohd[perf3],FullEventful
344,he/she is setting a goal,ih-ohd[pres2],FullEventful
344,he/she is setting a goal,ih-ohd[pres2-perf3],FullEventful
345,he/she is smelling it (refers to sniffing),ih-ohd,FullEventful
345,he/she is smelling it (refers to sniffing),ih-ohd[perf3],FullEventful
345,he/she is smelling it (refers to sniffing),ih-ohd[pres2],FullEventful
345,he/she is smelling it (refers to sniffing),ih-ohd[pres2-perf3],FullEventful
355,they are gathering,ih-ohd[perf2],FullEventful
355,they are gathering,ih-ohd[pres2-perf2],FullEventful
356,it’s lightning,ih-vh,FullEventful
356,it’s lightning,stative,FullStative
359,they are getting together,hvsg-hn[inf2],FullEventful
361,he/she is attempting it,ih-ohd,FullEventful
361,he/she is attempting it,ih-ohd[perf3],FullEventful
361,he/she is attempting it,ih-ohd[pres2],FullEventful
361,he/she is attempting it,ih-ohd[pres2-perf3],FullEventful
362,he is getting married,i-a-i,FullEventful
363,he/she is remembering him/her,i-a-i,FullEventful
365,they are standing (refers to a congregation),stative-a',FullStative
365,they are standing (refers to a congregation),stative,FullStative
366,they are asleep (refers to more than two),stative,FullStative
367,they are sitting (refers to a congregation),stative,FullStative
373,he/she is setting a trap,vsk,FullEventful
373,he/she is setting a trap,vsk[imp2],FullEventful
374,he/she is lifting him/her,i-vka,FullEventful
377,he/she is making it crisp,ih-ohd,FullEventful
377,he/she is making it crisp,ih-ohd[perf3],FullEventful
377,he/she is making it crisp,ih-ohd[pres2],FullEventful
377,he/she is making it crisp,ih-ohd[pres2-perf3],FullEventful
378,it’s becoming crisp,hih-lh,FullEventful
378,it’s becoming crisp,stative-h,FullStative
378,it’s becoming crisp,stative,FullStative
380,he/she is drawing a line,hvsg-han,FullEventful
381,he/she is following him/her,eg-vs,FullEventful
381,he/she is following him/her,eg-vs[pres2],FullEventful
382,he/she is helping him/her,ih-vh,FullEventful
383,he/she is braiding it,oh-ol,FullEventful
384,he/she is eating it (refers to a long object),i-a-i,FullEventful
386,he/she is crushing it,o,FullEventful
388,he/she is trimming it (refers to hair‚ grass‚ hedge; but not paper‚ cloth),eh-a,FullEventful
390,he/she is opening it,rev-i,FullEventful
390,he/she is opening it,rev-'i,FullEventful
392,he/she is sandwiching it,hvsg-han,FullEventful
395,he/she is showing him/her,eh-el,FullEventful
395,he/she is showing him/her,eh-el[imp2],FullEventful
395,he/she is showing him/her,eh-el[imp3],FullEventful
397,he/she is including him/her (refers to in counting),ih-ohd,FullEventful
397,he/she is including him/her (refers to in counting),ih-ohd[perf3],FullEventful
397,he/she is including him/her (refers to in counting),ih-ohd[pres2],FullEventful
397,he/she is including him/her (refers to in counting),ih-ohd[pres2-perf3],FullEventful
398,he/she is withdrawing (refers to a motion),ih-vh,FullEventful
398,he/she is withdrawing (refers to a motion),ih-vh[inf2],FullEventful
400,he/she is reprimanding him/her,g-ts[inf3],FullEventful
405,he/she is committing a crime,g-ts[inf3],FullEventful
411,he/she is gnawing it,i-a-i,FullEventful
412,he/she is mourning for him/her,hih-hil,FullEventful
413,he/she is rubbing him/her,e-a,FullEventful
414,he/she is erasing it,i-a-i,FullEventful
416,it’s fading,g-ts[inf3],FullEventful
416,it’s fading,stative,FullStative
416,it’s fading,g-ts[inf3],InfEventful
416,it’s fading,sg-s-a[inf2],InfEventful
416,it’s fading,sg-h,InfEventful
416,it’s fading,hih-hil,InfEventful
416,it’s fading,oh-al,InfEventful
417,he/she is digging it,sg-s-la,FullEventful
417,he/she is digging it,sg-s-hst,FullEventful
419,he/she is finishing it,i-a-i,FullEventful
421,he/she is catching him/her (refers to a falling person or object),rev-e,FullEventful
423,it’s getting shorter,g-ts[inf3],FullEventful
424,he/she is breaking it (refers to a long object),sg-s-a[inf2],FullEventful
425,he/she is hitting him/her on the head with it (refers to a long object),ih-il,FullEventful
427,he/she is amazed,sg-s-hi-hihst,FullEventful
427,he/she is amazed,sg-s-hst[imp2],FullEventful
427,he/she is amazed,sg-s-hst,FullEventful
429,he/she is hitting him/her on the abdomen with it (refers to a long object),ih-il,FullEventful
430,he/she is placing his/her hand on him/her,i-a-i,FullEventful
431,he/she is slapping him/her,ih-il,FullEventful
432,he/she is backing up,eg-vs,FullEventful
432,he/she is backing up,eg-vs[pres2],FullEventful
436,he/she is roping him/her,i-a-i,FullEventful
437,he/she is building a fence,oh-al,FullEventful
439,he/she is waving his/her hand,rev-gi,FullEventful
439,he/she is waving his/her hand,rev-i,FullEventful
440,he/she is pressing down on him/her,ih-ohd,FullEventful
440,he/she is pressing down on him/her,ih-ohd[perf3],FullEventful
440,he/she is pressing down on him/her,ih-ohd[pres2],FullEventful
440,he/she is pressing down on him/her,ih-ohd[pres2-perf3],FullEventful
441,he/she is wounding him/her,sg-h,FullEventful
441,he/she is wounding him/her,sg-h[imp2],FullEventful
441,he/she is wounding him/her,vnh-vsk[inf4],FullEventful
444,he/she is fishing,hvsg-hn,FullEventful
444,he/she is fishing,hvsg-hn[inf2],FullEventful
445,he/she is painting it,sg-s-hst,FullEventful
445,he/she is painting it,i-a-ihsk,FullEventful
446,he/she is changing his/her pants,v-vhs,FullEventful
447,he/she is taking his/her pants off,rev-e,FullEventful
448,he/she is putting his/her pants on,i-vka,FullEventful
449,he/she is quitting,go-gots,FullEventful
452,he/she is choosing him/her,rev-e,FullEventful
453,he/she is stirring it,eh-eh,FullEventful
453,he/she is stirring it,eh-a,FullEventful
454,he/she is mixing it in,vsk,FullEventful
454,he/she is mixing it in,vsk[imp2],FullEventful
455,it smells,g-ts,FullEventful
455,it smells,stative-k,FullStative
455,it smells,stative,FullStative
458,he/she is touching him/her,hih-hil,FullEventful
459,he/she is drinking it up,sg-h,FullEventful
459,he/she is drinking it up,sg-h[imp2],FullEventful
459,he/she is drinking it up,ohvsg-no-o,FullEventful
463,he/she is holding his/her breath,ih-ohd,FullEventful
463,he/she is holding his/her breath,ih-ohd[perf3],FullEventful
463,he/she is holding his/her breath,ih-ohd[pres2],FullEventful
463,he/she is holding his/her breath,ih-ohd[pres2-perf3],FullEventful
464,he/she is mooring a boat,i-a-i,FullEventful
465,he/she is drilling a hole,sg-s-hst,FullEventful
467,it’s steaming,eg-vs,FullEventful
467,it’s steaming,eg-vs[pres2],FullEventful
467,it’s steaming,stative,FullStative
467,it’s steaming,g-ts,InfEventful
467,it’s steaming,sg-s-hst,InfEventful
467,it’s steaming,sg-h,InfEventful
467,it’s steaming,eg-vs,InfEventful
467,it’s steaming,hih-lh,InfEventful
467,it’s steaming,vnh-vsk[inf4],InfEventful
467,it’s steaming,oh-al,InfEventful
467,it’s steaming,v-vhs,InfEventful
469,it’s exploding,rev-gi,FullEventful
469,it’s exploding,rev-i,FullEventful
470,he/she is exploding it,ih-ohd,FullEventful
470,he/she is exploding it,ih-ohd[perf3],FullEventful
470,he/she is exploding it,ih-ohd[pres2],FullEventful
470,he/she is exploding it,ih-ohd[pres2-perf3],FullEventful
472,he/she is kissing him/her,vsk-post-v,FullEventful
473,he/she is combing someone’s hair,o,FullEventful
474,he/she is asking for it,hih-lh[imp2],FullEventful
475,he/she is joining,i-a-i,FullEventful
477,he/she is shaking him/her,vhvsg[imp2],FullEventful
477,he/she is shaking him/her,vnh-vsk,FullEventful
479,he/she is leading him/her,eg-vs[pres2],FullEventful
480,he/she is arguing,hih-lh,FullEventful
482,he/she is running,stative-s,FullStative
482,he/she is running,stative,FullStative
483,he/she is racing,a,FullEventful
486,he/she is loaning it to him/her,ih-ohd,FullEventful
486,he/she is loaning it to him/her,ih-ohd[perf3],FullEventful
486,he/she is loaning it to him/her,ih-ohd[pres2],FullEventful
486,he/she is loaning it to him/her,ih-ohd[pres2-perf3],FullEventful
487,he/she is borrowing him/her,sg-s-a,FullEventful
488,it’s flashing (refers to reflected light),sg-s-a[inf2],FullEventful
488,it’s flashing (refers to reflected light),stative,FullStative
488,it’s flashing (refers to reflected light),sg-s-a[inf2],InfEventful
488,it’s flashing (refers to reflected light),sg-h,InfEventful
488,it’s flashing (refers to reflected light),hih-hil,InfEventful
488,it’s flashing (refers to reflected light),oh-al,InfEventful
489,he/she is taking a bite,rev-e,FullEventful
490,he/she is lying,vsk-post-v,FullEventful
491,he/she is taking a drink (refers to alcoholic beverage),rev-gi,FullEventful
491,he/she is taking a drink (refers to alcoholic beverage),rev-i,FullEventful
493,he/she is promising,ih-ohd,FullEventful
493,he/she is promising,ih-ohd[perf3],FullEventful
493,he/she is promising,ih-ohd[pres2],FullEventful
493,he/she is promising,ih-ohd[pres2-perf3],FullEventful
494,he/she is listening to him/her,ih-ohd,FullEventful
494,he/she is listening to him/her,ih-ohd[perf3],FullEventful
494,he/she is listening to him/her,ih-ohd[pres2],FullEventful
494,he/she is listening to him/her,ih-ohd[pres2-perf3],FullEventful
495,he/she is asking him/her a question,hvsg-hn[inf2],FullEventful
495,he/she is asking him/her a question,vhvsg,FullEventful
496,he/she hears him/her,i-vka,FullEventful
497,he/she is raising him/her,ih-ohd,FullEventful
497,he/she is raising him/her,ih-ohd[perf3],FullEventful
497,he/she is raising him/her,ih-ohd[pres2],FullEventful
497,he/she is raising him/her,ih-ohd[pres2-perf3],FullEventful
498,he/she is growing,sg-s-hi-hihst,FullEventful
498,he/she is growing,sg-s-hst[imp2],FullEventful
498,he/she is growing,sg-s-hst,FullEventful
502,he/she is inside,stative-a',FullStative
502,he/she is inside,stative,FullStative
507,he/she is waking up,g-ts,FullEventful
507,he/she is waking up,g-ts[inf2],FullEventful
509,he/she is waking him/her up,ih-ohd,FullEventful
509,he/she is waking him/her up,ih-ohd[perf3],FullEventful
509,he/she is waking him/her up,ih-ohd[pres2],FullEventful
509,he/she is waking him/her up,ih-ohd[pres2-perf3],FullEventful
511,he/she is putting him/her inside (refers to somewhere large enough to move around in),ih-ohd,FullEventful
511,he/she is putting him/her inside (refers to somewhere large enough to move around in),ih-ohd[perf3],FullEventful
511,he/she is putting him/her inside (refers to somewhere large enough to move around in),ih-ohd[pres2],FullEventful
511,he/she is putting him/her inside (refers to somewhere large enough to move around in),ih-ohd[pres2-perf3],FullEventful
513,he/she is getting it (refers to a long object),ih-vh,FullEventful
515,it’s breaking,g-ts[inf3],FullEventful
516,he/she is shooting him/her,hih-lh[imp2],FullEventful
517,he/she is taking a break,ih-ohd,FullEventful
517,he/she is taking a break,ih-ohd[perf3],FullEventful
517,he/she is taking a break,ih-ohd[pres2],FullEventful
517,he/she is taking a break,ih-ohd[pres2-perf3],FullEventful
519,he/she is whittling it,hvsg-han[inf2],FullEventful
521,he/she is dying (refers to a human),sg-s-hi-hihst,FullEventful
521,he/she is dying (refers to a human),sg-s-hst[imp2],FullEventful
521,he/she is dying (refers to a human),sg-s-hst,FullEventful
522,he/she is breaking it up,ih-ohd,FullEventful
522,he/she is breaking it up,ih-ohd[perf3],FullEventful
522,he/she is breaking it up,ih-ohd[pres2],FullEventful
522,he/she is breaking it up,ih-ohd[pres2-perf3],FullEventful
523,he/she is greeting him/her,ih-il,FullEventful
524,he/she is breaking it,ih-ohd,FullEventful
524,he/she is breaking it,ih-ohd[perf3],FullEventful
524,he/she is breaking it,ih-ohd[pres2],FullEventful
524,he/she is breaking it,ih-ohd[pres2-perf3],FullEventful
526,he/she is destroying it,sg-h,FullEventful
526,he/she is destroying it,sg-h[imp2],FullEventful
526,he/she is destroying it,ohvsg,FullEventful
526,he/she is destroying it,ohvsg-no-o,FullEventful
529,he/she is entering it,hih-lh[imp2],FullEventful
530,he/she is finding it (refers to a long object),ih-vh,FullEventful
530,he/she is finding it (refers to a long object),ih-vh[inf2],FullEventful
531,he/she is taking it somewhere (refers to a long object),ih-vh,FullEventful
539,he/she is making an X,ih-ohd,FullEventful
539,he/she is making an X,ih-ohd[perf3],FullEventful
539,he/she is making an X,ih-ohd[pres2],FullEventful
539,he/she is making an X,ih-ohd[pres2-perf3],FullEventful
541,he/she is conjuring,e-aka,FullEventful
542,he/she is accepting him/her,g-ts,FullEventful
543,he/she is dodging,ih-ohd,FullEventful
543,he/she is dodging,ih-ohd[perf3],FullEventful
543,he/she is dodging,ih-ohd[pres2],FullEventful
543,he/she is dodging,ih-ohd[pres2-perf3],FullEventful
544,he/she is performing baptism,o,FullEventful
545,he/she is giving up,sg-s-hi-hihst,FullEventful
545,he/she is giving up,sg-s-hst[imp2],FullEventful
545,he/she is giving up,sg-s-hst,FullEventful
546,he/she is teaching,hvsg-hn,FullEventful
546,he/she is teaching,hvsg-hn[inf2],FullEventful
546,he/she is teaching,hvsg-hn[inf4],FullEventful
547,he/she is weeping,hih-hil,FullEventful
548,he/she is being married,ih-ohd,FullEventful
548,he/she is being married,ih-ohd[perf3],FullEventful
548,he/she is being married,ih-ohd[pres2],FullEventful
548,he/she is being married,ih-ohd[pres2-perf3],FullEventful
550,he/she is setting a price,ih-ohd,FullEventful
550,he/she is setting a price,ih-ohd[perf3],FullEventful
550,he/she is setting a price,ih-ohd[pres2],FullEventful
550,he/she is setting a price,ih-ohd[pres2-perf3],FullEventful
552,he/she is rocking,eh-eh,FullEventful
552,he/she is rocking,eh-a,FullEventful
553,he/she is drawing a picture of him/her,ih-ohd,FullEventful
553,he/she is drawing a picture of him/her,ih-ohd[perf3],FullEventful
553,he/she is drawing a picture of him/her,ih-ohd[pres2],FullEventful
553,he/she is drawing a picture of him/her,ih-ohd[pres2-perf3],FullEventful
554,he/she is conversing,eh-hehl,FullEventful
555,he/she is jumping,eg-invs,FullEventful
557,he/she is changing clothes,v-vhs,FullEventful
558,he/she is undressing,rev-e,FullEventful
559,he/she is putting on clothes,o,FullEventful
561,he/she is putting fuel into a fire (refers to solid fuel),hvsg-han,FullEventful
562,he/she is tickling him/her,i-a-i,FullEventful
564,he/she is squatting,husg,FullEventful
565,he/she is tying it,hih-lh,FullEventful
566,he/she is untying it,ih-vh,FullEventful
566,he/she is untying it,ih-vh[inf2],FullEventful
567,he/she is looking after him/her,oh-ol-a,FullEventful
568,he/she is becoming blind,g-ts,FullEventful
568,he/she is becoming blind,g-ts[inf2],FullEventful
571,he/she is making smoke,ih-ohd,FullEventful
571,he/she is making smoke,ih-ohd[perf3],FullEventful
571,he/she is making smoke,ih-ohd[pres2],FullEventful
571,he/she is making smoke,ih-ohd[pres2-perf3],FullEventful
572,he/she is blinking,sg-s-a[inf2],FullEventful
573,he/she is closing his eyes,ih-ohd,FullEventful
573,he/she is closing his eyes,ih-ohd[perf3],FullEventful
573,he/she is closing his eyes,ih-ohd[pres2],FullEventful
573,he/she is closing his eyes,ih-ohd[pres2-perf3],FullEventful
574,he/she is attacking him/her,eg-vs,FullEventful
574,he/she is attacking him/her,eg-vs[pres2],FullEventful
575,he/she is taking off his/her glasses,rev-e,FullEventful
576,he/she is putting on glasses,hvsg-han,FullEventful
577,he/she is shelling corn,ih-vh,FullEventful
577,he/she is shelling corn,ih-vh[inf2],FullEventful
578,he/she is snoring,rev-gi,FullEventful
578,he/she is snoring,rev-i,FullEventful
579,he/she is sprinkling it (with a liquid‚ powder‚ salt‚ etc.),vsk-post-v,FullEventful
582,he/she is putting on shoes,hvsg-han,FullEventful
583,he/she is changing shoes,v-vhs,FullEventful
584,he/she is taking off his/her shoes,rev-e,FullEventful
585,he/she is helping him/her up,ih-ohd,FullEventful
585,he/she is helping him/her up,ih-ohd[perf3],FullEventful
585,he/she is helping him/her up,ih-ohd[pres2],FullEventful
585,he/she is helping him/her up,ih-ohd[pres2-perf3],FullEventful
586,he/she is recuperating,ih-ohd[perf2],FullEventful
586,he/she is recuperating,ih-ohd[pres2-perf2],FullEventful
587,he/she is getting up (from sitting or from involuntarily assumed prone position),hvsg-hn,FullEventful
587,he/she is getting up (from sitting or from involuntarily assumed prone position),hvsg-hn[inf2],FullEventful
589,he/she is taking off his/her gloves,rev-e,FullEventful
590,he/she is putting on his/her gloves,i-vka,FullEventful
591,he/she is taking off his/her socks,rev-gi,FullEventful
591,he/she is taking off his/her socks,rev-i,FullEventful
592,he/she is putting on his/her socks,hih-lh,FullEventful
593,he/she is changing his/her socks,ih-vh[imperf2],FullEventful
593,he/she is changing his/her socks,ih-vh[imperf2-inf2],FullEventful
594,he/she is aiming at him/her,ih-ohd,FullEventful
594,he/she is aiming at him/her,ih-ohd[perf3],FullEventful
594,he/she is aiming at him/her,ih-ohd[pres2],FullEventful
594,he/she is aiming at him/her,ih-ohd[pres2-perf3],FullEventful
596,they are having a trial,oh-ol-a,FullEventful
597,they are meeting,sg-s-hi-hihst,FullEventful
597,they are meeting,sg-s-hst[imp2],FullEventful
597,they are meeting,sg-s-hst,FullEventful
598,they are separating,ih-vh,FullEventful
599,he/she is playing with him/her,ih-ohd,FullEventful
599,he/she is playing with him/her,ih-ohd[perf3],FullEventful
599,he/she is playing with him/her,ih-ohd[pres2],FullEventful
599,he/she is playing with him/her,ih-ohd[pres2-perf3],FullEventful
600,he/she is playing,hvsg-hn[inf2],FullEventful
601,they’re having church services,g-ts,FullEventful
603,they are adjourning,sg-s-hi-hihst,FullEventful
603,they are adjourning,sg-s-hst[imp2],FullEventful
603,they are adjourning,sg-s-hst,FullEventful
604,he/she is shooting at him/her,hih-lh[imp2],FullEventful
605,he/she is splitting it,sg-h,FullEventful
605,he/she is splitting it,sg-h-hy,FullEventful
605,he/she is splitting it,sg-h[imp2],FullEventful
606,he/she is sprinkling it (with liquid),i-a-i,FullEventful
607,he/she is counting it,hih-lh,FullEventful
608,he/she is cursing him/her,i-a-i,FullEventful
609,he/she is clapping his/her hands,ih-il,FullEventful
610,he/she is getting exhausted,sg-s-hi-hihst,FullEventful
610,he/she is getting exhausted,sg-s-hst[imp2],FullEventful
610,he/she is getting exhausted,sg-s-hst,FullEventful
611,it’s barking,sg-s-hst,FullEventful
611,it’s barking,i-a-ihsk,FullEventful
612,he/she is scheduling a time,ih-ohd,FullEventful
612,he/she is scheduling a time,ih-ohd[perf3],FullEventful
612,he/she is scheduling a time,ih-ohd[pres2],FullEventful
612,he/she is scheduling a time,ih-ohd[pres2-perf3],FullEventful
613,he/she is ironing,sg-s-la,FullEventful
613,he/she is ironing,sg-s-hst,FullEventful
618,he/she is releasing him/her,sg-s-hi-hihst,FullEventful
618,he/she is releasing him/her,sg-s-hst[imp2],FullEventful
618,he/she is releasing him/her,sg-s-hst,FullEventful
620,he/she is slamming him/her,ih-ohd,FullEventful
620,he/she is slamming him/her,ih-ohd[perf3],FullEventful
620,he/she is slamming him/her,ih-ohd[pres2],FullEventful
620,he/she is slamming him/her,ih-ohd[pres2-perf3],FullEventful
621,he/she is crossing (refers to a road‚ bridge‚ etc.),sg-s-hi-hihst,FullEventful
622,he/she is advertising it,hvsg-han,FullEventful
623,he/she is crossing it (refers to a body of water),hg-hts,FullEventful
625,he/she is explaining it (refers to a Biblical text),ih-ohd[perf2],FullEventful
625,he/she is explaining it (refers to a Biblical text),ih-ohd[pres2-perf2],FullEventful
626,he/she is deciding,ih-ohd,FullEventful
626,he/she is deciding,ih-ohd[perf3],FullEventful
626,he/she is deciding,ih-ohd[pres2],FullEventful
626,he/she is deciding,ih-ohd[pres2-perf3],FullEventful
627,he/she is washing (refers to dishes),e-a,FullEventful
628,he/she is shelling (refers to peas‚ nut meats‚ etc),rev-i,FullEventful
630,he/she is turning him/her over,eg-invs,FullEventful
631,he/she is singing,rev-gi,FullEventful
631,he/she is singing,rev-i,FullEventful
632,he/she is clawing him/her,sg-s-la,FullEventful
632,he/she is clawing him/her,sg-s-hst,FullEventful
634,he/she is washing (refers to flexible objects including clothes),o,FullEventful
722,he/she is confronted with it,sg-s-hi-hihst,FullEventful
722,he/she is confronted with it,sg-s-hst[imp2],FullEventful
722,he/she is confronted with it,sg-s-hst,FullEventful
723,he/she is called,stative,FullStative
723,he/she is called,g-ts,InfEventful
723,he/she is called,sg-s-hst,InfEventful
723,he/she is called,sg-h,InfEventful
723,he/she is called,hih-lh,InfEventful
723,he/she is called,o,InfEventful
723,he/she is called,oh-al,InfEventful
724,he/she is staggering,ih-ohd,FullEventful
724,he/she is staggering,ih-ohd[perf3],FullEventful
724,he/she is staggering,ih-ohd[pres2],FullEventful
724,he/she is staggering,ih-ohd[pres2-perf3],FullEventful
725,he/she is getting a rash,sg-s-hi-hihst,FullEventful
725,he/she is getting a rash,sg-s-hst[imp2],FullEventful
725,he/she is getting a rash,sg-s-hst,FullEventful
726,he/she has horns,stative-k,FullStative
726,he/she has horns,stative,FullStative
727,he/she is sneezing,sg-h,FullEventful
727,he/she is sneezing,sg-h[imp2],FullEventful
728,he/she is vomiting,ih-ohd,FullEventful
728,he/she is vomiting,ih-ohd[perf3],FullEventful
728,he/she is vomiting,ih-ohd[pres2],FullEventful
728,he/she is vomiting,ih-ohd[pres2-perf3],FullEventful
729,he/she is wearing glasses,stative-h,FullStative
729,he/she is wearing glasses,stative,FullStative
729,he/she is wearing glasses,hvsg-han,InfEventful
729,he/she is wearing glasses,hvsg-hn[inf2],InfEventful
729,he/she is wearing glasses,vhvsg,InfEventful
729,he/she is wearing glasses,eh-a,InfEventful
729,he/she is wearing glasses,ih-vh,InfEventful
729,he/she is wearing glasses,vnh-ih-a,InfEventful
730,he/she is wearing shoes,stative-h,FullStative
730,he/she is wearing shoes,stative,FullStative
733,he/she is wearing socks,stative-h,FullStative
733,he/she is wearing socks,stative,FullStative
735,he/she is working,eh-el,FullEventful
735,he/she is working,eh-el[imp2],FullEventful
738,he/she is releasing it (refers to involuntarily releasing),ih-ohd,FullEventful
738,he/she is releasing it (refers to involuntarily releasing),ih-ohd[perf3],FullEventful
738,he/she is releasing it (refers to involuntarily releasing),ih-ohd[pres2],FullEventful
738,he/she is releasing it (refers to involuntarily releasing),ih-ohd[pres2-perf3],FullEventful
739,he/she is tired,g-ts,FullEventful
740,he/she is releasing it (refers to voluntarily releasing),sg-s-hi-hihst,FullEventful
740,he/she is releasing it (refers to voluntarily releasing),sg-s-hst[imp2],FullEventful
740,he/she is releasing it (refers to voluntarily releasing),sg-s-hst,FullEventful
742,he/she is walking around,oh-ol-a,FullEventful
746,he/she lives,stative-h,FullStative
746,he/she lives,stative-eh,FullStative
746,he/she lives,stative,FullStative
752,he/she thinks so,i-a-i[perf2],FullEventful
752,he/she thinks so,i-a-i,FullEventful
757,he/she is straightening it,ih-ohd[perf2],FullEventful
757,he/she is straightening it,ih-ohd[pres2-perf2],FullEventful
759,it is hanging (refers to flexible object),stative-a',FullStative
759,it is hanging (refers to flexible object),stative,FullStative
764,he/she is plowing it,i-vka,FullEventful
766,he/she is removing it from a hanging position (refers to solid or flexible object),rev-e,FullEventful
767,he/she is turning it,ih-ohd,FullEventful
767,he/she is turning it,ih-ohd[perf3],FullEventful
767,he/she is turning it,ih-ohd[pres2],FullEventful
767,he/she is turning it,ih-ohd[pres2-perf3],FullEventful
769,he/she is spinning it,ih-ohd,FullEventful
769,he/she is spinning it,ih-ohd[perf3],FullEventful
769,he/she is spinning it,ih-ohd[pres2],FullEventful
769,he/she is spinning it,ih-ohd[pres2-perf3],FullEventful
770,he/she is strapping it,hih-lh,FullEventful
772,he/she is standing,stative-k,FullStative
772,he/she is standing,stative,FullStative
775,he/she is pitying him/her,g-ts,FullEventful
776,he/she is dropping him/her (refers to flexible object),ih-ohd,FullEventful
776,he/she is dropping him/her (refers to flexible object),ih-ohd[perf3],FullEventful
776,he/she is dropping him/her (refers to flexible object),ih-ohd[pres2],FullEventful
776,he/she is dropping him/her (refers to flexible object),ih-ohd[pres2-perf3],FullEventful
777,it is falling from a hanging position (refers to flexible object),sg-s-hi-hihst,FullEventful
777,it is falling from a hanging position (refers to flexible object),sg-s-hst[imp2],FullEventful
777,it is falling from a hanging position (refers to flexible object),sg-s-hst,FullEventful
784,he/she is baking it,hvsg-hn[inf2],FullEventful
788,he/she is hanging up it (refers to a flexible object),vsk,FullEventful
788,he/she is hanging up it (refers to a flexible object),vsk[imp2],FullEventful
788,he/she is hanging up it (refers to a flexible object),vsk-long,FullEventful
788,he/she is hanging up it (refers to a flexible object),vsk-long[imp2],FullEventful
788,he/she is hanging up it (refers to a flexible object),vsk-post-v,FullEventful
791,he/she is rowing,sg-s-hst[imp2],FullEventful
791,he/she is rowing,sg-s-hst,FullEventful
796,he/she is pecking it,hih-lh[imp2],FullEventful
798,he/she is putting it into a container,ih-ohd,FullEventful
798,he/she is putting it into a container,ih-ohd[perf3],FullEventful
798,he/she is putting it into a container,ih-ohd[pres2],FullEventful
798,he/she is putting it into a container,ih-ohd[pres2-perf3],FullEventful
803,he/she is sleeping,ih-vh[imperf2],FullEventful
804,he/she is gathering it,ih-ohd[perf2],FullEventful
804,he/she is gathering it,ih-ohd[pres2-perf2],FullEventful
809,he/she is piling it up,husg,FullEventful
811,he/she is putting it in a hole or a container,hvsg-han,FullEventful
812,he/she is sleepy,vnh-vsk,FullEventful
812,he/she is sleepy,vnh-vsk[inf3],FullEventful
813,he/she is taking it somewhere by hand (refers to a flexible object),eg-vs,FullEventful
813,he/she is taking it somewhere by hand (refers to a flexible object),eg-vs[pres2],FullEventful
814,he/she is holding it (refers to a flexible object),stative,FullStative
815,he/she is handling it (refers to a flexible object),oh-ol-a,FullEventful
818,he/she is eating it (refers to a flexible object),e-aka,FullEventful
820,he/she is ripping it,ih-vh,FullEventful
821,he/she is scratching him/her,sg-s-la,FullEventful
821,he/she is scratching him/her,sg-s-hst,FullEventful
823,he/she is pricking him/her,hih-lh[imp2],FullEventful
824,he/she is wringing it out,ih-ohd,FullEventful
824,he/she is wringing it out,ih-ohd[perf3],FullEventful
824,he/she is wringing it out,ih-ohd[pres2],FullEventful
824,he/she is wringing it out,ih-ohd[pres2-perf3],FullEventful
825,he/she is stinging it,sg-h,FullEventful
825,he/she is stinging it,sg-h[imp2],FullEventful
826,he/she is leaving a living thing behind,a,FullEventful
827,he/she is giving him/her a living thing,eh-el,FullEventful
827,he/she is giving him/her a living thing,eh-el[imp2],FullEventful
829,he/she is wrapping him/her,vnh-vsk,FullEventful
829,he/she is wrapping him/her,vnh-vsk[inf2],FullEventful
830,he/she is putting it in a container (refers to a long object),i-a-i,FullEventful
833,he/she is taking it out of a container (refers to a solid or flexible object),rev-e,FullEventful
834,he/she is climbing it,eg-vs,FullEventful
834,he/she is climbing it,eg-vs[pres2],FullEventful
837,he/she is burning,sg-s-hi-hihst,FullEventful
837,he/she is burning,sg-s-hst[imp2],FullEventful
837,he/she is burning,sg-s-hst,FullEventful
838,it is falling from an upright position (refers to a long object eg tree‚ pole),sg-s-hi-hihst,FullEventful
838,it is falling from an upright position (refers to a long object eg tree‚ pole),sg-s-hst[imp2],FullEventful
838,it is falling from an upright position (refers to a long object eg tree‚ pole),sg-s-hst,FullEventful
839,he/she is climbing around,oh-ol-a,FullEventful
840,it is burning (refers to forest or grass),g-ts,FullEventful
840,it is burning (refers to forest or grass),stative,FullStative
842,it is dying (refers to an animal or plant),g-ts,FullEventful
844,he/she is spanking him/her,hih-hil,FullEventful
845,he/she is hoeing it,i-vka,FullEventful
848,he/she is stopping by (where on the way somewhere),ih-ohd,FullEventful
848,he/she is stopping by (where on the way somewhere),ih-ohd[perf3],FullEventful
848,he/she is stopping by (where on the way somewhere),ih-ohd[pres2],FullEventful
848,he/she is stopping by (where on the way somewhere),ih-ohd[pres2-perf3],FullEventful
850,he/she is overtaking him/her,eh-el,FullEventful
850,he/she is overtaking him/her,eh-el[imp2],FullEventful
850,he/she is overtaking him/her,eh-el[imp3],FullEventful
852,he/she is bluffing him/her,ih-ohd,FullEventful
852,he/she is bluffing him/her,ih-ohd[perf3],FullEventful
852,he/she is bluffing him/her,ih-ohd[pres2],FullEventful
852,he/she is bluffing him/her,ih-ohd[pres2-perf3],FullEventful
853,he/she is oiling it,e-a,FullEventful
854,he/she is making him/her fall from an elevated position,ih-ohd,FullEventful
854,he/she is making him/her fall from an elevated position,ih-ohd[perf3],FullEventful
854,he/she is making him/her fall from an elevated position,ih-ohd[pres2],FullEventful
854,he/she is making him/her fall from an elevated position,ih-ohd[pres2-perf3],FullEventful
855,he/she is cheating,eh-hehl,FullEventful
856,he/she is passing by without stopping,sg-s-hi-hihst,FullEventful
856,he/she is passing by without stopping,sg-s-hst[imp2],FullEventful
856,he/she is passing by without stopping,sg-s-hst,FullEventful
857,he/she is falling from an elevated position,sg-s-hi-hihst,FullEventful
857,he/she is falling from an elevated position,sg-s-hst[imp2],FullEventful
857,he/she is falling from an elevated position,sg-s-hst,FullEventful
858,he/she is arriving,hg-hts,FullEventful
859,it’s lacking,g-ts,FullEventful
862,he/she is chopping it,sg-h,FullEventful
862,he/she is chopping it,sg-h[imp2],FullEventful
864,he/she is beating him/her up,hih-hil,FullEventful
870,he/she is putting it in a hole or a container (refers to a flexible object),vsk,FullEventful
870,he/she is putting it in a hole or a container (refers to a flexible object),vsk[imp2],FullEventful
871,he/she is selling it,eg-invs,FullEventful
873,he/she is hiring him/her,vsk,FullEventful
873,he/she is hiring him/her,vsk[imp2],FullEventful
876,he/she is finding it (refers to a flexible object),ih-vh,FullEventful
876,he/she is finding it (refers to a flexible object),ih-vh[inf2],FullEventful
877,he/she is taking it somewhere (refers to an animal‚ flexible object),ih-vh,FullEventful
879,he/she is getting it (refers to a flexible object),rev-e,FullEventful
880,he/she is changing it,v-vhs,FullEventful
882,he/she is taking it somewhere by hand (refers to a long object),eg-vs,FullEventful
882,he/she is taking it somewhere by hand (refers to a long object),eg-vs[pres2],FullEventful
883,he/she is peeling him/her,ih-vh,FullEventful
884,he/she is getting some liquid,rev-gi,FullEventful
884,he/she is getting some liquid,rev-i,FullEventful
885,he/she is taking liquid from him/her,eh-el,FullEventful
885,he/she is taking liquid from him/her,eh-el[imp2],FullEventful
885,he/she is taking liquid from him/her,eh-el[imp3],FullEventful
886,he/she is bewitching him/her,i-a-i,FullEventful
887,he/she is holding it in his/her hand (refers to a long object),stative-h,FullStative
887,he/she is holding it in his/her hand (refers to a long object),stative-eh,FullStative
887,he/she is holding it in his/her hand (refers to a long object),stative,FullStative
888,he/she is leaving some liquid,a,FullEventful
889,he/she is giving him/her some liquid,eh-el,FullEventful
889,he/she is giving him/her some liquid,eh-el[imp2],FullEventful
890,he/she is finding some liquid,ih-vh,FullEventful
890,he/she is finding some liquid,ih-vh[inf2],FullEventful
891,he/she is taking some liquid somewhere,ih-vh,FullEventful
893,he/she lives (in sense of resides now),stative,FullStative
895,it’s freezing,i-a-i,FullEventful
896,it’s hailing,sg-s-a[inf2],FullEventful
896,it’s hailing,stative,FullStative
896,it’s hailing,g-ts[inf3],InfEventful
896,it’s hailing,sg-s-a[inf2],InfEventful
896,it’s hailing,sg-h,InfEventful
896,it’s hailing,hih-hil,InfEventful
896,it’s hailing,oh-al,InfEventful
899,he/she is lying down,stative-k,FullStative
899,he/she is lying down,stative,FullStative
901,he/she is agitating liquid,eh-eh,FullEventful
901,he/she is agitating liquid,eh-a,FullEventful
902,he/she is taking a liquid somewhere by hand,eg-vs,FullEventful
902,he/she is taking a liquid somewhere by hand,eg-vs[pres2],FullEventful
903,he/she is holding some liquid,stative-h,FullStative
903,he/she is holding some liquid,stative-eh,FullStative
903,he/she is holding some liquid,stative,FullStative
904,he/she is handling some liquid,oh-ol-a,FullEventful
908,he/she is handling it (refers to a long object),oh-ol-a,FullEventful
909,he/she hates him/her,hih-hilh,FullEventful
910,he/she is setting up a bed,i-a-i,FullEventful
913,he/she is pleading,i-a-i,FullEventful
914,he/she is burying him/her,ih-ohd[perf2],FullEventful
914,he/she is burying him/her,ih-ohd[pres2-perf2],FullEventful
915,he/she is leaving it (refers to flexible object),a,FullEventful
916,he/she is catching him/her,ih-vh,FullEventful
918,he/she is hunting,oh-ol-a,FullEventful
920,he/she is flying,stative,FullStative
921,it’s flooding,i-vka,FullEventful
921,it’s flooding,stative,FullStative
921,it’s flooding,i-vka,InfEventful
921,it’s flooding,oh-ol,InfEventful
921,it’s flooding,vsk-post-v,InfEventful
922,he/she is causing it to sound,ih-ohd,FullEventful
922,he/she is causing it to sound,ih-ohd[perf3],FullEventful
922,he/she is causing it to sound,ih-ohd[pres2],FullEventful
922,he/she is causing it to sound,ih-ohd[pres2-perf3],FullEventful
924,it is blowing (refers to wind),vsk,FullEventful
924,it is blowing (refers to wind),vsk-long,FullEventful
924,it is blowing (refers to wind),vsk-post-v,FullEventful
924,it is blowing (refers to wind),stative,FullStative
924,it is blowing (refers to wind),vsk,InfEventful
924,it is blowing (refers to wind),vsk-post-v,InfEventful
925,he/she is stealing it,rev-gi,FullEventful
925,he/she is stealing it,rev-i,FullEventful
928,he/she is sinking,g-ts,FullEventful
928,he/she is sinking,g-ts[inf2],FullEventful
929,he/she is pulling him/her,rev-e,FullEventful
931,he/she is dragging him/her,eg-vs,FullEventful
931,he/she is dragging him/her,eg-vs[pres2],FullEventful
932,he/she is exiting,go-gots,FullEventful
937,he/she is twisting him/her,oh-ol-a,FullEventful
937,he/she is twisting him/her,oh-ol[inf2],FullEventful
937,he/she is twisting him/her,oh-ol[inf3],FullEventful
938,he/she is missing him/her (refers to as a target),i-a-i,FullEventful
940,he/she is falling from an upright position,g-ts,FullEventful
940,he/she is falling from an upright position,g-ts[inf2],FullEventful
941,he/she is cleaning him/her,ih-vh,FullEventful
942,he/she is hammering it,o,FullEventful
946,he/she is tying up a leg,hih-lh,FullEventful
949,he/she is tossing about,oh-ol-a,FullEventful
950,he/she is giving him/her an object (refers to a flexible object),eh-el,FullEventful
950,he/she is giving him/her an object (refers to a flexible object),eh-el[imp2],FullEventful
955,he/she is pushing him/her,sg-h,FullEventful
955,he/she is pushing him/her,sg-h-hy,FullEventful
955,he/she is pushing him/her,sg-h[imp2],FullEventful
956,he/she is rolling him/her,hih-lh,FullEventful
960,he/she is attaching the object behind it (refers to a flexible object),vsk,FullEventful
965,it’s dripping,stative,FullStative
965,it’s dripping,g-ts,InfEventful
965,it’s dripping,g-ts[inf2],InfEventful
965,it’s dripping,sg-s-hst,InfEventful
965,it’s dripping,sg-h,InfEventful
965,it’s dripping,ih-il,InfEventful
965,it’s dripping,hih-lh,InfEventful
965,it’s dripping,i-a-i,InfEventful
965,it’s dripping,oh-al,InfEventful
965,it’s dripping,rev-i,InfEventful
965,it’s dripping,rev-'i,InfEventful
969,he/she is piling it up,hvsg-han,FullEventful
970,it’s hanging,stative-h,FullStative
970,it’s hanging,stative,FullStative
973,he/she is stabbing him/her,hih-hilh,FullEventful
976,he/she is hanging it up,hvsg-han,FullEventful
977,he/she is joking,vnh-ih-a,FullEventful
978,he/she is resting him/her,ih-ohd,FullEventful
978,he/she is resting him/her,ih-ohd[perf3],FullEventful
978,he/she is resting him/her,ih-ohd[pres2],FullEventful
978,he/she is resting him/her,ih-ohd[pres2-perf3],FullEventful
979,he/she is bathing him/her,o,FullEventful
980,he/she is replying,v-vhs,FullEventful
981,he/she is lecturing him/her,ih-ohd,FullEventful
981,he/she is lecturing him/her,ih-ohd[perf3],FullEventful
981,he/she is lecturing him/her,ih-ohd[pres2],FullEventful
981,he/she is lecturing him/her,ih-ohd[pres2-perf3],FullEventful
983,he/she is speaking,ih-ihi,FullEventful
986,he/she is sewing it,sg-s-a[inf2],FullEventful
992,he/she is feeding him/her,oh-al,FullEventful
993,he/she is howling,sg-h,FullEventful
993,he/she is howling,sg-h[imp2],FullEventful
993,he/she is howling,hvsg-hn[inf3],FullEventful
997,he/she is leading it by a leash,stative-h,FullStative
997,he/she is leading it by a leash,stative-eh,FullStative
997,he/she is leading it by a leash,stative,FullStative
997,he/she is leading it by a leash,g-ts,InfEventful
997,he/she is leading it by a leash,sg-s-hst,InfEventful
997,he/she is leading it by a leash,sg-h,InfEventful
997,he/she is leading it by a leash,eg-vs,InfEventful
997,he/she is leading it by a leash,hih-lh,InfEventful
997,he/she is leading it by a leash,vnh-vsk[inf4],InfEventful
997,he/she is leading it by a leash,oh-al,InfEventful
997,he/she is leading it by a leash,v-vhs,InfEventful
1014,he/she is leading him/her by the hand,eg-vs,FullEventful
1014,he/she is leading him/her by the hand,eg-vs[pres2],FullEventful
1015,he/she is agreeing with him/her,eh-el,FullEventful
1015,he/she is agreeing with him/her,eh-el[imp2],FullEventful
1017,he/she is recognizing him/her,hg-hts,FullEventful
1018,he/she understands it,hg-hts,FullEventful
1021,he/she is getting full,sg-s-hi-hihst,FullEventful
1021,he/she is getting full,sg-s-hst[imp2],FullEventful
1021,he/she is getting full,sg-s-hst,FullEventful
1022,he/she is making it,vnh-vsk,FullEventful
1022,he/she is making it,vnh-vsk[inf3],FullEventful
1023,he/she is making it fall (refers to a round‚ long object),ih-ohd,FullEventful
1023,he/she is making it fall (refers to a round‚ long object),ih-ohd[perf3],FullEventful
1023,he/she is making it fall (refers to a round‚ long object),ih-ohd[pres2],FullEventful
1023,he/she is making it fall (refers to a round‚ long object),ih-ohd[pres2-perf3],FullEventful
1024,it’s falling (refers to a round‚ long object),sg-s-hi-hihst,FullEventful
1024,it’s falling (refers to a round‚ long object),sg-s-hst[imp2],FullEventful
1024,it’s falling (refers to a round‚ long object),sg-s-hst,FullEventful
1027,he/she is writing it,i-vka,FullEventful
1030,he/she is pulling a trigger,rev-e,FullEventful
1038,he/she is batting it,ih-il,FullEventful
1040,he/she is saying to him/her,eh-el,FullEventful
1040,he/she is saying to him/her,eh-el[imp2],FullEventful
1041,it’s swelling,sg-s-hi-hihst,FullEventful
1041,it’s swelling,sg-s-hst[imp2],FullEventful
1041,it’s swelling,sg-s-hst,FullEventful
1043,he/she is building a fire,hvsg-han,FullEventful
1044,he/she is unhitching him/her,rev-e,FullEventful
1045,he/she is hitching him/her up,vsk,FullEventful
1045,he/she is hitching him/her up,vsk[imp2],FullEventful
1050,he/she is putting a handle on a tool,hvsg-han,FullEventful
1052,he/she is washing it,o,FullEventful
1053,he/she is accusing him/her,ih-ohd,FullEventful
1053,he/she is accusing him/her,ih-ohd[perf3],FullEventful
1053,he/she is accusing him/her,ih-ohd[pres2],FullEventful
1053,he/she is accusing him/her,ih-ohd[pres2-perf3],FullEventful
1055,he/she is covering it,vsk,FullEventful
1055,he/she is covering it,vsk[imp2],FullEventful
1056,he/she is putting it in water,hvsg-hn,FullEventful
1056,he/she is putting it in water,hvsg-hn[inf2],FullEventful
1060,he/she is picking him/her up,rev-e,FullEventful
1061,it’s snowing,ih-ohd[perf2],FullEventful
1061,it’s snowing,ih-ohd[pres2-perf2],FullEventful
1061,it’s snowing,stative,FullStative
1061,it’s snowing,hvsg-hn,InfEventful
1061,it’s snowing,hvsg-hn[inf2],InfEventful
1061,it’s snowing,hvsg-hn[inf4],InfEventful
1061,it’s snowing,vhvsg,InfEventful
1061,it’s snowing,eh-a,InfEventful
1061,it’s snowing,ih-ohd,InfEventful
1061,it’s snowing,ih-vh,InfEventful
1061,it’s snowing,vnh-ih-a,InfEventful
1063,he/she is sifting it,ih-ohd,FullEventful
1063,he/she is sifting it,ih-ohd[perf3],FullEventful
1063,he/she is sifting it,ih-ohd[pres2],FullEventful
1063,he/she is sifting it,ih-ohd[pres2-perf3],FullEventful
1064,it’s leaking,sg-s-hst,FullEventful
1064,it’s leaking,stative,FullStative
1064,it’s leaking,g-ts,InfEventful
1064,it’s leaking,sg-s-hst,InfEventful
1064,it’s leaking,sg-h,InfEventful
1064,it’s leaking,hih-lh,InfEventful
1064,it’s leaking,oh-al,InfEventful
1067,he/she is alive,stative-h,FullStative
1067,he/she is alive,stative,FullStative
1070,he/she is hitting him/her,hih-hil[imp2],FullEventful
1071,he/she is cooking it (refers to a specific food),ih-ohd,FullEventful
1071,he/she is cooking it (refers to a specific food),ih-ohd[perf3],FullEventful
1071,he/she is cooking it (refers to a specific food),ih-ohd[pres2],FullEventful
1071,he/she is cooking it (refers to a specific food),ih-ohd[pres2-perf3],FullEventful
1076,he/she is frying it,hvsg-han,FullEventful
1078,he/she is melting it,ih-ohd,FullEventful
1078,he/she is melting it,ih-ohd[perf3],FullEventful
1078,he/she is melting it,ih-ohd[pres2],FullEventful
1078,he/she is melting it,ih-ohd[pres2-perf3],FullEventful
1079,it’s melting,sg-s-hi-hihst,FullEventful
1079,it’s melting,sg-s-hst[imp2],FullEventful
1079,it’s melting,sg-s-hst,FullEventful
1081,he/she is sweeping it,sg-h,FullEventful
1081,he/she is sweeping it,sg-h[imp2],FullEventful
1082,it’s becoming done (refers to by cooking),sg-s-hi-hihst,FullEventful
1083,he/she is hiding it,hvsg-han,FullEventful
1084,he/she is hiding it (refers to a long object),i-a-i,FullEventful
1085,he/she is hiding him/her (refers to a flexible object),vsk,FullEventful
1085,he/she is hiding him/her (refers to a flexible object),vsk[imp2],FullEventful
1086,he/she is cracking it,o,FullEventful
1087,he/she is putting it into a fire,hvsg-han,FullEventful
1088,he/she is soaking it (refers to a flexible object),hvsg-han,FullEventful
1119,he/she is returning,hg-hts,FullEventful
1221,he/she is ascending an incline,sg-s-hi-hihst,FullEventful
1221,he/she is ascending an incline,sg-s-hst[imp2],FullEventful
1221,he/she is ascending an incline,sg-s-hst,FullEventful
1224,he/she is making him/her angry,ih-ohd,FullEventful
1224,he/she is making him/her angry,ih-ohd[perf3],FullEventful
1224,he/she is making him/her angry,ih-ohd[pres2],FullEventful
1224,he/she is making him/her angry,ih-ohd[pres2-perf3],FullEventful
1227,he/she is rooting it out,ih-vh,FullEventful
1229,he/she is cold,g-ts,FullEventful
1230,he/she is speaking,g-ts,FullEventful
1231,he/she is prying it,ih-vh,FullEventful
1232,he/she is accumulating it,o,FullEventful
1233,it’s accumulating,g-ts,FullEventful
1233,it’s accumulating,g-ts[inf2],FullEventful
1234,he/she is mentioning it,ih-ohd,FullEventful
1234,he/she is mentioning it,ih-ohd[perf3],FullEventful
1234,he/she is mentioning it,ih-ohd[pres2],FullEventful
1234,he/she is mentioning it,ih-ohd[pres2-perf3],FullEventful
1235,it’s contaminated (refers to contaminated by visible foreign matter),stative-h,FullStative
1235,it’s contaminated (refers to contaminated by visible foreign matter),stative,FullStative
1236,he/she is contaminating it (refers to contaminated by visible foreign matter),hvsg-han,FullEventful
1241,he/she is collecting from him/her,hvsg-han,FullEventful
1246,he/she is telling it,eh-hehl,FullEventful
1247,he/she is omitting him/her,a,FullEventful
1249,he/she is fanning him/her,eh-eh,FullEventful
1249,he/she is fanning him/her,eh-a,FullEventful
1253,it’s misting,i-a-i,FullEventful
1253,it’s misting,stative,FullStative
1253,it’s misting,g-ts,InfEventful
1253,it’s misting,sg-s-hst,InfEventful
1253,it’s misting,sg-h,InfEventful
1253,it’s misting,ih-il,InfEventful
1253,it’s misting,hih-lh,InfEventful
1253,it’s misting,i-a-i,InfEventful
1253,it’s misting,oh-al,InfEventful
1253,it’s misting,rev-i,InfEventful
1254,he/she is straining it,ih-ohd,FullEventful
1254,he/she is straining it,ih-ohd[perf3],FullEventful
1254,he/she is straining it,ih-ohd[pres2],FullEventful
1254,he/she is straining it,ih-ohd[pres2-perf3],FullEventful
1256,he/she is curing him/her,i-vka,FullEventful
1258,he/she is breathing,rev-e,FullEventful
1261,he/she is parting with him/her (refers to in death),g-ts,FullEventful
1261,he/she is parting with him/her (refers to in death),g-ts[inf2],FullEventful
1262,he/she is using it,ih-ohd,FullEventful
1262,he/she is using it,ih-ohd[perf3],FullEventful
1262,he/she is using it,ih-ohd[pres2],FullEventful
1262,he/she is using it,ih-ohd[pres2-perf3],FullEventful
1263,he/she is putting out a fire,i-a-i,FullEventful
1264,he/she is sharpening it,ih-vh,FullEventful
1264,he/she is sharpening it,ih-vh[inf2],FullEventful
1265,it is going out (refers to fire‚ light),sg-s-hi-hihst,FullEventful
1265,it is going out (refers to fire‚ light),sg-s-hst[imp2],FullEventful
1265,it is going out (refers to fire‚ light),sg-s-hst,FullEventful
1266,he/she is putting it into a fire (refers to a flexible object),vsk,FullEventful
1266,he/she is putting it into a fire (refers to a flexible object),vsk[imp2],FullEventful
1266,he/she is putting it into a fire (refers to a flexible object),vsk-long,FullEventful
1266,he/she is putting it into a fire (refers to a flexible object),vsk-long[imp2],FullEventful
1266,he/she is putting it into a fire (refers to a flexible object),vsk-post-v,FullEventful
1267,he/she is mingling with a group,oh-ol-a,FullEventful
1270,he/she is linking it,hvsg-han,FullEventful
1285,it is hanging (refers to a long object),stative,FullStative
1286,he/she is hanging it up (refers to a long object),i-a-i,FullEventful
1301,there are (a number of three or more must be specified),stative,FullStative
1308,he/she is taking it off,rev-e,FullEventful
1309,he/she is putting it on,ih-ohd,FullEventful
1309,he/she is putting it on,ih-ohd[perf3],FullEventful
1309,he/she is putting it on,ih-ohd[pres2],FullEventful
1309,he/she is putting it on,ih-ohd[pres2-perf3],FullEventful
1323,he/she has something on (refers to objects),stative,FullStative
1450,he/she is in prayer,stative,FullStative
1450,he/she is in prayer,hvsg-hn,InfEventful
1450,he/she is in prayer,hvsg-hn[inf2],InfEventful
1450,he/she is in prayer,hvsg-hn[inf4],InfEventful
1450,he/she is in prayer,vhvsg,InfEventful
1450,he/she is in prayer,eh-a,InfEventful
1450,he/she is in prayer,ih-ohd,InfEventful
1450,he/she is in prayer,ih-vh,InfEventful
1450,he/she is in prayer,vnh-ih-a,InfEventful
1451,he/she loves,stative-s,FullStative
1451,he/she loves,stative,FullStative
1451,he/she loves,hvsg-han,InfEventful
1451,he/she loves,hvsg-hn[inf2],InfEventful
1451,he/she loves,vhvsg,InfEventful
1451,he/she loves,eh-a,InfEventful
1451,he/she loves,ih-vh,InfEventful
1451,he/she loves,vnh-ih-a,InfEventful
1459,it’s wrinkled,stative-s,FullStative
1459,it’s wrinkled,stative,FullStative
1462,he/she feels,stative-h,FullStative
1462,he/she feels,stative,FullStative
1462,he/she feels,g-ts,InfEventful
1462,he/she feels,sg-s-hst,InfEventful
1462,he/she feels,sg-h,InfEventful
1462,he/she feels,ih-il,InfEventful
1462,he/she feels,hih-lh,InfEventful
1462,he/she feels,i-a-i,InfEventful
1462,he/she feels,oh-al,InfEventful
1462,he/she feels,rev-i,InfEventful
1470,it’s in view,stative-h,FullStative
1470,it’s in view,stative,FullStative
1470,it’s in view,hvsg-han,InfEventful
1470,it’s in view,hvsg-hn[inf2],InfEventful
1470,it’s in view,vhvsg,InfEventful
1470,it’s in view,eh-a,InfEventful
1470,it’s in view,ih-vh,InfEventful
1470,it’s in view,vnh-ih-a,InfEventful
1471,he/she is throwing it,eg-invs,FullEventful
1471,he/she is throwing it,stative,StativeNoImp
1471,he/she is throwing it,eg-invs,ImpInfEventful
1476,he/she is having a birthday,ih-vh,FullEventful
1476,he/she is having a birthday,stative,StativeNoImp
1476,he/she is having a birthday,eh-a,ImpInfEventful
1476,he/she is having a birthday,ih-vh,ImpInfEventful
1476,he/she is having a birthday,vnh-ih-a,ImpInfEventful
1478,it’s hot,stative-k,FullStative
1478,it’s hot,stative,FullStative
1479,he/she has a fever,stative-k,StativeNoImp
1479,he/she has a fever,stative,StativeNoImp
1479,he/she has a fever,sg-s-hst[imp2],ImpInfEventful
1479,he/she has a fever,sg-s-hst,ImpInfEventful
1479,he/she has a fever,sg-h[imp2],ImpInfEventful
1480,he/she is in hiding,stative-h,FullStative
1480,he/she is in hiding,stative,FullStative
1480,he/she is in hiding,hvsg-han,InfEventful
1480,he/she is in hiding,hvsg-hn[inf2],InfEventful
1480,he/she is in hiding,vhvsg,InfEventful
1480,he/she is in hiding,eh-a,InfEventful
1480,he/she is in hiding,ih-vh,InfEventful
1480,he/she is in hiding,vnh-ih-a,InfEventful
1481,he/she is getting well,sg-s-hi-hihst,FullEventful
1481,he/she is getting well,stative,StativeNoImp
1481,he/she is getting well,sg-s-hi-hihst,ImpInfEventful
1481,he/she is getting well,sg-s-hst,ImpInfEventful
1481,he/she is getting well,sg-h[imp2],ImpInfEventful
1481,he/she is getting well,rev-i,ImpInfEventful
1483,there’s an opening,stative,FullStative
1484,he/she has time,eh-el,FullEventful
1484,he/she has time,eh-el[imp2],FullEventful
1484,he/she has time,eh-el[imp3],FullEventful
1484,he/she has time,stative,StativeNoImp
1484,he/she has time,eh-el,ImpInfEventful
1484,he/she has time,eh-el[imp2],ImpInfEventful
1484,he/she has time,eh-el[imp3],ImpInfEventful
1485,he/she is disbelieving,eh-el,FullEventful
1485,he/she is disbelieving,eh-el[imp2],FullEventful
1485,he/she is disbelieving,stative,StativeNoImp
1485,he/she is disbelieving,eh-el,ImpInfEventful
1485,he/she is disbelieving,eh-el[imp2],ImpInfEventful
1487,he/she is taking revenge,g-ts,FullEventful
1487,he/she is taking revenge,g-ts[inf2],FullEventful
1487,he/she is taking revenge,stative,StativeNoImp
1487,he/she is taking revenge,g-ts,ImpInfEventful
1487,he/she is taking revenge,g-ts[inf2],ImpInfEventful
1487,he/she is taking revenge,sg-s-hst,ImpInfEventful
1487,he/she is taking revenge,sg-h[imp2],ImpInfEventful
1487,he/she is taking revenge,rev-i,ImpInfEventful
1489,he/she is wearing an earring,stative,FullStative
1493,he/she is sick,stative-k,StativeNoImp
1493,he/she is sick,stative,StativeNoImp
1493,he/she is sick,g-ts,ImpInfEventful
1493,he/she is sick,g-ts[inf2],ImpInfEventful
1493,he/she is sick,sg-s-hst,ImpInfEventful
1493,he/she is sick,sg-h[imp2],ImpInfEventful
1493,he/she is sick,rev-i,ImpInfEventful
1505,he/she is standing in liquid,stative-s,FullStative
1505,he/she is standing in liquid,stative,FullStative
1505,he/she is standing in liquid,hvsg-hn,InfEventful
1505,he/she is standing in liquid,hvsg-hn[inf2],InfEventful
1505,he/she is standing in liquid,vhvsg,InfEventful
1505,he/she is standing in liquid,eh-a,InfEventful
1505,he/she is standing in liquid,ih-vh,InfEventful
1505,he/she is standing in liquid,vnh-ih-a,InfEventful
1507,he/she wants it,ih-vh,FullEventful
1507,he/she wants it,stative,StativeNoImp
1507,he/she wants it,eh-a,ImpInfEventful
1507,he/she wants it,ih-vh,ImpInfEventful
1507,he/she wants it,vnh-ih-a,ImpInfEventful
1508,he/she is willing,stative,FullStative
1514,he/she is becoming warm,sg-s-hi-hihst,FullEventful
1514,he/she is becoming warm,sg-s-hst[imp2],FullEventful
1514,he/she is becoming warm,sg-s-hst,FullEventful
1514,he/she is becoming warm,stative,StativeNoImp
1514,he/she is becoming warm,sg-s-hi-hihst,ImpInfEventful
1514,he/she is becoming warm,sg-s-hst[imp2],ImpInfEventful
1514,he/she is becoming warm,sg-s-hst,ImpInfEventful
1514,he/she is becoming warm,sg-h[imp2],ImpInfEventful
1514,he/she is becoming warm,rev-i,ImpInfEventful
1516,he/she is possessive of him/her,stative-s,FullStative
1516,he/she is possessive of him/her,stative,FullStative
1516,he/she is possessive of him/her,hvsg-han,InfEventful
1516,he/she is possessive of him/her,hvsg-hn[inf2],InfEventful
1516,he/she is possessive of him/her,vhvsg,InfEventful
1516,he/she is possessive of him/her,eh-a,InfEventful
1516,he/she is possessive of him/her,ih-vh,InfEventful
1516,he/she is possessive of him/her,vnh-ih-a,InfEventful
1523,he/she is late,g-ts,FullEventful
1523,he/she is late,stative,StativeNoImp
1523,he/she is late,g-ts,ImpInfEventful
1523,he/she is late,sg-s-hst,ImpInfEventful
1523,he/she is late,sg-h[imp2],ImpInfEventful
1524,it’s decaying,sg-s-hi-hihst,FullEventful
1524,it’s decaying,sg-s-hst[imp2],FullEventful
1524,it’s decaying,sg-s-hst,FullEventful
1524,it’s decaying,stative,StativeNoImp
1524,it’s decaying,sg-s-hi-hihst,ImpInfEventful
1524,it’s decaying,sg-s-hst[imp2],ImpInfEventful
1524,it’s decaying,sg-s-hst,ImpInfEventful
1524,it’s decaying,sg-h[imp2],ImpInfEventful
1524,it’s decaying,rev-i,ImpInfEventful
1530,he/she has an object (refers to a solid object),stative-h,FullStative
1530,he/she has an object (refers to a solid object),stative,FullStative
1531,he/she is yawning,eh-eh,FullEventful
1531,he/she is yawning,eh-a,FullEventful
1531,he/she is yawning,stative,StativeNoImp
1531,he/she is yawning,eh-eh,ImpInfEventful
1531,he/she is yawning,eh-a,ImpInfEventful
1531,he/she is yawning,eh-el[imp4],ImpInfEventful
1531,he/she is yawning,ih-vh,ImpInfEventful
1531,he/she is yawning,vnh-ih-a,ImpInfEventful
1534,he/she is having trouble breathing,ih-ohd,FullEventful
1534,he/she is having trouble breathing,ih-ohd[perf3],FullEventful
1534,he/she is having trouble breathing,ih-ohd[pres2],FullEventful
1534,he/she is having trouble breathing,ih-ohd[pres2-perf3],FullEventful
1534,he/she is having trouble breathing,stative,StativeNoImp
1534,he/she is having trouble breathing,eh-a,ImpInfEventful
1534,he/she is having trouble breathing,ih-ohd,ImpInfEventful
1534,he/she is having trouble breathing,ih-vh,ImpInfEventful
1534,he/she is having trouble breathing,vnh-ih-a,ImpInfEventful
1535,there is dew,stative-h,FullStative
1535,there is dew,stative,FullStative
1536,he/she is lonesome,eh-el,FullEventful
1536,he/she is lonesome,eh-el[imp2],FullEventful
1536,he/she is lonesome,stative,StativeNoImp
1536,he/she is lonesome,eh-el,ImpInfEventful
1536,he/she is lonesome,eh-el[imp2],ImpInfEventful
1537,it’s lonesome,stative,FullStative
1544,he/she is becoming angry,g-ts,FullEventful
1544,he/she is becoming angry,g-ts[inf2],FullEventful
1544,he/she is becoming angry,stative,StativeNoImp
1544,he/she is becoming angry,g-ts,ImpInfEventful
1544,he/she is becoming angry,g-ts[inf2],ImpInfEventful
1544,he/she is becoming angry,sg-s-hst,ImpInfEventful
1544,he/she is becoming angry,sg-h[imp2],ImpInfEventful
1544,he/she is becoming angry,rev-i,ImpInfEventful
1545,he/she is angry,stative-s,FullStative
1545,he/she is angry,stative,FullStative
1548,he/she is stubbing his/her toe,o,FullEventful
1548,he/she is stubbing his/her toe,stative,StativeNoImp
1548,he/she is stubbing his/her toe,sg-s-hst,ImpInfEventful
1548,he/she is stubbing his/her toe,sg-h,ImpInfEventful
1548,he/she is stubbing his/her toe,sg-h[imp2],ImpInfEventful
1548,he/she is stubbing his/her toe,o,ImpInfEventful
1551,he/she has a chill,ih-ohd,FullEventful
1551,he/she has a chill,ih-ohd[perf3],FullEventful
1551,he/she has a chill,ih-ohd[pres2],FullEventful
1551,he/she has a chill,ih-ohd[pres2-perf3],FullEventful
1551,he/she has a chill,stative,StativeNoImp
1551,he/she has a chill,eh-a,ImpInfEventful
1551,he/she has a chill,ih-ohd,ImpInfEventful
1551,he/she has a chill,ih-vh,ImpInfEventful
1551,he/she has a chill,vnh-ih-a,ImpInfEventful
1554,he/she is in bed,stative-h,FullStative
1554,he/she is in bed,stative,FullStative
1557,he/she is wearing a shirt,stative,FullStative
1561,he/she is buying it,sg-s-hi-hihst,FullEventful
1561,he/she is buying it,sg-s-hst[imp2],FullEventful
1561,he/she is buying it,sg-s-hst,FullEventful
1561,he/she is buying it,stative,StativeNoImp
1561,he/she is buying it,sg-s-hi-hihst,ImpInfEventful
1561,he/she is buying it,sg-s-hst[imp2],ImpInfEventful
1561,he/she is buying it,sg-s-hst,ImpInfEventful
1561,he/she is buying it,sg-h[imp2],ImpInfEventful
1561,he/she is buying it,rev-i,ImpInfEventful
1563,he/she is looking for it,oh-al,FullEventful
1563,he/she is looking for it,stative,StativeNoImp
1563,he/she is looking for it,sg-s-a[inf2],ImpInfEventful
1563,he/she is looking for it,sg-h,ImpInfEventful
1563,he/she is looking for it,sg-h[imp2],ImpInfEventful
1563,he/she is looking for it,hih-hil,ImpInfEventful
1563,he/she is looking for it,oh-al,ImpInfEventful
1564,he/she is afloat,stative-s,StativeNoImp
1564,he/she is afloat,stative,StativeNoImp
1564,he/she is afloat,hvsg-hn,ImpInfEventful
1564,he/she is afloat,hvsg-hn[inf2],ImpInfEventful
1564,he/she is afloat,eh-a,ImpInfEventful
1564,he/she is afloat,ih-vh,ImpInfEventful
1564,he/she is afloat,vnh-ih-a,ImpInfEventful
1569,it is cold (refers to weather),stative,FullStative
1570,he/she has a cold,ih-vh,FullEventful
1570,he/she has a cold,stative,StativeNoImp
1570,he/she has a cold,eh-a,ImpInfEventful
1570,he/she has a cold,ih-vh,ImpInfEventful
1570,he/she has a cold,vnh-ih-a,ImpInfEventful
1571,he/she is choking on it,stative,StativeNoImp
1572,he/she is getting drunk,e-aka,FullEventful
1572,he/she is getting drunk,stative,StativeNoImp
1572,he/she is getting drunk,sg-s-hst,ImpInfEventful
1572,he/she is getting drunk,sg-h,ImpInfEventful
1572,he/she is getting drunk,sg-h[imp2],ImpInfEventful
1572,he/she is getting drunk,e-aka,ImpInfEventful
1572,he/she is getting drunk,hih-lh,ImpInfEventful
1572,he/she is getting drunk,oh-al,ImpInfEventful
1572,he/she is getting drunk,oh-al[imp2],ImpInfEventful
1576,he/she is inside it,stative-a',FullStative
1576,he/she is inside it,stative,FullStative
1580,he/she is grinning,stative,StativeNoImp
1580,he/she is grinning,eh-a,ImpInfEventful
1580,he/she is grinning,ih-ohd,ImpInfEventful
1580,he/she is grinning,ih-vh,ImpInfEventful
1580,he/she is grinning,vnh-ih-a,ImpInfEventful
1585,it’s rattling,stative-h,StativeNoImp
1585,it’s rattling,stative,StativeNoImp
1585,it’s rattling,hvsg-han,ImpInfEventful
1585,it’s rattling,eh-a,ImpInfEventful
1585,it’s rattling,ih-vh,ImpInfEventful
1585,it’s rattling,vnh-ih-a,ImpInfEventful
1592,it’s sticking out,stative-h,FullStative
1592,it’s sticking out,stative,FullStative
1592,it’s sticking out,hvsg-han,InfEventful
1592,it’s sticking out,hvsg-hn[inf2],InfEventful
1592,it’s sticking out,vhvsg,InfEventful
1592,it’s sticking out,eh-a,InfEventful
1592,it’s sticking out,ih-vh,InfEventful
1592,it’s sticking out,vnh-ih-a,InfEventful
1593,he/she is watching him/her,stative,FullStative
1593,he/she is watching him/her,hvsg-hn,InfEventful
1593,he/she is watching him/her,hvsg-hn[inf2],InfEventful
1593,he/she is watching him/her,hvsg-hn[inf4],InfEventful
1593,he/she is watching him/her,vhvsg,InfEventful
1593,he/she is watching him/her,eh-a,InfEventful
1593,he/she is watching him/her,ih-ohd,InfEventful
1593,he/she is watching him/her,ih-vh,InfEventful
1593,he/she is watching him/her,vnh-ih-a,InfEventful
1597,it’s foggy,stative,FullStative
1599,he/she is not having luck at hunting,eg-vs,FullEventful
1599,he/she is not having luck at hunting,eg-vs[pres2],FullEventful
1599,he/she is not having luck at hunting,stative,StativeNoImp
1599,he/she is not having luck at hunting,sg-s-hst,ImpInfEventful
1599,he/she is not having luck at hunting,sg-h,ImpInfEventful
1599,he/she is not having luck at hunting,sg-h[imp2],ImpInfEventful
1599,he/she is not having luck at hunting,eg-vs,ImpInfEventful
1599,he/she is not having luck at hunting,hih-lh,ImpInfEventful
1599,he/she is not having luck at hunting,oh-al,ImpInfEventful
1602,he/she is losing his/her way,hih-lh,FullEventful
1602,he/she is losing his/her way,stative-h,StativeNoImp
1602,he/she is losing his/her way,stative,StativeNoImp
1602,he/she is losing his/her way,a,ImpInfEventful
1602,he/she is losing his/her way,sg-s-hst,ImpInfEventful
1602,he/she is losing his/her way,sg-h,ImpInfEventful
1602,he/she is losing his/her way,sg-h[imp2],ImpInfEventful
1602,he/she is losing his/her way,hih-lh,ImpInfEventful
1602,he/she is losing his/her way,oh-ol-a,ImpInfEventful
1602,he/she is losing his/her way,oh-al,ImpInfEventful
1602,he/she is losing his/her way,oh-al[imp2],ImpInfEventful
1602,he/she is losing his/her way,oh-ol[inf3],ImpInfEventful
1604,he/she is making a mistake,ih-ohd,FullEventful
1604,he/she is making a mistake,ih-ohd[perf3],FullEventful
1604,he/she is making a mistake,ih-ohd[pres2],FullEventful
1604,he/she is making a mistake,ih-ohd[pres2-perf3],FullEventful
1604,he/she is making a mistake,stative,StativeNoImp
1604,he/she is making a mistake,eh-a,ImpInfEventful
1604,he/she is making a mistake,ih-ohd,ImpInfEventful
1604,he/she is making a mistake,ih-vh,ImpInfEventful
1604,he/she is making a mistake,vnh-ih-a,ImpInfEventful
1612,he/she is whining,ih-ohd,FullEventful
1612,he/she is whining,ih-ohd[perf3],FullEventful
1612,he/she is whining,ih-ohd[pres2],FullEventful
1612,he/she is whining,ih-ohd[pres2-perf3],FullEventful
1612,he/she is whining,stative,StativeNoImp
1612,he/she is whining,eh-a,ImpInfEventful
1612,he/she is whining,ih-ohd,ImpInfEventful
1612,he/she is whining,ih-vh,ImpInfEventful
1612,he/she is whining,vnh-ih-a,ImpInfEventful
1613,he/she is wearing a ring,stative-k,FullStative
1613,he/she is wearing a ring,stative,FullStative
1614,it’s cloudy,stative,FullStative
1616,it’s happening to him,eh-el,FullEventful
1616,it’s happening to him,eh-el[imp2],FullEventful
1616,it’s happening to him,stative,StativeNoImp
1616,it’s happening to him,eh-el,ImpInfEventful
1616,it’s happening to him,eh-el[imp2],ImpInfEventful
1618,he/she is wearing a cap,stative,FullStative
1621,he/she is sticking his/her head out,stative,FullStative
1622,he/she is wearing a hat,stative-k,FullStative
1622,he/she is wearing a hat,stative,FullStative
1623,it’s dark,stative-k,FullStative
1623,it’s dark,stative,FullStative
1627,he/she likes him/her,stative,StativeNoImp
1627,he/she likes him/her,eh-a,ImpInfEventful
1627,he/she likes him/her,ih-ohd,ImpInfEventful
1627,he/she likes him/her,ih-vh,ImpInfEventful
1627,he/she likes him/her,vnh-ih-a,ImpInfEventful
1629,he/she has an object (refers to a flexible object),stative-a',FullStative
1629,he/she has an object (refers to a flexible object),stative,FullStative
1632,they are together,stative-s,FullStative
1632,they are together,stative,FullStative
1639,he/she is being mean,stative,FullStative
1642,he/she has a liquid,stative-h,FullStative
1642,he/she has a liquid,stative-eh,FullStative
1642,he/she has a liquid,stative,FullStative
1642,he/she has a liquid,hvsg-hn,InfEventful
1642,he/she has a liquid,hvsg-hn[inf2],InfEventful
1642,he/she has a liquid,vhvsg,InfEventful
1642,he/she has a liquid,eh-eh,InfEventful
1642,he/she has a liquid,eh-a,InfEventful
1642,he/she has a liquid,eh-el,InfEventful
1642,he/she has a liquid,ih-vh,InfEventful
1642,he/she has a liquid,vnh-ih-a,InfEventful
1646,he/she knows it,stative-h,FullStative
1646,he/she knows it,stative,FullStative
1649,it is making a sound,stative,StativeNoImp
1649,it is making a sound,sg-s-a,ImpInfEventful
1649,it is making a sound,sg-s-la,ImpInfEventful
1649,it is making a sound,sg-s-hst,ImpInfEventful
1649,it is making a sound,sg-h,ImpInfEventful
1649,it is making a sound,sg-h[imp2],ImpInfEventful
1649,it is making a sound,i-a-i,ImpInfEventful
1664,he/she is receiving punishment,i-a-i,FullEventful
1664,he/she is receiving punishment,stative,StativeNoImp
1664,he/she is receiving punishment,sg-s-hst,ImpInfEventful
1664,he/she is receiving punishment,sg-h,ImpInfEventful
1664,he/she is receiving punishment,sg-h[imp2],ImpInfEventful
1664,he/she is receiving punishment,i-a-i,ImpInfEventful
1671,he/she is coughing,sg-h[imp2],FullEventful
1671,he/she is coughing,stative,StativeNoImp
1671,he/she is coughing,sg-s-hi-hihst,ImpInfEventful
1671,he/she is coughing,sg-s-hst[imp2],ImpInfEventful
1671,he/she is coughing,sg-s-hst,ImpInfEventful
1671,he/she is coughing,sg-h[imp2],ImpInfEventful
1671,he/she is coughing,rev-i,ImpInfEventful
1677,he/she is wearing pants,stative,FullStative
1681,he/she is going to bed,hih-lh[imp2],FullEventful
1681,he/she is going to bed,stative-h,StativeNoImp
1681,he/she is going to bed,stative,StativeNoImp
1681,he/she is going to bed,sg-s-hst,ImpInfEventful
1681,he/she is going to bed,sg-h,ImpInfEventful
1681,he/she is going to bed,sg-h[imp2],ImpInfEventful
1681,he/she is going to bed,hih-lh[imp2],ImpInfEventful
1683,he/she is thirsty,i-vka,FullEventful
1683,he/she is thirsty,stative,StativeNoImp
1683,he/she is thirsty,i-vka,ImpInfEventful
1684,he/she is becoming enraged,sg-s-hi-hihst,FullEventful
1684,he/she is becoming enraged,sg-s-hst[imp2],FullEventful
1684,he/she is becoming enraged,sg-s-hst,FullEventful
1684,he/she is becoming enraged,stative,StativeNoImp
1684,he/she is becoming enraged,sg-s-hi-hihst,ImpInfEventful
1684,he/she is becoming enraged,sg-s-hst[imp2],ImpInfEventful
1684,he/she is becoming enraged,sg-s-hst,ImpInfEventful
1684,he/she is becoming enraged,sg-h[imp2],ImpInfEventful
1684,he/she is becoming enraged,rev-i,ImpInfEventful
1693,he/she is listening to him/her,stative,FullStative
1693,he/she is listening to him/her,hvsg-hn,InfEventful
1693,he/she is listening to him/her,hvsg-hn[inf2],InfEventful
1693,he/she is listening to him/her,hvsg-hn[inf4],InfEventful
1693,he/she is listening to him/her,vhvsg,InfEventful
1693,he/she is listening to him/her,eh-a,InfEventful
1693,he/she is listening to him/her,ih-ohd,InfEventful
1693,he/she is listening to him/her,ih-vh,InfEventful
1693,he/she is listening to him/her,vnh-ih-a,InfEventful
1698,he/she is forgetting it,sg-s-a,FullEventful
1698,he/she is forgetting it,stative,StativeNoImp
1698,he/she is forgetting it,sg-s-a,ImpInfEventful
1698,he/she is forgetting it,sg-s-hst,ImpInfEventful
1698,he/she is forgetting it,sg-h,ImpInfEventful
1698,he/she is forgetting it,sg-h[imp2],ImpInfEventful
1698,he/she is forgetting it,i-a-i,ImpInfEventful
1699,he/she is belching,g-ts,FullEventful
1699,he/she is belching,g-ts[inf2],FullEventful
1699,he/she is belching,stative,StativeNoImp
1699,he/she is belching,g-ts,ImpInfEventful
1699,he/she is belching,g-ts[inf2],ImpInfEventful
1699,he/she is belching,sg-s-hst,ImpInfEventful
1699,he/she is belching,sg-h[imp2],ImpInfEventful
1699,he/she is belching,rev-i,ImpInfEventful
1700,he/she is shivering,i-a-i,FullEventful
1700,he/she is shivering,stative,StativeNoImp
1700,he/she is shivering,sg-s-hst,ImpInfEventful
1700,he/she is shivering,sg-h,ImpInfEventful
1700,he/she is shivering,sg-h[imp2],ImpInfEventful
1700,he/she is shivering,i-a-i,ImpInfEventful
1704,he/she is in a hurry,stative-k,StativeNoImp
1704,he/she is in a hurry,stative,StativeNoImp
1704,he/she is in a hurry,g-ts,ImpInfEventful
1704,he/she is in a hurry,sg-s-hst,ImpInfEventful
1704,he/she is in a hurry,sg-h[imp2],ImpInfEventful
1708,he/she smells it,g-ts,FullEventful
1708,he/she smells it,stative,StativeNoImp
1708,he/she smells it,g-ts,ImpInfEventful
1708,he/she smells it,sg-s-hst,ImpInfEventful
1708,he/she smells it,sg-h[imp2],ImpInfEventful
1709,he/she has an object (refers to a long object),stative,FullStative
1710,he/she is aching,eh-el,FullEventful
1710,he/she is aching,eh-el[imp2],FullEventful
1710,he/she is aching,stative,StativeNoImp
1710,he/she is aching,eh-el,ImpInfEventful
1710,he/she is aching,eh-el[imp2],ImpInfEventful
1711,he/she is yelling,stative,StativeNoImp
1711,he/she is yelling,sg-s-hst,ImpInfEventful
1711,he/she is yelling,sg-h,ImpInfEventful
1711,he/she is yelling,sg-h[imp2],ImpInfEventful
1711,he/she is yelling,hvsg-hn[inf3],ImpInfEventful
1711,he/she is yelling,hih-lh,ImpInfEventful
1711,he/she is yelling,oh-al,ImpInfEventful
1719,he/she has it,stative-h,FullStative
1719,he/she has it,stative,FullStative
1721,he/she is worried,stative,FullStative
1721,he/she is worried,g-ts,InfEventful
1721,he/she is worried,hg-hts,InfEventful
1721,he/she is worried,sg-s-hi-hihst,InfEventful
1721,he/she is worried,sg-s-hst,InfEventful
1721,he/she is worried,sg-h,InfEventful
1721,he/she is worried,ih-il,InfEventful
1721,he/she is worried,hih-lh,InfEventful
1721,he/she is worried,i-a-i,InfEventful
1721,he/she is worried,ih-ihi,InfEventful
1721,he/she is worried,oh-al,InfEventful
1721,he/she is worried,rev-i,InfEventful
1729,he/she is confident,stative-s,FullStative
1729,he/she is confident,stative,FullStative
1730,he/she is sitting,stative-h,FullStative
1730,he/she is sitting,stative,FullStative
1739,he/she is laughing,stative,StativeNoImp
1740,he/she is itching,stative,StativeNoImp
1740,he/she is itching,sg-s-hst,ImpInfEventful
1740,he/she is itching,sg-h,ImpInfEventful
1740,he/she is itching,sg-h[imp2],ImpInfEventful
1740,he/she is itching,e-aka,ImpInfEventful
1740,he/she is itching,hih-lh,ImpInfEventful
1740,he/she is itching,oh-al,ImpInfEventful
1740,he/she is itching,oh-al[imp2],ImpInfEventful
1741,he/she is losing it,eh-el,FullEventful
1741,he/she is losing it,eh-el[imp2],FullEventful
1741,he/she is losing it,stative,StativeNoImp
1741,he/she is losing it,eh-el,ImpInfEventful
1741,he/she is losing it,eh-el[imp2],ImpInfEventful
1745,he/she is hungry,stative,StativeNoImp
1745,he/she is hungry,eh-a,ImpInfEventful
1745,he/she is hungry,ih-ohd,ImpInfEventful
1745,he/she is hungry,ih-vh,ImpInfEventful
1745,he/she is hungry,vnh-ih-a,ImpInfEventful
1754,he/she is sending on object (refers to a long object),i-a-i,FullEventful
1761,he/she is sending it,hvsg-hn,FullEventful
1761,he/she is sending it,hvsg-hn[inf2],FullEventful
1765,he/she is heading in the direction of,stative-h,FullStative
1765,he/she is heading in the direction of,stative,FullStative
1774,he/she is sending it,hvsg-n,FullEventful
1775,he/she is sending it (refers to something liquid),hvsg-hn,FullEventful
1775,he/she is sending it (refers to something liquid),hvsg-hn[inf2],FullEventful
1776,he/she is sending it (refers to a flexible object),vsk,FullEventful
1776,he/she is sending it (refers to a flexible object),vsk[imp2],FullEventful
1776,he/she is sending it (refers to a flexible object),vsk-long,FullEventful
1776,he/she is sending it (refers to a flexible object),vsk-long[imp2],FullEventful
1776,he/she is sending it (refers to a flexible object),vsk-post-v,FullEventful
1778,he/she is going out of sight,g-ts,FullEventful
