corpus_id,definition,verb_root,base_root_h,base_root_g,proposed_root_id,user_approved
4,it’s bouncing,|,,,|,
5,he/she is limping,|,,,|,
6,he/she is bouncing it,invt|invt,invt,invt,invt|invt,
7,he/she is putting on a belt,lo|lo,lo,lo,lo|lo,
10,he/she is praying,olihst|olihst,olihst,olihst,olihst|olihst,
16,he/she is fanning himself/herself,nhoy|noy,nhoy,noy,nhoy|noy,
18,he/she is visiting,whahthvh|wahthvh,whahth,wahth,whahth|wahth,
19,he/she is stretching,yhahst|yahst,yhahst,yahst,yhahst|yahst,
21,he/she is denying him/her,y|y,y,y,y|y,
22,he/she is committing adultery,yhon|yon,yhon,yon,yhon|yon,
25,it’s ripping,sakal|sakal,sakal,sakal,sakal|sakal,
27,he/she is looking at himself/herself in a mirror,kh|kh,kh,kh,kh|kh,
29,it’s beginning,len|,len,,len|,
30,he/she is shopping,nanehs|nanehs,nanehs,nanehs,nanehs|nanehs,
32,he/she is taking off running,nawhst|nawhst,nawhst,nawhst,nawhst|nawhst,
33,he/she is changing,netl|netl,netl,netl,netl|netl,
34,he/she is taking turns with him/her,netliyvhst|netliyvhst,netliyvhst,netliyvhst,netliyvhst|netliyvhst,
39,he/she is thinking,nht|nvt,nht,nvt,nht|nvt,
41,he/she is pondering,nhthehil|nvthehil,nhthehil,nvthehil,nhthehil|nvthehil,
43,he/she is crawling,nhsin|nahsin,nhsin,nahsin,nhsin|nahsin,
44,it’s twisting,nuthey|nuthey,nuthey,nuthey,nuthey|nuthey,
46,he/she is ordering it,nv|nv,nv,nv,nv|nv,
48,he/she is cooking a meal,hstay|hstay,hstay,hstay,hstay|hstay,
51,it’s burning,welak|welak,welak,welak,welak|welak,
54,he/she is resting,wehsolvhst|wehsolvhst,wehsolvhst,wehsolvhst,wehsolvhst|wehsolvhst,
56,he/she is bathing,w|w,w,w,w|w,
59,he/she is giving him/her it,t|t,t,t,t|t,
61,he/she is embarrassing him/her,ehohihst|e'ohihst,ehohihst,e'ohihst,ehohihst|e'ohihst,
62,he/she is embarrassed,eho|e'o,eho,e'o,eho|e'o,
63,he/she is being born,e|e,e,e,e|e,
67,he/she is finding it out,eloho|elo'o,eloho,elo'o,eloho|elo'o,
70,he/she is going around a curve,ey|ey,ey,ey,ey|ey,
72,he/she is laying it down,t|t,t,t,t|t,
73,he/she is rising,it|it,it,it,it|it,
74,he/she is scattering it,ikaley|ikaley,ikaley,ikaley,ikaley|ikaley,
75,it’s scattering,ikaleyo|,ikaleyo,,ikaleyo|,
76,he/she is spinning,ikwalvtey|ikwalvtey,ikwalvtey,ikwalvtey,ikwalvtey|ikwalvtey,
77,he/she is saying it,|,,,|,
78,he/she is running over him/her,invt|invt,invt,invt,invt|invt,
79,he/she is hiding,ihskal|ihskal,ihskal,ihskal,ihskal|ihskal,
80,he/she is leaving it behind,tihs|tihs,tihs,tihs,tihs|tihs,
82,he/she is drinking it,itha|itha,itha,itha,itha|itha,
85,he/she is scratching,lako|lako,lako,lako,lako|lako,
87,he/she is turning off the road,l|l,l,l,l|l,
88,he/she is taking revenge against him/her,letsh|letsh,letsh,letsh,letsh|letsh,
94,it’s pouring into a container,li|,li,,li|,
95,he/she is drawing a liquid out of a container,tl|tl,tl,tl,tl|tl,
96,he/she is pouring a liquid into a container,tlihst|tlihst,tlihst,tlihst,tlihst|tlihst,
98,he/she is crying,loy|loy,loy,loy,loy|loy,
101,he/she is catching up with him/her,lvtha|lvtha,lvtha,lvtha,lvtha|lvtha,
107,he/she is acting silly,vnel|vnel,vnel,vnel,vnel|vnel,
109,he/she is preparing it,vnv'ihst|vnv'ihst,vnv'ihst,vnv'ihst,vnv'ihst|vnv'ihst,
112,it is shining,kal|,kal,,kal|,
115,he/she is licking it,kanat|kanat,kanat,kanat,kanat|kanat,
117,he/she is warming it,kanawht|kanawot,kanawht,kanawot,kanawht|kanawot,
118,it’s getting warm,kanawo|,kanawo,,kanawo|,
127,he/she is eating it,k|k,k,k,k|k,
128,he/she is picking it up,|,,,|,
130,he/she is in agony,kilhiyo|kiliyo,kilhiyo,kiliyo,kilhiyo|kiliyo,
133,he/she is chewing it,kihst|kihst,kihst,kihst,kihst|kihst,
135,he/she is burning him/her,akohvhst|akohvhst,ak,ak,ak|ak,
136,it’s burning,ak|ak,ak,ak,ak|ak,
138,he/she is reading,koliy|koliy,koliy,koliy,koliy|koliy,
140,he/she is target practicing,akon|akon,akon,akon,akon|akon,
145,he/she is showing it to him/her,kowhthvht|kowhthvht,kowhthvht,kowhthvht,kowhthvht|kowhthvht,
149,he/she is chopping it up,kvhaluy|kv'aluy,kvhaluy,kv'aluy,kvhaluy|kv'aluy,
152,he/she is scolding him/her,kvhskol|kvhskol,kvhskol,kvhskol,kvhskol|kvhskol,
153,he/she is washing his face,akvhskw|akvhskw,akvhskw,akvhskw,akvhskw|akvhskw,
155,he/she is diverting him/her,halu|'alu,halu,'alu,halu|'alu,
158,he/she is smothering him/her,hawohst|'awohst,hawohst,'awohst,hawohst|'awohst,
160,he/she is handling it,h|',h,',h|',
165,he/she is leaving it behind,h|',h,',h|',
166,he/she is placing it on something,lha|lha,lha,lha,lha|lha,
167,he/she is taking off flying,alhawit|atlawit,alhawit,atlawit,alhawit|atlawit,
169,he/she is making him/her fly,alhawitht|atlawitht,alhawit,atlawit,alhawit|atlawit,
171,he/she is having a nightmare,alhi|atli,alhi,atli,alhi|atli,
172,it’s taking time,hi'il|,hi'il,,hi'il|,
173,he/she is measuring it,alhil|atlil,alhil,atlil,alhil|atlil,
175,it’s bending,hiyvhkwit|,hiyvhkwit,,hiyvhkwit|,
176,he/she is snorting,hiyvhsanawhst|yvhsanawhst,hiyvhsanawhst,yvhsanawhst,hiyvhsanawhst|yvhsanawhst,
177,he/she is preaching,htsato|tsato,htsato,tsato,htsato|tsato,
179,it’s shattering,hkhot|,hkhot,,hkhot|,
180,he/she is shattering it,hkhotht|khotht,hkhotht,khotht,hkhotht|khotht,
182,he/she is beating him/her at a game,lho|lho,lho,lho,lho|lho,
183,he/she is combing his/her hair,hthaw|thaw,hthaw,thaw,hthaw|thaw,
185,he/she is moving,hthel|thel,hthel,thel,hthel|thel,
186,he/she is changing his/her shirt,anhaw|aniw,anhaw,aniw,anhaw|aniw,
187,he/she is taking his/her shirt off,anhaw|aniw,anhaw,aniw,anhaw|aniw,
189,he/she is putting on a shirt,anhaw|aniw,anhaw,aniw,anhaw|aniw,
191,he/she is wrestling,anhe|anhe,anhe,anhe,anhe|anhe,
192,he/she is interpreting it,anhelht|anelht,anhelht,anelht,anhelht|anelht,
195,he/she is building a house,anhehsk|anehsk,anhehsk,anehsk,anhehsk|anehsk,
196,he/she is leaving,anhi|ani,anhi,ani,anhi|ani,
197,he/she is starting it,anhikihst|anikihst,anhi,ani,anhi|ani,
198,he/she is carrying it on his/her shoulder,anholhin|anolhin,anholhin,anolhin,anholhin|anolhin,
200,he/she is putting it in liquid,hut|'ut,hut,'ut,hut|'ut,
204,he/she is hitting him/her on the mouth,hul|'ul,hul,'ul,hul|'ul,
205,he/she is moving it from one place to another,h|',h,',h|',
206,he/she is setting it down,|,,,|,
207,he/she is finding him/her,whahth|wahth,whahth,wahth,whahth|wahth,
208,he/she is visiting him/her,whahthvh|wahthvh,whahth,wahth,whahth|wahth,
210,he/she is planting it,whi|wi,whi,wi,whi|wi,
215,he/she is calling him/her,yhan|yan,yhan,yan,yhan|yan,
216,he/she is taking it somewhere by hand,yh|y,yh,y,yh|y,
218,he/she is quilting it,yhehkal|yehkal,yhehkal,yehkal,yhehkal|yehkal,
219,he/she is making an incision,yhel|yel,yhel,yel,yhel|yel,
220,he/she is imitating him/her,yhel|yel,yhel,yel,yhel|yel,
222,he/she is looking for him/her,y|y,y,y,y|y,
223,he/she is swimming,ayhu'in|ayu'in,ayhu'in,ayu'in,ayhu'in|ayu'in,
224,it’s thundering,yhvtakwal|,yhvtakwal,,yhvtakwal|,
228,he/she is bending it,yhvhkwit|yvhkwit,yhvhkwit,yvhkwit,yhvhkwit|yvhkwit,
232,he/she is capturing him/her,yhvkhit|yvkhit,yhvkhit,yvkhit,yhvkhit|yvkhit,
233,he/she is hitting him/her on the nose,yhvhstelu|yvhstelu,yhvhstelu,yvhstelu,yhvhstelu|yvhstelu,
234,he/she is choking him/her,yhvhskiy|yvhskiy,yhvhskiy,yvhskiy,yhvhskiy|yvhskiy,
238,it’s hatching,sa|sa,sa,sa,sa|sa,
239,he/she is dressing up,san|san,san,san,san|san,
242,he/she is acting like him/her,sel|sel,sel,sel,sel|sel,
250,it’s blooming,sil|,sil,,sil|,
253,he/she is lighting a fire,tsihsl|tsihsl,tsihsl,tsihsl,tsihsl|tsihsl,
254,he/she is blowing,sotha|sotha,sotha,sotha,sotha|sotha,
255,he/she is turning on a light,tsvhst|tsvhst,tsvhst,tsvhst,tsvhst|tsvhst,
259,he/she is chasing him/her,kheh|kheh,kheh,kheh,kheh|kheh,
261,he/she is riding it,akhilvt|akhilvt,akhilvt,akhilvt,akhilvt|akhilvt,
263,he/she is swallowing it,khi|'ki,khi,'ki,khi|'ki,
266,he/she is shovelling it,khot|khot,khot,khot,khot|khot,
270,he/she is going down-hill,khso|kahso,khso,kahso,khso|kahso,
273,he/she knows how,khtha|katha,khtha,katha,khtha|katha,
276,he/she is turning back,akhthah|akathah,akhthah,akathah,akhthah|akathah,
277,he/she is winking,akhthahst|akathahst,akhthahst,akathahst,akhthahst|akathahst,
278,he/she is hitting him/her on the eye,khthelu|kathelu,khthelu,kathelu,khthelu|kathelu,
280,he/she is looking around,khthen|kathen,khthen,kathen,khthen|kathen,
281,he/she is peeking through,akhth|akath,akhth,akath,akhth|akath,
288,he/she is looking at him/her,akhthohst|akathohst,akhthohst,akathohst,akhthohst|akathohst,
290,he/she is going through it,khthvle|kathvle,khthvle,kathvle,khthvle|kathvle,
291,he/she is dipping liquid,khu|'ku,khu,'ku,khu|'ku,
293,he/she is paying it,akwhiy|akwiy,akwhiy,akwiy,akwhiy|akwiy,
294,he/she is paying him/her,akwhiyv'|akwiyv',akwhiyv',akwiyv',akwhiyv'|akwiyv',
296,he/she is tromping on him/her,alahsta'|alahsta',alahsta',alahsta',alahsta'|alahsta',
297,he/she is stepping on him/her,alahst|alahst,alahst,alahst,alahst|alahst,
298,he/she is playing ball,alahskal|alahskal,alahskal,alahskal,alahskal|alahskal,
300,he/she is taking a step,alahsk|alahsk,alahsk,alahsk,alahsk|alahsk,
305,he/she is placing it in an upright position,aleht|alet,ale,ale,ale|ale,
306,he/she is standing in a certain spot,ale|ale,ale,ale,ale|ale,
307,he/she is stopping,alewhihst|alewihst,alewhihst,alewihst,alewhihst|alewihst,
308,he/she is stopping him/her,alewhihstoht|alewihstoht,alewhihst,alewihst,alewhihst|alewihst,
309,he/she is starting,alen|alen,alen,alen,alen|alen,
314,he/she is thanking him/her,helitsh|'elitsh,helitsh,'elitsh,helitsh|'elitsh,
315,he/she is happy,heli|'eli,heli,'eli,heli|'eli,
317,he/she is exchanging it,'it|'it,'it,'it,'it|'it,
318,he/she is running away,th|th,th,th,th|th,
320,he/she is taking his/her ring off,yehsuhsth|yehsuhsth,yehsuhsth,yehsuhsth,yehsuhsth|yehsuhsth,
322,he/she is putting a ring on his/her finger,yehsuhst|yehsuhst,yehsuhst,yehsuhst,yehsuhst|yehsuhst,
324,he/she is spitting,altsikw|altsikw,altsikw,altsikw,altsikw|altsikw,
325,he/she is ascending,hsalat|hsalat,hsalat,hsalat,hsalat|hsalat,
327,he/she is eating a meal,hstay|hstay,hstay,hstay,hstay|hstay,
329,he/she is helping,hstel|hstel,hstel,hstel,hstel|hstel,
330,he/she is taking off his/her cap,hstul|hstul,hstul,hstul,hstul|hstul,
331,he/she is washing his/her hair,hstul|hstul,hstul,hstul,hstul|hstul,
332,he/she is putting on a cap,hstul|hstul,hstul,hstul,hstul|hstul,
334,he/she is taking a seat,hstvl|hstvl,hstvl,hstvl,hstvl|hstvl,
336,he/she is dancing,hs|hs,hs,hs,hs|hs,
337,he/she is permitting him/her,hskolhtan|hskolhtan,hskolhtan,hskolhtan,hskolhtan|hskolhtan,
338,he/she is nodding his/her head,hsku|hsku,hsku,hsku,hsku|hsku,
339,it’s ending,hskwat|hskwat,hskwat,hskwat,hskwat|hskwat,
340,he/she is sticking his/her head out,hskwalut|hskwalut,hskwalut,hskwalut,hskwalut|hskwalut,
341,he/she is taking his/her hat off,hskwethuh|hskwethuh,hskwethuh,hskwethuh,hskwethuh|hskwethuh,
344,he/she is setting a goal,hsohst|hsohst,hsohst,hsohst,hsohst|hsohst,
345,he/she is smelling it,hsvhst|hsvhst,hsvhst,hsvhst,hsvhst|hsvhst,
356,it’s lightning,nakal|,nakal,,nakal|,
361,he/she is attempting it,anelht|anelht,anelht,anelht,anelht|anelht,
362,he is getting married,anelat|anelat,anelat,anelat,anelat|anelat,
363,he/she is remembering him/her,anhtat|anvtat,anhtat,anvtat,anhtat|anvtat,
373,he/she is setting a trap,hsat|hsat,hsat,hsat,hsat|hsat,
374,he/she is lifting him/her,hsalat|hsalat,hsalat,hsalat,hsalat|hsalat,
377,he/she is making it crisp,hstakayht|hstakayht,hstakayht,hstakayht,hstakayht|hstakayht,
378,it’s becoming crisp,hstakayv|,hstakayv,,hstakayv|,
380,he/she is drawing a line,hstanvn|hstanvn,hstanvn,hstanvn,hstanvn|hstanvn,
381,he/she is following him/her,hstawat|hstawat,hstawat,hstawat,hstawat|hstawat,
382,he/she is helping him/her,hstel|hstel,hstel,hstel,hstel|hstel,
383,he/she is braiding it,hstey|hstey,hstey,hstey,hstey|hstey,
384,he/she is eating it,hstik|hstik,hstik,hstik,hstik|hstik,
386,he/she is crushing it,hst|hst,hst,hst,hst|hst,
388,he/she is trimming it,hstoy|hstoy,hstoy,hstoy,hstoy|hstoy,
390,he/she is opening it,hstu|hstu,hstu,hstu,hstu|hstu,
392,he/she is sandwiching it,hstvhal|hstvhal,hstvhal,hstvhal,hstvhal|hstvhal,
397,he/she is including him/her,ahsehst|ahsehst,ahse,ahse,ahse|ahse,
398,he/she is withdrawing,ahsehs|ahsehs,ahsehs,ahsehs,ahsehs|ahsehs,
400,he/she is reprimanding him/her,hska|hska,hska,hska,hska|hska,
405,he/she is committing a crime,hskanv|hskanv,hskanv,hskanv,hskanv|hskanv,
411,he/she is gnawing it,hskok|hskok,hskok,hskok,hskok|hskok,
412,he/she is mourning for him/her,hskon|hskon,hskon,hskon,hskon|hskon,
413,he/she is rubbing him/her,ahskoliy|ahskoliy,ahskoliy,ahskoliy,ahskoliy|ahskoliy,
416,it’s fading,hskolv|,hskolv,,hskolv|,
417,he/she is digging it,ahsko|ahsko,ahsko,ahsko,ahsko|ahsko,
419,he/she is finishing it,hskwat|hskwat,hskwat,hskwat,hskwat|hskwat,
421,he/she is catching him/her,hskwalh|hskwalh,hskwalh,hskwalh,hskwalh|hskwalh,
423,it’s getting shorter,hskwalo|hskwalo,hskwalo,hskwalo,hskwalo|hskwalo,
424,he/she is breaking it,hskwal|hskwal,hskwal,hskwal,hskwal|hskwal,
425,he/she is hitting him/her on the head with it,hskwal|hskwal,hskwal,hskwal,hskwal|hskwal,
427,he/she is amazed,hskwaniko|hskwaniko,hskwaniko,hskwaniko,hskwaniko|hskwaniko,
429,he/she is hitting him/her on the abdomen with it,hskwohal|hskwohal,hskwohal,hskwohal,hskwohal|hskwohal,
430,he/she is placing his/her hand on him/her,ahsihthat|ahsihthat,ahsihthat,ahsihthat,ahsihthat|ahsihthat,
431,he/she is slapping him/her,ahsihth|ahsihth,ahsihth,ahsihth,ahsihth|ahsihth,
432,he/she is backing up,ahsin|ahsin,ahsin,ahsin,ahsin|ahsin,
436,he/she is roping him/her,hslhat|hslhat,hslhat,hslhat,hslhat|hslhat,
437,he/she is building a fence,ahsoy|ahsoy,ahsoy,ahsoy,ahsoy|ahsoy,
439,he/she is waving his/her hand,ahsolvta|ahsolvta,ahsolvta,ahsolvta,ahsolvta|ahsolvta,
440,he/she is pressing down on him/her,ahsonhst|ahsonhst,ahsonhst,ahsonhst,ahsonhst|ahsonhst,
441,he/she is wounding him/her,hson|hson,hson,hson,hson|hson,
444,he/she is fishing,ahsu|ahsu,ahsu,ahsu,ahsu|ahsu,
445,he/she is painting it,hsuwh|hsuwh,hsuwh,hsuwh,hsuwh|hsuwh,
446,he/she is changing his/her pants,ahsul|ahsul,ahsul,ahsul,ahsul|ahsul,
447,he/she is taking his/her pants off,ahsul|ahsul,ahsul,ahsul,ahsul|ahsul,
448,he/she is putting his/her pants on,ahsul|ahsul,ahsul,ahsul,ahsul|ahsul,
449,he/she is quitting,hsuli|hsuli,hsuli,hsuli,hsuli|hsuli,
452,he/she is choosing him/her,ahsuy|ahsuy,ahsuy,ahsuy,ahsuy|ahsuy,
453,he/she is stirring it,ahsuy|ahsuy,ahsuy,ahsuy,ahsuy|ahsuy,
454,he/she is mixing it in,ahsuy|ahsuy,ahsuy,ahsuy,ahsuy|ahsuy,
455,it smells,hsv|hsv,hsv,hsv,hsv|hsv,
458,he/she is touching him/her,ahs|ahs,ahs,ahs,ahs|ahs,
459,he/she is drinking it up,hsv|hsv,hsv,hsv,hsv|hsv,
463,he/she is holding his/her breath,athawhohst|a'tawhohst,athawhohst,a'tawhohst,athawhohst|a'tawhohst,
464,he/she is mooring a boat,thalat|thalat,thalat,thalat,thalat|thalat,
467,it’s steaming,hanol|,hanol,,hanol|,
469,it’s exploding,hahs|,hahs,,hahs|,
472,he/she is kissing him/her,thaweto|taweto,thaweto,taweto,thaweto|taweto,
474,he/she is asking for it,thayo|thayo,thayo,thayo,thayo|thayo,
477,he/she is shaking him/her,thel|thel,thel,thel,thel|thel,
479,he/she is leading him/her,hinh|hinh,hinh,hinh,hinh|hinh,
480,he/she is arguing,athiyo|a'tiyo,athiyo,a'tiyo,athiyo|a'tiyo,
483,he/she is racing,hohk|hohk,hohk,hohk,hohk|hohk,
486,he/she is loaning it to him/her,holhst|holhst,holhst,holhst,holhst|holhst,
487,he/she is borrowing him/her,hol|hol,hol,hol,hol|hol,
488,it’s flashing,hoyaw|,hoyaw,,hoyaw|,
489,he/she is taking a bite,st|sihst,st,sihst,st|sihst,
490,he/she is lying,sko|sihsko,sko,sihsko,sko|sihsko,
491,he/she is taking a drink,athu|a'tu,athu,a'tu,athu|a'tu,
493,he/she is promising,thu'ihst|thu'ihst,thu'ihst,thu'ihst,thu'ihst|thu'ihst,
494,he/she is listening to him/her,hvtahst|hvtahst,hvtahst,hvtahst,hvtahst|hvtahst,
495,he/she is asking him/her a question,hvt|hvt,hvt,hvt,hvt|hvt,
496,he/she hears him/her,hvk|hvk,hvk,hvk,hvk|hvk,
497,he/she is raising him/her,athvhihst|a'tvhihst,athv,a'tv,athv|a'tv,
498,he/she is growing,athv|a'tv,athv,a'tv,athv|a'tv,
502,he/she is inside,y|y,y,y,y|y,
507,he/she is waking up,ye|ye,ye,ye,ye|ye,
509,he/she is waking him/her up,ye'ihst|ye'ihst,ye,ye,ye|ye,
511,he/she is putting him/her inside,yht|yvt,y,y,y|y,
513,he/she is getting it,y|y,y,y,y|y,
515,it’s breaking,yo|yo,yo,yo,yo|yo,
516,he/she is shooting him/her,yo|yo,yo,yo,yo|yo,
519,he/she is whittling it,yol|yol,yol,yol,yol|yol,
523,he/she is greeting him/her,yol|yol,yol,yol,yol|yol,
524,he/she is breaking it,yohst|yohst,yo,yo,yo|yo,
526,he/she is destroying it,yohsthan|yohsthan,yo,yo,yo|yo,
529,he/she is entering it,yv|yv,yv,yv,yv|yv,
530,he/she is finding it,yvwhahth|yvwahth,yvwhahth,yvwahth,yvwhahth|yvwahth,
531,he/she is taking it somewhere,yvwhit|yvwit,yvwhit,yvwit,yvwhit|yvwit,
539,he/she is making an X,nhawhst|nawhst,nhawhst,nawhst,nhawhst|nawhst,
541,he/she is conjuring,nhehs|nehs,nhehs,nehs,nhehs|nehs,
542,he/she is accepting him/her,nilv|nilv,nilv,nilv,nilv|nilv,
543,he/she is dodging,nvtihst|nvtihst,nvt,nvt,nvt|nvt,
544,he/she is performing baptism,w|w,w,w,w|w,
545,he/she is giving up,yo|yo,yo,yo,yo|yo,
547,he/she is weeping,loy|loy,loy,loy,loy|loy,
550,he/she is setting a price,kvwalht|kvwalot,kvwalht,kvwalot,kvwalht|kvwalot,
552,he/she is rocking,hihk|hk,hihk,hk,hihk|hk,
553,he/she is drawing a picture of him/her,alhilohst|atlilohst,alhil,atlil,alhil|atlil,
554,he/she is conversing,hino|no,hino,no,hino|no,
555,he/she is jumping,hthat|that,hthat,that,hthat|that,
557,he/she is changing clothes,anhaw|aniw,anhaw,aniw,anhaw|aniw,
558,he/she is undressing,anhaw|aniw,anhaw,aniw,anhaw|aniw,
559,he/she is putting on clothes,anhaw|aniw,anhaw,aniw,anhaw|aniw,
561,he/she is putting fuel into a fire,hvt|'vt,hvt,'vt,hvt|'vt,
562,he/she is tickling him/her,yhvk|yvk,yhvk,yvk,yhvk|yvk,
565,he/she is tying it,khane|kane,khane,kane,khane|kane,
566,he/she is untying it,khaneyh|kaneyh,khaneyh,kaneyh,khaneyh|kaneyh,
567,he/she is looking after him/her,khanowat|kanowat,khanowat,kanowat,khanowat|kanowat,
568,he/she is becoming blind,khewa|'kewa,khewa,'kewa,khewa|'kewa,
571,he/she is making smoke,khsvhst|kahsvhst,khsvhst,kahsvhst,khsvhst|kahsvhst,
573,he/she is closing his eyes,akhthahst|akathahst,akhthahst,akathahst,akhthahst|akathahst,
574,he/she is attacking him/her,khthil|kathil,khthil,kathil,khthil|kathil,
575,he/she is taking off his/her glasses,akhthinvt|akathinvt,akhthinvt,akathinvt,akhthinvt|akathinvt,
576,he/she is putting on glasses,akhthinvt|akathinvt,akhthinvt,akathinvt,akhthinvt|akathinvt,
577,he/she is shelling corn,khtlh|katlh,khtlh,katlh,khtlh|katlh,
578,he/she is snoring,kwhala|kwhala,kwhala,kwhala,kwhala|kwhala,
582,he/she is putting on shoes,alahsul|alahsul,alahsul,alahsul,alahsul|alahsul,
583,he/she is changing shoes,alahsul|alahsul,alahsul,alahsul,alahsul|alahsul,
584,he/she is taking off his/her shoes,alahsul|alahsul,alahsul,alahsul,alahsul|alahsul,
585,he/she is helping him/her up,aleht|alet,ale,ale,ale|ale,
586,he/she is recuperating,alehihs|ale'ihs,alehihs,ale'ihs,alehihs|ale'ihs,
587,he/she is getting up,ale|ale,ale,ale,ale|ale,
589,he/she is taking off his/her gloves,yehsul|yehsul,yehsul,yehsul,yehsul|yehsul,
590,he/she is putting on his/her gloves,yehsul|yehsul,yehsul,yehsul,yehsul|yehsul,
591,he/she is taking off his/her socks,yo|yo,yo,yo,yo|yo,
592,he/she is putting on his/her socks,yo|yo,yo,yo,yo|yo,
593,he/she is changing his/her socks,yohs|yohs,yohs,yohs,yohs|yohs,
594,he/she is aiming at him/her,hsohst|hsohst,hsohst,hsohst,hsohst|hsohst,
599,he/she is playing with him/her,anelht|anelht,anelht,anelht,anelht|anelht,
600,he/she is playing,anelo|anelo,anelo,anelo,anelo|anelo,
604,he/she is shooting at him/her,hstayo|hstayo,hstayo,hstayo,hstayo|hstayo,
605,he/she is splitting it,hstlu|hstlu,hstlu,hstlu,hstlu|hstlu,
606,he/she is sprinkling it,hstutl|hstutl,hstutl,hstutl,hstutl|hstutl,
607,he/she is counting it,ahse|ahse,ahse,ahse,ahse|ahse,
608,he/she is cursing him/her,hskinat|hskinat,hskinat,hskinat,hskinat|hskinat,
609,he/she is clapping his/her hands,ahsihth|ahsihth,ahsihth,ahsihth,ahsihth|ahsihth,
610,he/she is getting exhausted,ahsthaye|ahsthaye,ahsthaye,ahsthaye,ahsthaye|ahsthaye,
611,it’s barking,ahsuwh|ahsuwh,ahsuwh,ahsuwh,ahsuwh|ahsuwh,
612,he/she is scheduling a time,hsvhst|hsvhst,hsvhst,hsvhst,hsvhst|hsvhst,
618,he/she is releasing him/her,yo|yo,yo,yo,yo|yo,
620,he/she is slamming him/her,lvtvnihst|lvtvnihst,lvtvnihst,lvtvnihst,lvtvnihst|lvtvnihst,
621,he/she is crossing,natiw|natiw,natiw,natiw,natiw|natiw,
622,he/she is advertising it,notsal|notsal,notsal,notsal,notsal|notsal,
623,he/she is crossing it,hsoh|hsoh,hsoh,hsoh,hsoh|hsoh,
625,he/she is explaining it,ohsihs|ohsihs,ohsihs,ohsihs,ohsihs|ohsihs,
626,he/she is deciding,ukht|ukot,ukht,ukot,ukht|ukot,
627,he/she is washing,vtiy|vtiy,vtiy,vtiy,vtiy|vtiy,
628,he/she is shelling,vthoh|vthoh,vthoh,vthoh,vthoh|vthoh,
630,he/she is turning him/her over,lhihkwat|lihkwat,lhihkwat,lihkwat,lhihkwat|lihkwat,
631,he/she is singing,nho|no,nho,no,nho|no,
632,he/she is clawing him/her,nhuko|nuko,nhuko,nuko,nhuko|nuko,
633,to come out of the nose,yhvhsko'|,yhvhsko',,yhvhsko'|,
722,he/she is confronted with it,lo|lo,lo,lo,lo|lo,
724,he/she is staggering,okht|,okht,,okht|,
725,he/she is getting a rash,kwenothi|,kwenothi,,kwenothi|,
726,he/she has horns,lh|'l,lh,'l,lh|'l,
727,he/she is sneezing,yhvhstoy|,yhvhstoy,,yhvhstoy|,
728,he/she is vomiting,khst|,khst,,khst|,
729,he/she is wearing glasses,akhthinvt|akathinvt,akhthinvt,akathinvt,akhthinvt|akathinvt,
730,he/she is wearing shoes,alahsul|alahsul,alahsul,alahsul,alahsul|alahsul,
733,he/she is wearing socks,yo|yo,yo,yo,yo|yo,
735,he/she is working,lvwhihstan|,lvwhihstan,,lvwhihstan|,
738,he/she is releasing it,ahskalehst|,ahskalehst,,ahskalehst|,
739,he/she is tired,yawe|,yawe,,yawe|,
740,he/she is releasing it,yo|yo,yo,yo,yo|yo,
742,he/she is walking around,et|et,et,et,et|et,
746,he/she lives,e|e,e,e,e|e,
752,he/she thinks so,el|el,el,el,el|el,
757,he/she is straightening it,tshinohs|tshinohs,tshinohs,tshinohs,tshinohs|tshinohs,
759,it is hanging,|,,,|,
764,he/she is plowing it,taluk|taluk,taluk,taluk,taluk|taluk,
766,he/she is removing it from a hanging position,|,,,|,
767,he/she is turning it,teyhst|teyahst,teyhst,teyahst,teyhst|teyahst,
769,he/she is spinning it,tikwalvteyhst|tikwalvteyhst,tikwalvteyhst,tikwalvteyhst,tikwalvteyhst|tikwalvteyhst,
770,he/she is strapping it,tlo|tlo,tlo,tlo,tlo|tlo,
772,he/she is standing,to|to,to,to,to|to,
775,he/she is pitying him/her,toli|toli,toli,toli,toli|toli,
776,he/she is dropping him/her,onht|onht,onht,onht,onht|onht,
777,it is falling from a hanging position,o|o,o,o,o|o,
784,he/she is baking it,tu|tu,tu,tu,tu|tu,
791,he/she is rowing,kawe|kawe,kawe,kawe,kawe|kawe,
796,he/she is pecking it,kwayo|kwayo,kwayo,kwayo,kwayo|kwayo,
798,he/she is putting it into a container,lht|lot,l,l,l|l,
804,he/she is gathering it,lhihs|lhihs,lhihs,lhihs,lhihs|lhihs,
809,he/she is piling it up,l|l,l,l,l|l,
811,he/she is putting it in a hole or a container,l|l,l,l,l|l,
812,he/she is sleepy,lh|'l,lh,'l,lh|'l,
813,he/she is taking it somewhere by hand,nh|'n,nh,'n,nh|'n,
815,he/she is handling it,nh|'n,nh,'n,nh|'n,
818,he/she is eating it,yh|y,yh,y,yh|y,
820,he/she is ripping it,tsakal|tsakal,tsakal,tsakal,tsakal|tsakal,
821,he/she is scratching him/her,tsaliko|tsaliko,tsaliko,tsaliko,tsaliko|tsaliko,
823,he/she is pricking him/her,tsayo|tsayo,tsayo,tsayo,tsayo|tsayo,
824,he/she is wringing it out,tsvwahst|tsvwahst,tsvwahst,tsvwahst,tsvwahst|tsvwahst,
825,he/she is stinging it,tsvy|tsvy,tsvy,tsvy,tsvy|tsvy,
826,he/she is leaving a living thing behind,khah|khah,khah,khah,khah|khah,
827,he/she is giving him/her a living thing,khan|khan,khan,khan,khan|khan,
829,he/she is wrapping him/her,kwhen|kwhen,kwhen,kwhen,kwhen|kwhen,
830,he/she is putting it in a container,lat|lat,lat,lat,lat|lat,
833,he/she is taking it out of a container,l|l,l,l,l|l,
837,he/she is burning,leyv|leyv,leyv,leyv,leyv|leyv,
838,it is falling from an upright position,leyv|leyv,leyv,leyv,leyv|leyv,
840,it is burning,|,,,|,
842,it is dying,liwho|liwo,liwho,liwo,liwho|liwo,
845,he/she is hoeing it,lok|lok,lok,lok,lok|lok,
848,he/she is stopping by,lohihst|lo'ihst,lohihst,lo'ihst,lohihst|lo'ihst,
850,he/she is overtaking him/her,lohihs|lo'ihs,lohihs,lo'ihs,lohihs|lo'ihs,
852,he/she is bluffing him/her,lonahst|lonahst,lonahst,lonahst,lonahst|lonahst,
853,he/she is oiling it,lon|lon,lon,lon,lon|lon,
854,he/she is making him/her fall from an elevated position,lonht|lonht,lonht,lonht,lonht|lonht,
855,he/she is cheating,lonu|lonu,lonu,lonu,lonu|lonu,
856,he/she is passing by without stopping,lo|lo,lo,lo,lo|lo,
857,he/she is falling from an elevated position,lo|lo,lo,lo,lo|lo,
859,it’s lacking,lulo|lulo,lulo,lulo,lulo|lulo,
862,he/she is chopping it,luy|luy,luy,luy,luy|luy,
864,he/she is beating him/her up,l|l,l,l,l|l,
870,he/she is putting it in a hole or a container,l|l,l,l,l|l,
871,he/she is selling it,nat|nat,nat,nat,nat|nat,
873,he/she is hiring him/her,nalh|nalh,nalh,nalh,nalh|nalh,
876,he/she is finding it,nawhth|nawhth,nawhth,nawhth,nawhth|nawhth,
877,he/she is taking it somewhere,nawit|nawit,nawit,nawit,nawit|nawit,
879,he/she is getting it,n|n,n,n,n|n,
880,he/she is changing it,netl|netl,netl,netl,netl|netl,
882,he/she is taking it somewhere by hand,n|n,n,n,n|n,
883,he/she is peeling him/her,nekal|nekal,nekal,nekal,nekal|nekal,
884,he/she is getting some liquid,ne|ne,ne,ne,ne|ne,
885,he/she is taking liquid from him/her,neki'|neki',neki',neki',neki'|neki',
886,he/she is bewitching him/her,nekut|nekut,nekut,nekut,nekut|nekut,
887,he/she is holding it in his/her hand,ne|ne,ne,ne,ne|ne,
888,he/she is leaving some liquid,neh|ne',neh,ne',neh|ne',
890,he/she is finding some liquid,newhahth|newahth,newhahth,newahth,newhahth|newahth,
891,he/she is taking some liquid somewhere,newhit|newit,newhit,newit,newhit|newit,
893,he/she lives,nel|nel,nel,nel,nel|nel,
895,it’s freezing,nehstalat|nehstalat,nehstalat,nehstalat,nehstalat|nehstalat,
896,it’s hailing,nehsoy|,nehsoy,,nehsoy|,
899,he/she is lying down,nh|nv,nh,nv,nh|nv,
901,he/she is agitating liquid,nhkwa'|nhkwa',nhkwa',nhkwa',nhkwa'|nhkwa',
902,he/she is taking a liquid somewhere by hand,nhts|nvts,nhts,nvts,nhts|nvts,
903,he/she is holding some liquid,nhtse|nvtse,nhtse,nvtse,nhtse|nvtse,
904,he/she is handling some liquid,nhts|nvts,nhts,nvts,nhts|nvts,
908,he/she is handling it,n|n,n,n,n|n,
909,he/she hates him/her,nikwat|nikwat,nikwat,nikwat,nikwat|nikwat,
910,he/she is setting up a bed,nilhat|nilhat,nilhat,nilhat,nilhat|nilhat,
913,he/she is pleading,nilat|nilat,nilat,nilat,nilat|nilat,
918,he/she is hunting,nohal|no'al,nohal,no'al,nohal|no'al,
921,it’s flooding,nohuk|,nohuk,,nohuk|,
924,it is blowing,nol|,nol,,nol|,
925,he/she is stealing it,nohs|nohs,nohs,nohs,nohs|nohs,
928,he/she is sinking,noyv|noyv,noyv,noyv,noyv|noyv,
929,he/she is pulling him/her,nhsan|nahsan,nhsan,nahsan,nhsan|nahsan,
931,he/she is dragging him/her,nhsin|nahsin,nhsin,nahsin,nhsin|nahsin,
932,he/she is exiting,nu|nu,nu,nu,nu|nu,
937,he/she is twisting him/her,nuthey|nuthey,nuthey,nuthey,nuthey|nuthey,
938,he/she is missing him/her,nvt|nvt,nvt,nvt,nvt|nvt,
940,he/she is falling from an upright position,nv|nv,nv,nv,nv|nv,
941,he/she is cleaning him/her,nvkal|nvkal,nvkal,nvkal,nvkal|nvkal,
942,he/she is hammering it,nvkwal|nvkwal,nvkwal,nvkwal,nvkwal|nvkwal,
946,he/she is tying up a leg,nvlho|nvlho,nvlho,nvlho,nvlho|nvlho,
949,he/she is tossing about,nvts|nvts,nvts,nvts,nvts|nvts,
950,he/she is giving him/her an object,nvn|nvn,n,n,n|n,
955,he/she is pushing him/her,hsato|hsato,hsato,hsato,hsato|hsato,
956,he/she is rolling him/her,hsakwale|hsakwale,hsakwale,hsakwale,hsakwale|hsakwale,
960,he/she is attaching the object behind it,hsanenat|hsanenat,hsanenat,hsanenat,hsanenat|hsanenat,
969,he/she is piling it up,hsvt|hsvt,hsvt,hsvt,hsvt|hsvt,
970,it’s hanging,|,,,|,
973,he/she is stabbing him/her,t|t,t,t,t|t,
976,he/she is hanging it up,|,,,|,
979,he/she is bathing him/her,aw|aw,aw,aw,aw|aw,
980,he/she is replying,awohil|awo'il,awohil,awo'il,awohil|awo'il,
981,he/she is lecturing him/her,wonht|wonht,wonht,wonht,wonht|wonht,
983,he/she is speaking,won|won,won,won,won|won,
986,he/she is sewing it,yew|yewi,yew,yewi,yew|yewi,
993,he/she is howling,elhu|elu,elhu,elu,elhu|elu,
1014,he/she is leading him/her by the hand,ohin|o'in,ohin,o'in,ohin|o'in,
1015,he/she is agreeing with him/her,ohiyhtan|o'iyhtan,ohiyhtan,o'iyhtan,ohiyhtan|o'iyhtan,
1017,he/she is recognizing him/her,olh|oli,olh,oli,olh|oli,
1018,he/she understands it,olh|oli,olh,oli,olh|oli,
1021,he/she is getting full,olhv|olv,olhv,olv,olhv|olv,
1022,he/she is making it,olh|olh,olh,olh,olh|olh,
1023,he/she is making it fall,ohonht|o'onht,ohonht,o'onht,ohonht|o'onht,
1024,it’s falling,oho|o'o,oho,o'o,oho|o'o,
1027,he/she is writing it,owhel|owel,owhel,owel,owhel|owel,
1030,he/she is pulling a trigger,otsan|otsan,otsan,otsan,otsan|otsan,
1038,he/she is batting it,ohst|ohst,ohst,ohst,ohst|ohst,
1040,he/she is saying to him/her,ohs|ohs,ohs,ohs,ohs|ohs,
1041,it’s swelling,othi|othi,othi,othi,othi|othi,
1043,he/she is building a fire,ot|ot,ot,ot,ot|ot,
1044,he/she is unhitching him/her,utal|utal,utal,utal,utal|utal,
1045,he/she is hitching him/her up,utal|utal,utal,utal,utal|utal,
1050,he/she is putting a handle on a tool,uhal|u'al,uhal,u'al,uhal|u'al,
1052,he/she is washing it,uhil|u'il,uhil,u'il,uhil|u'il,
1053,he/she is accusing him/her,uhihst|u'ihst,uhihst,u'ihst,uhihst|u'ihst,
1055,he/she is covering it,ulh|ulh,ulh,ulh,ulh|ulh,
1056,he/she is putting it in water,u|u,u,u,u|u,
1060,he/she is picking him/her up,uth|uth,uth,uth,uth|uth,
1061,it’s snowing,uth|uth,uth,uth,uth|uth,
1063,he/she is sifting it,vkuhst|vkuhst,vku,,vku|,
1064,it’s leaking,vku|,vku,,vku|,
1067,he/she is alive,vn|vn,vn,vn,vn|vn,
1070,he/she is hitting him/her,|,,,|,
1071,he/she is cooking it,vnhihst|vnihst,vn,vn,vn|vn,
1076,he/she is frying it,vtsal|vtsal,vtsal,vtsal,vtsal|vtsal,
1078,he/she is melting it,vnawht|vnawot,vnawht,vnawot,vnawht|vnawot,
1079,it’s melting,vnawo|vnawo,vnawo,vnawo,vnawo|vnawo,
1081,he/she is sweeping it,vnohsa|vnohsa,vnohsa,vnohsa,vnohsa|vnohsa,
1082,it’s becoming done,vn|vn,vn,vn,vn|vn,
1083,he/she is hiding it,vhskal|vhskal,vhskal,vhskal,vhskal|vhskal,
1085,he/she is hiding him/her,vhskal|vhskal,vhskal,vhskal,vhskal|vhskal,
1086,he/she is cracking it,vhskwal|vhskwal,vhskwal,vhskwal,vhskwal|vhskwal,
1087,he/she is putting it into a fire,vt|vt,vt,vt,vt|vt,
1088,he/she is soaking it,vwal|vwal,vwal,vwal,vwal|vwal,
1221,he/she is ascending an incline,nhalu|nalu,nhalu,nalu,nhalu|nalu,
1224,he/she is making him/her angry,nhalvhst|nalvhst,nhalvhst,nalvhst,nhalvhst|nalvhst,
1229,he/she is cold,nhawo|nawo,nhawo,nawo,nhawo|nawo,
1230,he/she is speaking,nhe|ne,nhe,ne,nhe|ne,
1231,he/she is prying it,nhekwat|nekwat,nhekwat,nekwat,nhekwat|nekwat,
1232,he/she is accumulating it,nhehkw|nehkw,nhehkw,nehkw,nhehkw|nehkw,
1233,it’s accumulating,nhehkwo|,nhehkwo,,nhehkwo|,
1234,he/she is mentioning it,nhe'ihst|ne'ihst,nhe'ihst,ne'ihst,nhe'ihst|ne'ihst,
1235,it’s contaminated,nhehsal|nehsal,nhehsal,nehsal,nhehsal|nehsal,
1236,he/she is contaminating it,nhehsal|nehsal,nhehsal,nehsal,nhehsal|nehsal,
1241,he/she is collecting from him/her,nhil|nil,nhil,nil,nhil|nil,
1246,he/she is telling it,nho|no,nho,no,nho|no,
1247,he/she is omitting him/her,nhoh|noh,nhoh,noh,nhoh|noh,
1249,he/she is fanning him/her,nhoy|noy,nhoy,noy,nhoy|noy,
1254,he/she is straining it,nhvhsolvhst|nvhsolvhst,nhvhsolvhst,nvhsolvhst,nhvhsolvhst|nvhsolvhst,
1256,he/she is curing him/her,nhvw|nvw,nhvw,nvw,nhvw|nvw,
1308,he/she is taking it off,vnht|vnht,vnht,vnht,vnht|vnht,
1309,he/she is putting it on,vnht|vnht,vnht,vnht,vnht|vnht,
1323,he/she has something on,vnht|vnht,vnht,vnht,vnht|vnht,
1450,he/she is in prayer,olihst|olihst,olihst,olihst,olihst|olihst,
1459,it’s wrinkled,nekoyu|,nekoyu,,nekoyu|,
1470,it’s in view,yvlat|,yvlat,,yvlat|,
1471,he/she is throwing it,|,,,|,
1476,he/she is having a birthday,ethiy|,ethiy,,ethiy|,
1478,it’s hot,ilheh|,ilheh,,ilheh|,
1480,he/she is in hiding,ihskal|ihskal,ihskal,ihskal,ihskal|ihskal,
1481,he/she is getting well,iw|,iw,,iw|,
1483,there’s an opening,lanvt|,lanvt,,lanvt|,
1485,he/she is disbelieving,lahsithv'|,lahsithv',,lahsithv'|,
1487,he/she is taking revenge,le|,le,,le|,
1489,he/she is wearing an earring,li'at|,li'at,,li'at|,
1505,he/she is standing in liquid,u|u,u,u,u|u,
1507,he/she wants it,ul|,ul,,ul|,
1508,he/she is willing,vnv'ihst|vnv'ihst,vnv'ihst,vnv'ihst,vnv'ihst|vnv'ihst,
1514,he/she is becoming warm,kanawo|,kanawo,,kanawo|,
1523,he/she is late,konhiyo|,konhiyo,,konhiyo|,
1524,it’s decaying,ko|,ko,,ko|,
1530,he/she has an object,|,,,|,
1531,he/she is yawning,halhok|,halhok,,halhok|,
1534,he/she is having trouble breathing,hawohst|'awohst,hawohst,'awohst,hawohst|'awohst,
1535,there is dew,hihsat|,hihsat,,hihsat|,
1536,he/she is lonesome,hihsohtan|,hihsohtan,,hihsohtan|,
1537,it’s lonesome,hihsoht|,hihsoht,,hihsoht|,
1544,he/she is becoming angry,nhalv|,nhalv,,nhalv|,
1545,he/she is angry,nhalv|,nhalv,,nhalv|,
1548,he/she is stubbing his/her toe,nhahskwal|,nhahskwal,,nhahskwal|,
1551,he/she has a chill,nhawahst|,nhawahst,,nhawahst|,
1554,he/she is in bed,anhi|ani,anhi,ani,anhi|ani,
1557,he/she is wearing a shirt,anhuw|,anhuw,,anhuw|,
1561,he/she is buying it,wha|,wha,,wha|,
1563,he/she is looking for it,y|y,y,y,y|y,
1569,it is cold,yhvtl|,yhvtl,,yhvtl|,
1572,he/she is getting drunk,yhvhst|,yhvhst,,yhvhst|,
1576,he/she is inside it,s|,s,,s|,
1592,it’s sticking out,akhsat|,akhsat,,akhsat|,
1593,he/she is watching him/her,akhsehst|akahsehst,akhsehst,akahsehst,akhsehst|akahsehst,
1597,it’s foggy,khvhat|,khvhat,,khvhat|,
1599,he/she is not having luck at hunting,kwhol|,kwhol,,kwhol|,
1602,he/she is losing his/her way,alena|,alena,,alena|,
1604,he/she is making a mistake,litahst|,litahst,,litahst|,
1612,he/she is whining,liyet|,liyet,,liyet|,
1613,he/she is wearing a ring,yehsuhsth|yehsuhsth,yehsuhsth,yehsuhsth,yehsuhsth|yehsuhsth,
1614,it’s cloudy,okil|,okil,,okil|,
1616,it’s happening to him,alhstanh|,alhstanh,,alhstanh|,
1618,he/she is wearing a cap,alhstul|,alhstul,,alhstul|,
1621,he/she is sticking his/her head out,alhskwalut|,alhskwalut,,alhskwalut|,
1622,he/she is wearing a hat,alhskwethuh|,alhskwethuh,,alhskwethuh|,
1623,it’s dark,hsih|,hsih,,hsih|,
1629,he/she has an object,n|n,n,n,n|n,
1639,he/she is being mean,nekuts|,nekuts,,nekuts|,
1642,he/she has a liquid,ne|ne,ne,ne,ne|ne,
1646,he/she knows it,anht|,anht,,anht|,
1677,he/she is wearing pants,ahsul|ahsul,ahsul,ahsul,ahsul|ahsul,
1683,he/she is thirsty,thatek|,thatek,,thatek|,
1684,he/she is becoming enraged,thalhawo|,thalhawo,,thalhawo|,
1693,he/she is listening to him/her,hvtahst|hvtahst,hvtahst,hvtahst,hvtahst|hvtahst,
1698,he/she is forgetting it,vkhew|,vkhew,,vkhew|,
1699,he/she is belching,khule|,khule,,khule|,
1700,he/she is shivering,naw|,naw,,naw|,
1708,he/she smells it,whsv|,whsv,,whsv|,
1709,he/she has an object,vy|,vy,,vy|,
1710,he/she is aching,ehihstan|,ehihstan,,ehihstan|,
1729,he/she is confident,ohiyu|,ohiyu,,ohiyu|,
1730,he/she is sitting,ol|,ol,,ol|,
1741,he/she is losing it,yohuhs|,yohuhs,,yohuhs|,
1754,he/she is sending on object,t|t,t,t,t|t,
1761,he/she is sending it,|,,,|,
1774,he/she is sending it,kha|kha,kha,kha,kha|kha,
1775,he/she is sending it,ne|ne,ne,ne,ne|ne,
1776,he/she is sending it,n|n,n,n,n|n,
1778,he/she is going out of sight,eli|,eli,,eli|,
