corpus_id,present,present_1sg,imperfective,perfective,imperative,infinitive
4,8.1,8.2,8.4,8.3,8.5,8.6
5,9.1,9.2,9.4,9.3,9.5,9.6
6,10.1,10.2,10.4,10.3,10.5,10.6
7,11.1,11.2,11.4,11.3,11.5,11.6
10,14.1,14.2,14.4,14.3,14.5,14.6
16,20.1,20.2,20.4,20.3,20.5,20.6
18,22.1,22.2,22.4,22.3,22.5,22.6
19,23.1,23.2,23.4,23.3,23.5,23.6
21,25.1,25.2,25.5,25.4,25.6,25.8
22,26.1,26.2,26.4,26.3,26.5,26.6
25,29.1,29.2,29.4,29.3,29.5,29.6
27,31.1,31.2,31.4,31.3,31.5,31.6
29,33.1,,33.3,33.2,,33.4
29,33.1,,33.3,33.2,,33.4
29,33.1,,33.3,33.2,,33.4
30,34.1,34.2,34.4,34.3,34.5,34.6
32,36.1,36.2,36.4,36.3,36.5,36.6
33,37.1,37.2,37.4,37.3,37.5,37.6
34,38.1,38.2,38.4,38.3,38.5,38.6
39,43.1,43.2,43.4,43.3,43.5,43.6
41,45.1,45.2,45.4,45.3,45.5,45.6
42,46.1,46.2,46.4,46.3,46.5,46.6
43,47.1,47.2,47.4,47.3,47.5,47.6
44,48.1,48.2,48.4,48.3,48.5,48.6
45,49.1,49.2,49.4,49.3,49.5,49.6
46,50.1,50.2,50.4,50.3,50.5,50.6
48,52.1,52.2,52.4,52.3,52.5,52.6
51,55.1,55.2,55.4,55.3,55.5,55.6
54,58.1,58.2,58.4,58.3,58.5,58.6
56,60.1,60.2,60.4,60.3,60.5,60.6
59,63.1,63.2,63.4,63.3,63.5,63.6
60,64.1,64.2,64.4,64.3,64.5,64.6
61,65.1,65.2,65.4,65.3,65.5,65.6
62,66.1,66.2,66.4,66.3,66.5,66.6
63,67.1,67.2,67.4,67.3,67.5,67.6
67,71.1,71.2,71.4,71.3,71.5,71.6
69,73.1,73.2,73.4,73.3,73.5,73.6
70,74.1,74.2,74.4,74.3,74.5,74.6
72,76.1,76.2,76.4,76.3,76.5,76.6
73,77.1,77.2,77.4,77.3,77.5,77.6
74,78.1,78.2,78.4,78.3,78.5,78.6
75,79.1,,79.3,79.2,,79.4
75,79.1,,79.3,79.2,,79.4
75,79.1,,79.3,79.2,,79.4
76,80.1,80.2,80.4,80.3,80.5,80.6
77,81.1,81.2,81.4,81.3,81.5,81.6
78,82.1,82.2,82.5,82.4,82.6,82.8
79,83.1,83.2,83.4,83.3,83.5,83.6
80,84.1,84.2,84.4,84.3,84.5,84.6
82,86.1,86.2,86.4,86.3,86.5,86.6
85,89.1,89.2,89.4,89.3,89.5,89.6
87,91.1,91.2,91.4,91.3,91.5,91.6
88,92.1,92.2,92.4,92.3,92.5,92.6
92,96.1,96.2,96.4,96.3,96.5,96.6
94,98.1,,98.3,98.2,,98.4
94,98.1,,98.3,98.2,,98.4
94,98.1,,98.3,98.2,,98.4
95,99.1,99.2,99.4,99.3,99.5,99.6
96,100.1,100.2,100.4,100.3,100.5,100.6
98,102.1,102.2,102.4,102.3,102.5,102.6
99,103.1,103.2,103.4,103.3,103.5,103.6
100,104.1,104.2,104.4,104.3,104.5,104.6
101,105.1,105.2,105.5,105.4,105.6,105.8
106,110.1,110.2,110.4,110.3,110.5,110.6
107,111.1,111.2,111.4,111.3,111.5,111.6
109,113.1,113.2,113.4,113.3,113.5,113.6
112,116.1,,116.3,116.2,,116.4
112,116.1,,116.3,116.2,,116.4
112,116.1,,116.3,116.2,,116.4
113,117.1,117.2,117.4,117.3,117.5,117.6
115,119.1,119.2,119.4,119.3,119.5,119.6
117,121.1,121.2,121.5,121.4,121.6,121.8
118,122.1,,122.3,122.2,,122.4
118,122.1,,122.3,122.2,,122.4
118,122.1,,122.3,122.2,,122.4
119,123.1,,123.3,123.2,,123.4
119,123.1,,123.3,123.2,,123.4
119,123.1,,123.3,123.2,,123.4
127,132.1,132.2,132.4,132.3,132.5,132.6
128,133.1,133.2,133.4,133.3,133.5,133.6
130,135.1,135.2,135.4,135.3,135.5,135.6
133,138.1,138.2,138.4,138.3,138.5,138.6
135,140.1,140.2,140.5,140.4,140.6,140.8
136,141.1,141.2,141.4,141.3,141.5,141.6
138,143.1,143.2,143.5,143.4,143.6,143.8
140,145.1,145.2,145.4,145.3,145.5,145.6
143,148.1,148.2,148.5,148.4,148.6,148.8
145,150.1,150.2,150.4,150.3,150.5,150.6
148,153.1,153.2,153.4,153.3,153.5,153.6
149,154.1,154.2,154.4,154.3,154.5,154.6
152,157.1,157.2,157.4,157.3,157.5,157.6
153,158.1,158.2,158.4,158.3,158.5,158.6
155,161.1,161.2,161.4,161.3,161.5,161.6
158,164.1,164.2,164.4,164.3,164.5,164.6
160,166.1,166.2,166.4,166.3,166.5,166.6
161,167.1,167.2,167.4,167.3,167.5,167.6
162,168.1,168.2,168.3,,,168.4
162,168.1,168.2,168.3,,,168.4
162,168.1,168.2,168.3,,,168.4
163,169.1,169.2,169.4,169.3,,169.5
163,169.1,169.2,169.4,169.3,,169.5
163,169.1,169.2,169.4,169.3,,169.5
165,171.1,171.2,171.4,171.3,171.5,171.6
166,172.1,172.2,172.4,172.3,172.5,172.6
167,173.1,173.2,173.4,173.3,173.5,173.6
169,175.1,175.2,175.5,175.4,175.6,175.8
171,177.1,177.2,177.4,177.3,177.5,177.6
172,178.1,,178.3,178.2,,178.4
172,178.1,,178.3,178.2,,178.4
172,178.1,,178.3,178.2,,178.4
173,179.1,179.2,179.4,179.3,179.5,179.6
175,181.1,,181.3,181.2,,181.4
175,181.1,,181.3,181.2,,181.4
175,181.1,,181.3,181.2,,181.4
176,182.1,182.2,182.4,182.3,182.5,182.6
177,183.1,183.2,183.4,183.3,183.5,183.6
179,185.1,,185.3,185.2,,
179,185.1,,185.3,185.2,,
180,186.1,186.2,186.4,186.3,186.5,186.6
182,188.1,188.2,188.4,188.3,188.5,188.6
183,189.1,189.2,189.4,189.3,189.5,189.6
185,191.1,191.2,191.4,191.3,191.5,191.6
186,192.1,192.2,192.4,192.3,192.5,192.6
187,193.1,193.2,193.4,193.3,193.5,193.6
189,195.1,195.2,195.4,195.3,195.5,195.6
190,196.1,196.2,196.4,196.3,196.5,196.6
191,197.1,197.2,197.4,197.3,197.5,197.6
192,198.1,198.2,198.4,198.3,198.5,198.6
194,200.1,200.2,200.4,200.3,200.5,200.6
195,201.1,201.2,201.4,201.3,201.5,201.6
196,202.1,202.2,202.4,202.3,202.5,202.6
197,203.1,203.2,203.4,203.3,203.5,203.6
198,204.1,204.2,204.4,204.3,204.5,204.6
200,206.1,206.2,206.4,206.3,206.5,206.6
204,210.1,210.2,210.4,210.3,210.5,210.6
205,211.1,211.2,211.4,211.3,211.5,211.6
206,212.1,212.2,212.4,212.3,212.5,212.6
207,213.1,213.2,213.4,213.3,213.5,213.7
208,214.1,214.2,214.4,214.3,214.5,214.6
209,215.1,215.2,215.4,215.3,215.5,215.6
210,216.1,216.2,216.4,216.3,216.5,216.6
212,218.1,218.2,218.4,218.3,218.5,218.6
214,220.1,,220.3,220.2,,220.4
214,220.1,,220.3,220.2,,220.4
214,220.1,,220.3,220.2,,220.4
215,221.1,221.2,221.4,221.3,221.5,221.6
216,222.1,222.2,222.4,222.3,222.5,222.6
217,223.1,223.2,223.4,223.3,,
218,224.1,224.2,224.4,224.3,224.5,224.6
219,225.1,225.2,225.4,225.3,225.5,225.7
220,226.1,226.2,226.4,226.3,226.5,226.6
222,228.1,228.2,228.4,228.3,228.5,228.6
223,229.1,229.2,229.4,229.3,229.5,229.6
224,230.1,,230.3,230.2,,230.4
224,230.1,,230.3,230.2,,230.4
224,230.1,,230.3,230.2,,230.4
228,234.1,234.2,234.4,234.3,234.5,234.6
230,236.1,236.2,236.5,236.4,236.6,236.8
232,238.1,238.2,238.4,238.3,238.5,238.6
233,239.1,239.2,239.4,239.3,239.5,239.6
234,240.1,240.2,240.4,240.3,240.5,240.6
235,241.1,241.2,241.4,241.3,,
235,241.1,241.2,241.4,241.3,,
238,244.1,244.2,244.4,244.3,244.5,244.6
239,245.1,245.2,245.4,245.3,245.5,245.6
240,246.1,246.2,246.4,246.3,246.5,246.6
242,248.1,248.2,248.4,248.3,248.5,248.6
244,250.1,250.2,250.4,250.3,250.5,250.6
250,256.1,,256.3,256.2,,256.4
250,256.1,,256.3,256.2,,256.4
250,256.1,,256.3,256.2,,256.4
253,259.1,259.2,259.4,259.3,259.5,259.6
254,260.1,260.2,260.4,260.3,260.5,260.6
255,261.1,261.2,261.4,261.3,261.5,261.6
259,266.1,266.2,266.4,266.3,266.5,266.7
261,268.1,268.2,268.5,268.4,268.6,268.8
263,270.1,270.2,270.4,270.3,270.5,270.6
266,273.1,273.2,273.4,273.3,273.5,273.6
270,277.1,277.2,277.4,277.3,277.5,277.6
273,280.1,280.2,280.3,,,
273,280.1,280.2,280.3,,,
276,283.1,283.2,283.4,283.3,283.5,283.6
277,284.1,284.2,284.4,284.3,284.5,284.6
278,285.1,285.2,285.4,285.3,285.5,285.6
280,287.1,287.2,287.4,287.3,287.5,287.6
281,288.1,288.2,288.4,288.3,288.5,288.6
283,290.1,290.2,290.5,290.4,290.6,290.8
286,293.1,293.2,293.4,293.3,293.5,293.6
288,295.1,295.2,295.5,295.4,295.6,295.8
290,297.1,297.2,297.4,297.3,297.5,297.6
291,298.1,298.2,298.4,298.3,298.5,298.6
293,300.1,300.2,300.4,300.3,300.5,300.6
294,301.1,301.2,301.4,301.3,301.5,301.6
296,303.1,303.2,303.5,303.4,303.6,303.8
297,304.1,304.2,304.5,304.4,304.6,304.8
298,305.1,305.2,305.4,305.3,305.5,305.6
300,307.1,307.2,307.4,307.3,307.5,307.6
305,312.1,312.2,312.4,312.3,312.5,312.6
306,313.1,313.2,313.4,313.3,313.5,313.6
307,314.1,314.2,314.4,314.3,314.5,314.6
308,315.1,315.2,315.5,315.4,315.6,315.8
309,316.1,316.2,316.4,316.3,316.5,316.6
311,318.1,,318.3,318.2,,318.4
311,318.1,,318.3,318.2,,318.4
311,318.1,,318.3,318.2,,318.4
314,321.1,321.2,321.4,321.3,321.5,321.6
315,322.1,322.2,322.4,322.3,322.5,322.6
317,324.1,324.2,324.4,324.3,324.5,324.6
318,325.1,325.2,325.4,325.3,325.5,325.6
320,327.1,327.2,327.4,327.3,327.5,327.6
322,329.1,329.2,329.4,329.3,329.5,329.6
324,331.1,331.2,331.4,331.3,331.5,331.6
325,332.1,332.2,332.4,332.3,332.5,332.6
327,334.1,334.2,334.4,334.3,334.5,334.6
329,336.1,336.2,336.4,336.3,336.5,336.6
330,337.1,337.2,337.4,337.3,337.5,337.6
331,338.1,338.2,338.4,338.3,338.5,338.6
332,339.1,339.2,339.4,339.3,339.5,339.6
334,341.1,341.2,341.4,341.3,341.5,341.6
335,342.1,342.2,342.4,342.3,342.5,342.6
336,343.1,343.2,343.4,343.3,343.5,343.6
337,344.1,344.2,344.4,344.3,344.5,344.6
338,345.1,345.2,345.4,345.3,345.5,345.6
339,346.1,,346.3,346.2,,346.4
339,346.1,,346.3,346.2,,346.4
339,346.1,,346.3,346.2,,346.4
340,347.1,347.2,347.4,347.3,347.5,347.6
341,348.1,348.2,348.4,348.3,348.5,348.6
342,349.1,349.2,349.4,349.3,349.5,349.6
344,351.1,351.2,351.4,351.3,351.5,351.6
345,352.1,352.2,352.4,352.3,352.5,352.6
355,362.1,362.2,362.4,362.3,362.5,362.6
356,363.1,,363.3,363.2,,
356,363.1,,363.3,363.2,,
359,366.1,366.2,366.4,366.3,366.5,366.6
361,368.1,368.2,368.4,368.3,368.5,368.6
362,369.1,369.2,369.4,369.3,369.5,369.6
363,370.1,370.2,370.5,370.4,370.6,370.8
365,372.1,372.2,372.4,372.3,,
366,373.1,373.2,373.3,,,
366,373.1,373.2,373.3,,,
367,374.1,374.2,374.4,374.3,,
367,374.1,374.2,374.4,374.3,,
373,380.1,380.2,380.4,380.3,380.5,380.6
374,381.1,381.2,381.4,381.3,381.5,381.7
377,384.1,384.2,384.4,384.3,384.5,384.6
378,385.1,,385.3,385.2,,
378,385.1,,385.3,385.2,,
380,387.1,387.2,387.4,387.3,387.5,387.6
381,388.1,388.2,388.4,388.3,388.5,388.7
382,389.1,389.2,389.4,389.3,389.5,389.6
383,390.1,390.2,390.4,390.3,390.5,390.6
384,391.1,391.2,391.4,391.3,391.5,391.6
386,393.1,393.2,393.4,393.3,393.5,393.6
388,395.1,395.2,395.4,395.3,395.5,395.7
389,396.1,396.2,396.4,396.3,396.5,396.7
390,397.1,397.2,397.4,397.3,397.5,397.6
392,399.1,399.2,399.4,399.3,399.5,399.6
395,402.1,402.2,402.4,402.3,402.5,402.6
397,404.1,404.2,404.5,404.4,404.6,404.8
398,405.1,405.2,405.4,405.3,405.5,405.6
400,407.1,407.2,407.4,407.3,407.5,407.7
401,408.1,408.2,408.4,408.3,408.5,408.6
402,409.1,409.2,409.4,409.3,409.5,409.7
405,412.1,412.2,412.4,412.3,412.5,412.6
410,417.1,417.2,417.5,417.4,417.6,417.8
411,418.1,418.2,418.4,418.3,418.5,418.6
412,419.1,419.2,419.4,419.3,419.5,419.7
413,420.1,420.2,420.5,420.4,420.6,420.8
414,421.1,421.2,421.4,421.3,421.5,421.6
416,423.1,,423.3,423.2,,423.4
416,423.1,,423.3,423.2,,423.4
416,423.1,,423.3,423.2,,423.4
417,424.1,424.2,424.4,424.3,424.5,424.6
419,426.1,426.2,426.4,426.3,426.5,426.6
421,428.1,428.2,428.4,428.3,428.5,428.7
423,430.1,430.2,430.4,430.3,430.5,430.6
424,431.1,431.2,431.4,431.3,431.5,431.6
425,432.1,432.2,432.4,432.3,432.5,432.6
427,434.1,434.2,434.4,434.3,434.5,434.6
428,435.1,435.2,435.4,435.3,435.5,435.6
429,436.1,436.2,436.4,436.3,436.5,436.6
430,437.1,437.2,437.5,437.4,437.6,437.8
431,438.1,438.2,438.5,438.4,438.6,438.8
432,439.1,439.2,439.4,439.3,439.5,439.6
436,443.1,443.2,443.4,443.3,443.5,443.7
437,444.1,444.2,444.4,444.3,444.5,444.6
439,446.1,446.2,446.4,446.3,446.5,446.6
440,447.1,447.2,447.5,447.4,447.6,447.8
441,448.1,448.2,448.4,448.3,448.5,448.6
443,450.1,450.2,450.4,450.3,450.5,450.6
444,451.1,451.2,451.4,451.3,451.5,451.6
445,452.1,452.2,452.4,452.3,452.5,452.6
446,453.1,453.2,453.4,453.3,453.5,453.6
447,454.1,454.2,454.4,454.3,454.5,454.6
448,455.1,455.2,455.4,455.3,455.5,455.6
449,456.1,456.2,456.4,456.3,456.5,456.6
452,459.1,459.2,459.5,459.4,459.6,459.8
453,460.1,460.2,460.4,460.3,460.5,460.6
454,461.1,461.2,461.4,461.3,461.5,461.6
455,462.1,462.2,462.3,,,
455,462.1,462.2,462.3,,,
458,465.1,465.2,465.5,465.4,465.6,465.8
459,466.1,466.2,466.4,466.3,466.5,466.6
463,470.1,470.2,470.4,470.3,470.5,470.6
464,471.1,471.2,471.4,471.3,471.5,471.6
465,472.1,472.2,472.4,472.3,472.5,472.6
467,474.1,,474.3,474.2,,474.4
467,474.1,,474.3,474.2,,474.4
467,474.1,,474.3,474.2,,474.4
469,476.1,,476.3,476.2,476.4,476.5
470,477.1,477.2,477.4,477.3,477.5,477.6
472,479.1,479.2,479.4,479.3,479.5,479.6
473,480.1,480.2,480.4,480.3,480.5,480.6
474,481.1,481.2,481.4,481.3,481.5,481.6
475,482.1,482.2,482.4,482.3,482.5,482.6
477,484.1,484.2,484.4,484.3,484.5,484.7
479,486.1,486.2,486.4,486.3,486.5,486.6
480,487.1,487.2,487.4,487.3,487.5,487.6
482,489.1,489.2,489.3,,,
482,489.1,489.2,489.3,,,
483,490.1,490.2,490.4,490.3,490.5,490.6
486,493.1,493.2,493.4,493.3,493.5,493.6
487,494.1,494.2,494.5,494.4,494.6,494.8
488,495.1,,495.3,495.2,,495.4
488,495.1,,495.3,495.2,,495.4
488,495.1,,495.3,495.2,,495.4
489,496.1,496.2,496.4,496.3,496.5,496.6
490,497.1,497.2,497.4,497.3,497.5,497.6
491,498.1,498.2,498.4,498.3,498.5,498.6
493,500.1,500.2,500.4,500.3,500.5,500.6
494,501.1,501.2,501.5,501.4,501.6,501.8
495,502.1,502.2,502.5,502.4,502.6,502.8
496,503.1,503.2,503.5,503.4,503.6,503.8
497,504.1,504.2,504.5,504.4,504.6,504.8
498,505.1,505.2,505.4,505.3,505.5,505.6
502,509.1,509.2,509.3,,,
502,509.1,509.2,509.3,,,
504,511.1,511.2,511.4,511.3,511.5,511.6
507,514.1,514.2,514.4,514.3,514.5,514.6
509,516.1,516.2,516.4,516.3,516.5,516.6
511,518.1,518.2,518.4,518.3,518.5,518.6
512,519.1,519.2,519.4,519.3,519.5,519.6
513,520.1,520.2,520.4,520.3,520.5,520.6
515,522.1,522.2,522.4,522.3,522.5,522.6
516,523.1,523.2,523.5,523.4,523.6,523.8
517,524.1,524.2,524.4,524.3,524.5,524.6
519,526.1,526.2,526.4,526.3,526.5,526.6
521,528.1,528.2,528.5,528.4,528.6,
522,529.1,529.2,529.5,529.4,529.6,529.7
523,530.1,530.2,530.4,530.3,530.5,530.6
524,531.1,531.2,531.5,531.4,531.6,531.8
526,533.1,533.2,533.4,533.3,533.5,533.6
529,536.1,536.2,536.4,536.3,536.5,536.6
530,537.1,537.2,537.4,537.3,537.5,537.6
531,538.1,538.2,538.4,538.3,538.5,538.6
539,549.1,549.2,549.4,549.3,549.5,549.6
541,551.1,551.2,551.4,551.3,551.5,551.6
542,552.1,552.2,552.5,552.4,552.6,552.8
543,553.1,553.2,553.4,553.3,553.5,553.6
544,554.1,554.2,554.4,554.3,554.5,554.6
545,555.1,555.2,555.4,555.3,555.5,555.6
546,556.1,556.2,556.4,556.3,556.5,556.6
547,557.1,557.2,557.4,557.3,557.5,557.6
548,558.1,558.2,558.4,558.3,558.5,558.6
550,560.1,560.2,560.4,560.3,560.5,560.6
552,562.1,562.2,562.4,562.3,562.5,562.6
553,563.1,563.2,563.5,563.4,563.6,563.8
554,564.1,564.2,564.4,564.3,564.5,564.6
555,565.1,565.2,565.4,565.3,565.5,565.6
557,567.1,567.2,567.4,567.3,567.5,567.6
558,568.1,568.2,568.4,568.3,568.5,568.6
559,569.1,569.2,569.4,569.3,569.5,569.6
561,571.1,571.2,571.4,571.3,571.5,571.6
562,572.1,572.2,572.4,572.3,572.5,572.6
564,574.1,574.2,574.4,574.3,574.5,574.6
565,575.1,575.2,575.4,575.3,575.5,575.6
566,576.1,576.2,576.4,576.3,576.5,576.6
567,577.1,577.2,577.4,577.3,577.5,577.6
568,578.1,578.2,578.4,578.3,578.5,578.6
571,581.1,581.2,581.4,581.3,581.5,581.6
572,582.1,582.2,582.4,582.3,582.5,582.6
573,583.1,583.2,583.4,583.3,583.5,583.6
574,584.1,584.2,584.5,584.4,584.6,584.8
575,585.1,585.2,585.4,585.3,585.5,585.6
576,586.1,586.2,586.4,586.3,586.5,586.6
577,587.1,587.2,587.4,587.3,587.5,587.6
578,588.1,588.2,588.4,588.3,588.5,588.6
579,589.1,589.2,589.4,589.3,589.5,589.6
582,592.1,592.2,592.4,592.3,592.5,592.6
583,593.1,593.2,593.4,593.3,593.5,593.6
584,594.1,594.2,594.4,594.3,594.5,594.6
585,595.1,595.2,595.5,595.4,595.6,595.8
586,596.1,596.2,596.4,596.3,596.5,596.6
587,597.1,597.2,597.4,597.3,597.5,597.6
589,599.1,599.2,599.4,599.3,599.5,599.6
590,600.1,600.2,600.4,600.3,600.5,600.6
591,601.1,601.2,601.4,601.3,601.5,601.6
592,602.1,602.2,602.4,602.3,602.5,602.6
593,603.1,603.2,603.4,603.3,603.5,603.6
594,604.1,604.2,604.5,604.4,604.6,604.8
596,606.1,606.2,606.4,606.3,606.5,606.6
597,607.1,607.2,607.4,607.3,607.5,607.6
598,608.1,608.2,608.4,608.3,608.5,608.6
599,609.1,609.2,609.5,609.4,609.6,609.8
600,610.1,610.2,610.4,610.3,610.5,610.6
601,611.1,611.2,611.4,611.3,611.5,611.6
603,613.1,613.2,613.4,613.3,613.5,613.6
604,614.1,614.2,614.4,614.3,614.5,614.7
605,615.1,615.2,615.4,615.3,615.5,615.6
606,616.1,616.2,616.4,616.3,616.5,616.6
607,617.1,617.2,617.4,617.3,617.5,617.6
608,618.1,618.2,618.4,618.3,618.5,618.7
609,619.1,619.2,619.4,619.3,619.5,619.6
610,620.1,620.2,620.4,620.3,620.5,620.6
611,621.1,621.2,621.4,621.3,621.5,621.6
612,622.1,622.2,622.4,622.3,622.5,622.6
613,623.1,623.2,623.4,623.3,623.5,623.6
618,628.1,628.2,628.4,628.3,628.5,628.6
620,631.1,631.2,631.5,631.4,631.6,631.8
621,632.1,632.2,632.4,632.3,632.5,632.6
622,633.1,633.2,633.4,633.3,633.5,633.6
623,634.1,634.2,634.4,634.3,634.5,634.6
624,635.1,635.2,635.4,635.3,635.5,635.6
625,636.1,636.2,636.4,636.3,636.5,636.6
626,637.1,637.2,637.4,637.3,637.5,637.6
627,638.1,638.2,638.4,638.3,638.5,638.6
628,639.1,639.2,639.4,639.3,639.5,639.6
630,641.1,641.2,641.4,641.3,641.5,641.7
631,642.1,642.2,642.4,642.3,642.5,642.6
632,643.1,643.2,643.4,643.3,643.5,643.6
634,645.1,645.2,645.4,645.3,645.5,645.6
722,740.1,740.2,740.4,740.3,740.5,740.6
723,741.1,741.2,741.4,741.3,741.5,741.6
723,741.1,741.2,741.4,741.3,741.5,741.6
723,741.1,741.2,741.4,741.3,741.5,741.6
724,742.1,742.2,742.4,742.3,742.5,742.6
725,743.1,743.2,743.4,743.3,743.5,743.6
726,744.1,744.2,744.4,744.3,744.5,
727,745.1,745.2,745.4,745.3,745.5,745.6
728,746.1,746.2,746.4,746.3,746.5,746.6
729,747.1,747.2,747.4,747.3,747.5,747.6
729,747.1,747.2,747.4,747.3,747.5,747.6
730,748.1,748.2,748.4,748.3,748.5,
732,750.1,750.2,750.4,750.3,750.5,750.6
733,751.1,751.2,751.4,751.3,751.5,
735,753.1,753.2,753.4,753.3,753.5,753.6
737,755.1,755.2,755.4,755.3,755.5,755.6
738,756.1,756.2,756.4,756.3,756.5,756.6
739,757.1,757.2,757.4,757.3,757.5,757.6
740,758.1,758.2,758.4,758.3,758.5,758.6
742,765.1,765.2,765.4,765.3,765.5,765.6
743,766.1,766.2,766.4,766.3,766.5,766.6
746,769.1,769.2,769.3,,769.4,
746,769.1,769.2,769.3,,769.4,
752,776.1,776.2,776.4,776.3,776.5,776.6
757,787.1,787.2,787.4,787.3,787.5,787.6
759,789.1,789.2,789.3,,789.4,
759,789.1,789.2,789.3,,789.4,
764,794.1,794.2,794.4,794.3,794.5,794.6
766,796.1,796.2,796.4,796.3,796.5,796.6
767,797.1,797.2,797.4,797.3,797.5,797.6
769,799.1,799.2,799.4,799.3,799.5,799.6
770,800.1,800.2,800.4,800.3,800.5,800.6
772,802.1,802.2,802.3,,802.4,
772,802.1,802.2,802.3,,802.4,
775,805.1,805.2,805.4,805.3,805.5,805.6
776,806.1,806.2,806.5,806.4,806.6,806.8
777,807.1,807.2,807.4,807.3,807.5,807.6
784,814.1,814.2,814.4,814.3,814.5,814.6
788,818.1,818.2,818.5,818.4,818.6,818.7
791,821.1,821.2,821.4,821.3,821.5,821.6
796,826.1,826.2,826.5,826.4,826.6,826.8
798,828.1,828.2,828.4,828.3,828.5,828.6
803,833.1,833.2,833.3,,833.4,833.5
804,834.1,834.2,834.4,834.3,834.5,834.6
809,839.1,839.2,839.4,839.3,839.5,839.6
810,840.1,840.2,840.5,840.4,840.6,840.8
811,841.1,841.2,841.4,841.3,841.5,841.6
812,842.1,842.2,842.4,842.3,842.5,842.6
813,843.1,843.2,843.4,843.3,843.5,843.6
814,844.1,844.2,844.3,,844.4,844.5
814,844.1,844.2,844.3,,844.4,844.5
815,845.1,845.2,845.4,845.3,845.5,845.6
818,848.1,848.2,848.5,848.4,848.6,848.8
820,850.1,850.2,850.4,850.3,850.5,850.6
821,851.1,851.2,851.5,851.4,851.6,851.8
823,853.1,853.2,853.5,853.4,853.6,853.8
824,854.1,854.2,854.4,854.3,854.5,854.6
825,855.1,855.2,855.4,855.3,855.5,855.6
826,856.1,856.2,856.4,856.3,856.5,856.6
827,857.1,857.2,857.4,857.3,857.5,857.6
829,859.1,859.2,859.5,859.4,859.6,859.8
830,860.1,860.2,860.4,860.3,860.5,860.6
833,863.1,863.2,863.4,863.3,863.5,863.6
834,864.1,864.2,864.4,864.3,864.5,864.6
837,867.1,867.2,867.4,867.3,867.5,867.6
838,868.1,868.2,868.4,868.3,868.5,868.6
839,869.1,869.2,869.4,869.3,869.5,869.6
840,870.1,,870.3,870.2,,
840,870.1,,870.3,870.2,,
841,871.1,871.2,871.4,871.3,871.5,871.6
842,872.1,872.2,872.4,872.3,872.5,872.6
844,874.1,874.2,874.4,874.3,874.5,874.6
845,875.1,875.2,875.4,875.3,875.5,875.6
848,878.1,878.2,878.4,878.3,878.5,878.6
850,880.1,880.2,880.4,880.3,880.5,880.6
852,882.1,882.2,882.4,882.3,882.5,882.6
853,883.1,883.2,883.4,883.3,883.5,883.6
854,884.1,884.2,884.4,884.3,884.5,884.6
855,885.1,885.2,885.4,885.3,885.5,885.6
856,886.1,886.2,886.4,886.3,886.5,886.6
857,887.1,887.2,887.4,887.3,887.5,887.6
858,888.1,888.2,888.4,888.3,888.5,888.6
859,889.1,889.2,889.4,889.3,889.5,889.6
862,892.1,892.2,892.4,892.3,892.5,892.6
864,894.1,894.2,894.4,894.3,894.5,894.6
870,900.1,900.2,900.4,900.3,900.5,900.6
871,901.1,901.2,901.4,901.3,901.5,901.6
873,903.1,903.2,903.4,903.3,903.5,903.6
876,906.1,906.2,906.5,906.4,906.6,906.8
877,907.1,907.2,907.5,907.4,907.6,907.8
879,909.1,909.2,909.5,909.4,909.6,909.8
880,910.1,910.2,910.4,910.3,910.5,910.6
882,912.1,912.2,912.4,912.3,912.5,912.6
883,913.1,913.2,913.5,913.4,913.6,913.8
884,914.1,914.2,914.4,914.3,914.5,914.6
885,915.1,915.2,915.4,915.3,915.5,915.6
886,916.1,916.2,916.4,916.3,916.5,916.6
887,917.1,917.2,917.3,,917.4,
887,917.1,917.2,917.3,,917.4,
888,918.1,918.2,918.4,918.3,918.5,918.6
889,919.1,919.2,919.4,919.3,919.5,919.6
890,920.1,920.2,920.4,920.3,920.5,920.6
891,921.1,921.2,921.4,921.3,921.5,921.6
893,923.1,923.2,923.3,,923.4,
893,923.1,923.2,923.3,,923.4,
895,925.1,925.2,925.4,925.3,925.5,925.6
896,926.1,,926.3,926.2,,926.4
896,926.1,,926.3,926.2,,926.4
896,926.1,,926.3,926.2,,926.4
899,929.1,929.2,929.3,,929.4,
899,929.1,929.2,929.3,,929.4,
901,931.1,931.2,931.4,931.3,931.5,931.6
902,932.1,932.2,932.4,932.3,932.5,932.6
903,933.1,933.2,933.3,,933.4,
903,933.1,933.2,933.3,,933.4,
904,934.1,934.2,934.4,934.3,934.5,934.6
908,938.1,938.2,938.4,938.3,938.5,938.6
909,939.1,939.2,939.4,939.3,939.5,939.6
910,940.1,940.2,940.4,940.3,940.5,940.6
913,943.1,943.2,943.4,943.3,943.5,943.6
914,944.1,944.2,944.4,944.3,944.5,944.6
915,945.1,945.2,945.4,945.3,945.5,945.6
916,946.1,946.2,946.5,946.4,946.6,946.8
918,948.1,948.2,948.4,948.3,948.5,948.6
920,950.1,950.2,950.3,,950.4,
920,950.1,950.2,950.3,,950.4,
921,951.1,,951.3,951.2,,951.4
921,951.1,,951.3,951.2,,951.4
921,951.1,,951.3,951.2,,951.4
922,952.1,952.2,952.4,952.3,952.5,952.6
924,954.1,,954.3,954.2,,954.4
924,954.1,,954.3,954.2,,954.4
924,954.1,,954.3,954.2,,954.4
925,955.1,955.2,955.4,955.3,955.5,955.6
928,958.1,958.2,958.4,958.3,958.5,958.6
929,959.1,959.2,959.5,959.4,959.6,959.8
931,961.1,961.2,961.5,961.4,961.6,961.8
932,962.1,962.2,962.4,962.3,962.5,962.6
937,967.1,967.2,967.5,967.4,967.6,967.8
938,968.1,968.2,968.5,968.4,968.6,968.8
940,970.1,970.2,970.4,970.3,970.5,970.6
941,971.1,971.2,971.5,971.4,971.6,971.8
942,972.1,972.2,972.4,972.3,972.5,972.6
946,976.1,976.2,976.5,976.4,976.6,976.8
949,979.1,979.2,979.4,979.3,979.5,979.6
950,980.1,980.2,980.4,980.3,980.5,980.6
955,985.1,985.2,985.5,985.4,985.6,985.8
956,986.1,986.2,986.5,986.4,986.6,986.8
960,990.1,990.2,990.4,990.3,990.5,990.6
965,995.1,,995.3,995.2,,995.4
965,995.1,,995.3,995.2,,995.4
965,995.1,,995.3,995.2,,995.4
968,998.1,998.2,998.4,998.3,998.5,998.6
969,999.1,999.2,999.4,999.3,999.5,999.6
970,1000.1,,1000.2,,1000.3,
970,1000.1,,1000.2,,1000.3,
973,1003.1,1003.2,1003.5,1003.4,1003.6,1003.8
976,1006.1,1006.2,1006.4,1006.3,1006.5,1006.6
977,1007.1,1007.2,1007.4,1007.3,1007.5,1007.6
978,1008.1,1008.2,1008.4,1008.3,1008.5,1008.6
979,1009.1,1009.2,1009.4,1009.3,1009.5,1009.6
980,1010.1,1010.2,1010.4,1010.3,1010.5,1010.6
981,1011.1,1011.2,1011.4,1011.3,1011.5,1011.6
983,1013.1,1013.2,1013.4,1013.3,1013.5,1013.6
986,1016.1,1016.2,1016.4,1016.3,1016.5,1016.6
992,1022.1,1022.2,1022.4,1022.3,1022.5,1022.6
993,1023.1,1023.2,1023.4,1023.3,1023.5,1023.6
997,1027.1,1027.2,1027.3,,1027.4,1027.5
997,1027.1,1027.2,1027.3,,1027.4,1027.5
997,1027.1,1027.2,1027.3,,1027.4,1027.5
1001,1031.1,1031.2,1031.4,1031.3,1031.5,1031.6
1003,1033.1,1033.2,1033.4,1033.3,1033.5,1033.6
1014,1044.1,1044.2,1044.4,1044.3,1044.5,1044.6
1015,1045.1,1045.2,1045.4,1045.3,1045.5,1045.6
1017,1047.1,1047.2,1047.4,1047.3,1047.5,1047.6
1018,1048.1,1048.2,1048.4,1048.3,1048.5,1048.6
1021,1051.1,1051.2,1051.4,1051.3,1051.5,1051.6
1022,1052.1,1052.2,1052.4,1052.3,1052.5,1052.6
1023,1053.1,1053.2,1053.4,1053.3,1053.5,1053.6
1024,1054.1,1054.2,1054.4,1054.3,1054.5,1054.6
1027,1057.1,1057.2,1057.4,1057.3,1057.5,1057.6
1030,1061.1,1061.2,1061.4,1061.3,1061.5,1061.6
1033,1064.1,1064.2,1064.4,1064.3,1064.5,1064.6
1038,1069.1,1069.2,1069.4,1069.3,1069.5,1069.6
1040,1071.1,1071.2,1071.4,1071.3,1071.5,1071.6
1041,1072.1,1072.2,1072.4,1072.3,1072.5,1072.6
1043,1074.1,1074.2,1074.4,1074.3,1074.5,1074.6
1044,1075.1,1075.2,1075.5,1075.4,1075.6,1075.8
1045,1076.1,1076.2,1076.5,1076.4,1076.6,1076.8
1050,1081.1,1081.2,1081.4,1081.3,1081.5,1081.6
1052,1083.1,1083.2,1083.4,1083.3,1083.5,1083.6
1053,1084.1,1084.2,1084.4,1084.3,1084.5,1084.6
1055,1086.1,1086.2,1086.4,1086.3,1086.5,1086.6
1056,1087.1,1087.2,1087.4,1087.3,1087.5,1087.6
1060,1091.1,1091.2,1091.5,1091.4,1091.6,1091.8
1061,1092.1,,1092.3,1092.2,,1092.4
1061,1092.1,,1092.3,1092.2,,1092.4
1061,1092.1,,1092.3,1092.2,,1092.4
1063,1094.1,1094.2,1094.4,1094.3,1094.5,1094.6
1064,1095.1,,1095.3,1095.2,,1095.4
1064,1095.1,,1095.3,1095.2,,1095.4
1064,1095.1,,1095.3,1095.2,,1095.4
1067,1098.1,1098.2,1098.3,,1098.4,
1067,1098.1,1098.2,1098.3,,1098.4,
1070,1101.1,1101.2,1101.5,1101.4,1101.6,1101.8
1071,1102.1,1102.2,1102.4,1102.3,1102.5,1102.6
1076,1107.1,1107.2,1107.4,1107.3,1107.5,1107.6
1078,1109.1,1109.2,1109.4,1109.3,1109.5,1109.6
1079,1110.1,1110.2,1110.4,1110.3,1110.5,1110.6
1081,1112.1,1112.2,1112.4,1112.3,1112.5,1112.6
1082,1113.1,,1113.3,1113.2,1113.4,1113.5
1083,1114.1,1114.2,1114.4,1114.3,1114.5,1114.6
1084,1115.1,1115.2,1115.4,1115.3,1115.5,1115.6
1085,1116.1,1116.2,1116.5,1116.4,1116.6,1116.8
1086,1117.1,1117.2,1117.4,1117.3,1117.5,1117.6
1087,1118.1,1118.2,1118.4,1118.3,1118.5,1118.6
1088,1119.1,1119.2,1119.4,1119.3,1119.5,1119.6
1119,1163.1,1163.2,1163.5,1163.3,1163.6,
1221,1272.1,1272.2,1272.4,1272.3,1272.5,1272.6
1224,1275.1,1275.2,1275.4,1275.3,1275.5,1275.6
1227,1278.1,1278.2,1278.4,1278.3,1278.5,1278.6
1229,1280.1,1280.2,1280.4,1280.3,1280.5,1280.6
1230,1281.1,1281.2,1281.4,1281.3,1281.5,1281.6
1231,1282.1,1282.2,1282.4,1282.3,1282.5,1282.6
1232,1283.1,1283.2,1283.4,1283.3,1283.5,1283.6
1233,1284.1,,1284.3,1284.2,1284.4,1284.5
1234,1285.1,1285.2,1285.4,1285.3,1285.5,1285.6
1235,1286.1,,1286.2,,,
1235,1286.1,,1286.2,,,
1236,1287.1,1287.2,1287.4,1287.3,1287.5,1287.6
1241,1292.1,1292.2,1292.4,1292.3,1292.5,1292.6
1246,1297.1,1297.2,1297.4,1297.3,1297.5,1297.6
1247,1298.1,1298.2,1298.4,1298.3,1298.5,1298.7
1249,1300.1,1300.2,1300.4,1300.3,1300.5,1300.7
1253,1304.1,,1304.3,1304.2,,1304.4
1253,1304.1,,1304.3,1304.2,,1304.4
1253,1304.1,,1304.3,1304.2,,1304.4
1254,1305.1,1305.2,1305.4,1305.3,1305.5,1305.6
1256,1307.1,1307.2,1307.4,1307.3,1307.5,1307.7
1258,1309.1,1309.2,1309.4,1309.3,1309.5,1309.6
1261,1312.1,1312.2,1312.4,1312.3,1312.5,1312.6
1262,1313.1,1313.2,1313.4,1313.3,1313.5,1313.6
1263,1314.1,1314.2,1314.4,1314.3,1314.5,1314.6
1264,1315.1,1315.2,1315.4,1315.3,1315.5,1315.6
1265,1316.1,,1316.3,1316.2,1316.4,1316.5
1266,1317.1,1317.2,1317.4,1317.3,1317.5,1317.6
1267,1319.1,1319.2,1319.4,1319.3,1319.5,1319.6
1270,1322.1,1322.2,1322.4,1322.3,1322.5,1322.6
1277,1329.1,1329.2,1329.5,1329.4,1329.6,1329.8
1285,1337.1,,1337.2,,1337.3,
1285,1337.1,,1337.2,,1337.3,
1286,1338.1,1338.2,1338.4,1338.3,1338.5,1338.6
1301,1356.1,1356.2,1356.3,,1356.4,
1301,1356.1,1356.2,1356.3,,1356.4,
1306,1363.1,1363.2,1363.4,1363.3,1363.5,1363.6
1308,1365.1,1365.2,1365.4,1365.3,1365.5,1365.6
1309,1366.1,1366.2,1366.4,1366.3,1366.5,1366.6
1323,1380.1,1380.2,1380.4,1380.3,1380.5,
1323,1380.1,1380.2,1380.4,1380.3,1380.5,
1450,1516.1,1516.2,1516.4,1516.3,1516.5,1516.6
1450,1516.1,1516.2,1516.4,1516.3,1516.5,1516.6
1450,1516.1,1516.2,1516.4,1516.3,1516.5,1516.6
1451,1517.1,1517.2,1517.4,1517.3,1517.5,1517.6
1451,1517.1,1517.2,1517.4,1517.3,1517.5,1517.6
1451,1517.1,1517.2,1517.4,1517.3,1517.5,1517.6
1459,1525.1,1525.2,1525.4,1525.3,1525.5,
1459,1525.1,1525.2,1525.4,1525.3,1525.5,
1462,1528.1,1528.2,1528.4,1528.3,1528.5,1528.6
1462,1528.1,1528.2,1528.4,1528.3,1528.5,1528.6
1462,1528.1,1528.2,1528.4,1528.3,1528.5,1528.6
1470,1536.1,1536.2,1536.4,1536.3,1536.5,1536.6
1470,1536.1,1536.2,1536.4,1536.3,1536.5,1536.6
1470,1536.1,1536.2,1536.4,1536.3,1536.5,1536.6
1471,1537.1,1537.2,1537.4,1537.3,1537.5,1537.6
1471,1537.1,1537.2,1537.4,1537.3,1537.5,1537.6
1471,1537.1,1537.2,1537.4,1537.3,1537.5,1537.6
1476,1542.1,1542.2,1542.4,1542.3,1542.5,1542.6
1476,1542.1,1542.2,1542.4,1542.3,1542.5,1542.6
1476,1542.1,1542.2,1542.4,1542.3,1542.5,1542.6
1478,1544.1,,1544.3,1544.2,1544.4,
1478,1544.1,,1544.3,1544.2,1544.4,
1479,1545.1,1545.2,1545.4,1545.3,1545.5,1545.6
1479,1545.1,1545.2,1545.4,1545.3,1545.5,1545.6
1479,1545.1,1545.2,1545.4,1545.3,1545.5,1545.6
1480,1546.1,1546.2,1546.4,1546.3,1546.5,1546.6
1480,1546.1,1546.2,1546.4,1546.3,1546.5,1546.6
1480,1546.1,1546.2,1546.4,1546.3,1546.5,1546.6
1481,1547.1,1547.2,1547.4,1547.3,1547.5,1547.6
1481,1547.1,1547.2,1547.4,1547.3,1547.5,1547.6
1481,1547.1,1547.2,1547.4,1547.3,1547.5,1547.6
1483,1549.1,,1549.3,1549.2,,
1483,1549.1,,1549.3,1549.2,,
1484,1550.1,1550.2,1550.4,1550.3,1550.5,1550.6
1484,1550.1,1550.2,1550.4,1550.3,1550.5,1550.6
1484,1550.1,1550.2,1550.4,1550.3,1550.5,1550.6
1485,1551.1,1551.2,1551.4,1551.3,1551.5,1551.6
1485,1551.1,1551.2,1551.4,1551.3,1551.5,1551.6
1485,1551.1,1551.2,1551.4,1551.3,1551.5,1551.6
1487,1553.1,1553.2,1553.4,1553.3,1553.5,1553.6
1487,1553.1,1553.2,1553.4,1553.3,1553.5,1553.6
1487,1553.1,1553.2,1553.4,1553.3,1553.5,1553.6
1489,1555.1,1555.2,1555.4,1555.3,1555.5,
1489,1555.1,1555.2,1555.4,1555.3,1555.5,
1493,1559.1,1559.2,1559.4,1559.3,1559.5,1559.6
1493,1559.1,1559.2,1559.4,1559.3,1559.5,1559.6
1493,1559.1,1559.2,1559.4,1559.3,1559.5,1559.6
1505,1571.1,1571.2,1571.4,1571.3,1571.5,1571.6
1505,1571.1,1571.2,1571.4,1571.3,1571.5,1571.6
1505,1571.1,1571.2,1571.4,1571.3,1571.5,1571.6
1507,1573.1,1573.2,1573.4,1573.3,1573.5,1573.6
1507,1573.1,1573.2,1573.4,1573.3,1573.5,1573.6
1507,1573.1,1573.2,1573.4,1573.3,1573.5,1573.6
1508,1574.1,1574.2,1574.4,1574.3,1574.5,
1508,1574.1,1574.2,1574.4,1574.3,1574.5,
1514,1580.1,1580.2,1580.4,1580.3,1580.5,1580.6
1514,1580.1,1580.2,1580.4,1580.3,1580.5,1580.6
1514,1580.1,1580.2,1580.4,1580.3,1580.5,1580.6
1516,1582.1,1582.2,1582.5,1582.4,1582.6,1582.8
1516,1582.1,1582.2,1582.5,1582.4,1582.6,1582.8
1516,1582.1,1582.2,1582.5,1582.4,1582.6,1582.8
1523,1589.1,1589.2,1589.4,1589.3,1589.5,1589.6
1523,1589.1,1589.2,1589.4,1589.3,1589.5,1589.6
1523,1589.1,1589.2,1589.4,1589.3,1589.5,1589.6
1524,1590.1,1590.2,1590.4,1590.3,1590.5,1590.6
1524,1590.1,1590.2,1590.4,1590.3,1590.5,1590.6
1524,1590.1,1590.2,1590.4,1590.3,1590.5,1590.6
1530,1596.1,1596.2,1596.4,1596.3,1596.5,
1530,1596.1,1596.2,1596.4,1596.3,1596.5,
1531,1597.1,1597.2,1597.4,1597.3,1597.5,1597.6
1531,1597.1,1597.2,1597.4,1597.3,1597.5,1597.6
1531,1597.1,1597.2,1597.4,1597.3,1597.5,1597.6
1534,1600.1,1600.2,1600.5,1600.4,1600.6,1600.7
1534,1600.1,1600.2,1600.5,1600.4,1600.6,1600.7
1534,1600.1,1600.2,1600.5,1600.4,1600.6,1600.7
1535,1601.1,1601.2,1601.4,1601.3,1601.5,
1535,1601.1,1601.2,1601.4,1601.3,1601.5,
1536,1602.1,1602.2,1602.5,1602.4,1602.6,1602.7
1536,1602.1,1602.2,1602.5,1602.4,1602.6,1602.7
1536,1602.1,1602.2,1602.5,1602.4,1602.6,1602.7
1537,1603.1,,1603.3,1603.2,,
1537,1603.1,,1603.3,1603.2,,
1544,1610.1,1610.2,1610.4,1610.3,1610.5,1610.6
1544,1610.1,1610.2,1610.4,1610.3,1610.5,1610.6
1544,1610.1,1610.2,1610.4,1610.3,1610.5,1610.6
1545,1611.1,1611.2,1611.4,1611.3,1611.5,
1545,1611.1,1611.2,1611.4,1611.3,1611.5,
1548,1614.1,1614.2,1614.4,1614.3,1614.5,1614.6
1548,1614.1,1614.2,1614.4,1614.3,1614.5,1614.6
1548,1614.1,1614.2,1614.4,1614.3,1614.5,1614.6
1551,1617.1,1617.2,1617.4,1617.3,1617.5,1617.6
1551,1617.1,1617.2,1617.4,1617.3,1617.5,1617.6
1551,1617.1,1617.2,1617.4,1617.3,1617.5,1617.6
1554,1620.1,1620.2,1620.4,1620.3,1620.5,
1554,1620.1,1620.2,1620.4,1620.3,1620.5,
1557,1623.1,1623.2,1623.4,1623.3,1623.5,
1557,1623.1,1623.2,1623.4,1623.3,1623.5,
1561,1627.1,1627.2,1627.4,1627.3,1627.5,1627.6
1561,1627.1,1627.2,1627.4,1627.3,1627.5,1627.6
1561,1627.1,1627.2,1627.4,1627.3,1627.5,1627.6
1563,1629.1,1629.2,1629.4,1629.3,1629.5,1629.6
1563,1629.1,1629.2,1629.4,1629.3,1629.5,1629.6
1563,1629.1,1629.2,1629.4,1629.3,1629.5,1629.6
1564,1630.1,1630.2,1630.4,1630.3,1630.5,1630.6
1564,1630.1,1630.2,1630.4,1630.3,1630.5,1630.6
1564,1630.1,1630.2,1630.4,1630.3,1630.5,1630.6
1569,1635.1,,1635.3,1635.2,,
1569,1635.1,,1635.3,1635.2,,
1570,1636.1,1636.2,1636.4,1636.3,1636.5,1636.6
1570,1636.1,1636.2,1636.4,1636.3,1636.5,1636.6
1570,1636.1,1636.2,1636.4,1636.3,1636.5,1636.6
1571,1637.1,1637.2,1637.4,1637.3,1637.5,1637.6
1571,1637.1,1637.2,1637.4,1637.3,1637.5,1637.6
1571,1637.1,1637.2,1637.4,1637.3,1637.5,1637.6
1572,1638.1,1638.2,1638.4,1638.3,1638.5,1638.6
1572,1638.1,1638.2,1638.4,1638.3,1638.5,1638.6
1572,1638.1,1638.2,1638.4,1638.3,1638.5,1638.6
1576,1642.1,1642.2,1642.4,1642.3,1642.5,
1576,1642.1,1642.2,1642.4,1642.3,1642.5,
1580,1646.1,1646.2,1646.4,1646.3,1646.5,1646.6
1580,1646.1,1646.2,1646.4,1646.3,1646.5,1646.6
1580,1646.1,1646.2,1646.4,1646.3,1646.5,1646.6
1585,1651.1,1651.2,1651.4,1651.3,1651.5,1651.6
1585,1651.1,1651.2,1651.4,1651.3,1651.5,1651.6
1585,1651.1,1651.2,1651.4,1651.3,1651.5,1651.6
1592,1658.1,1658.2,1658.4,1658.3,1658.5,1658.6
1592,1658.1,1658.2,1658.4,1658.3,1658.5,1658.6
1592,1658.1,1658.2,1658.4,1658.3,1658.5,1658.6
1593,1659.1,1659.2,1659.5,1659.4,1659.6,1659.8
1593,1659.1,1659.2,1659.5,1659.4,1659.6,1659.8
1593,1659.1,1659.2,1659.5,1659.4,1659.6,1659.8
1597,1663.1,1663.2,1663.4,1663.3,1663.5,
1597,1663.1,1663.2,1663.4,1663.3,1663.5,
1599,1665.1,1665.2,1665.4,1665.3,1665.5,1665.6
1599,1665.1,1665.2,1665.4,1665.3,1665.5,1665.6
1599,1665.1,1665.2,1665.4,1665.3,1665.5,1665.6
1602,1668.1,1668.2,1668.4,1668.3,1668.5,1668.6
1602,1668.1,1668.2,1668.4,1668.3,1668.5,1668.6
1602,1668.1,1668.2,1668.4,1668.3,1668.5,1668.6
1604,1670.1,1670.2,1670.4,1670.3,1670.5,1670.6
1604,1670.1,1670.2,1670.4,1670.3,1670.5,1670.6
1604,1670.1,1670.2,1670.4,1670.3,1670.5,1670.6
1612,1678.1,1678.2,1678.4,1678.3,1678.5,1678.6
1612,1678.1,1678.2,1678.4,1678.3,1678.5,1678.6
1612,1678.1,1678.2,1678.4,1678.3,1678.5,1678.6
1613,1679.1,1679.2,1679.4,1679.3,1679.5,
1613,1679.1,1679.2,1679.4,1679.3,1679.5,
1614,1680.1,,1680.3,1680.2,,
1614,1680.1,,1680.3,1680.2,,
1616,1682.1,1682.2,1682.4,1682.3,1682.5,1682.6
1616,1682.1,1682.2,1682.4,1682.3,1682.5,1682.6
1616,1682.1,1682.2,1682.4,1682.3,1682.5,1682.6
1618,1684.1,1684.2,1684.4,1684.3,1684.5,
1618,1684.1,1684.2,1684.4,1684.3,1684.5,
1621,1687.1,1687.2,1687.4,1687.3,1687.5,
1621,1687.1,1687.2,1687.4,1687.3,1687.5,
1622,1688.1,1688.2,1688.4,1688.3,1688.5,
1622,1688.1,1688.2,1688.4,1688.3,1688.5,
1623,1689.1,,1689.3,1689.2,1689.4,
1623,1689.1,,1689.3,1689.2,1689.4,
1627,1693.1,1693.2,1693.5,1693.4,1693.6,1693.8
1627,1693.1,1693.2,1693.5,1693.4,1693.6,1693.8
1627,1693.1,1693.2,1693.5,1693.4,1693.6,1693.8
1629,1695.1,1695.2,1695.4,1695.3,1695.5,
1629,1695.1,1695.2,1695.4,1695.3,1695.5,
1632,1698.1,1698.2,1698.4,1698.3,1698.5,
1632,1698.1,1698.2,1698.4,1698.3,1698.5,
1639,1705.1,1705.2,1705.4,1705.3,1705.5,
1639,1705.1,1705.2,1705.4,1705.3,1705.5,
1642,1708.1,1708.2,1708.4,1708.3,1708.5,1708.6
1642,1708.1,1708.2,1708.4,1708.3,1708.5,1708.6
1642,1708.1,1708.2,1708.4,1708.3,1708.5,1708.6
1646,1712.1,1712.2,1712.4,1712.3,1712.5,
1646,1712.1,1712.2,1712.4,1712.3,1712.5,
1649,1715.1,1715.2,1715.4,1715.3,1715.5,1715.6
1649,1715.1,1715.2,1715.4,1715.3,1715.5,1715.6
1649,1715.1,1715.2,1715.4,1715.3,1715.5,1715.6
1664,1730.1,1730.2,1730.4,1730.3,1730.5,1730.6
1664,1730.1,1730.2,1730.4,1730.3,1730.5,1730.6
1664,1730.1,1730.2,1730.4,1730.3,1730.5,1730.6
1671,1737.1,1737.2,1737.4,1737.3,1737.5,1737.6
1671,1737.1,1737.2,1737.4,1737.3,1737.5,1737.6
1671,1737.1,1737.2,1737.4,1737.3,1737.5,1737.6
1677,1743.1,1743.2,1743.4,1743.3,1743.5,
1677,1743.1,1743.2,1743.4,1743.3,1743.5,
1681,1747.1,1747.2,1747.4,1747.3,1747.5,1747.6
1681,1747.1,1747.2,1747.4,1747.3,1747.5,1747.6
1681,1747.1,1747.2,1747.4,1747.3,1747.5,1747.6
1683,1749.1,1749.2,1749.4,1749.3,1749.5,1749.6
1683,1749.1,1749.2,1749.4,1749.3,1749.5,1749.6
1683,1749.1,1749.2,1749.4,1749.3,1749.5,1749.6
1684,1750.1,1750.2,1750.4,1750.3,1750.5,1750.6
1684,1750.1,1750.2,1750.4,1750.3,1750.5,1750.6
1684,1750.1,1750.2,1750.4,1750.3,1750.5,1750.6
1693,1759.1,1759.2,1759.5,1759.4,1759.6,1759.8
1693,1759.1,1759.2,1759.5,1759.4,1759.6,1759.8
1693,1759.1,1759.2,1759.5,1759.4,1759.6,1759.8
1698,1764.1,1764.2,1764.4,1764.3,1764.5,1764.6
1698,1764.1,1764.2,1764.4,1764.3,1764.5,1764.6
1698,1764.1,1764.2,1764.4,1764.3,1764.5,1764.6
1699,1765.1,1765.2,1765.4,1765.3,1765.5,1765.6
1699,1765.1,1765.2,1765.4,1765.3,1765.5,1765.6
1699,1765.1,1765.2,1765.4,1765.3,1765.5,1765.6
1700,1766.1,1766.2,1766.4,1766.3,1766.5,1766.6
1700,1766.1,1766.2,1766.4,1766.3,1766.5,1766.6
1700,1766.1,1766.2,1766.4,1766.3,1766.5,1766.6
1704,1770.1,1770.2,1770.4,1770.3,1770.5,1770.6
1704,1770.1,1770.2,1770.4,1770.3,1770.5,1770.6
1704,1770.1,1770.2,1770.4,1770.3,1770.5,1770.6
1708,1774.1,1774.2,1774.4,1774.3,1774.5,1774.6
1708,1774.1,1774.2,1774.4,1774.3,1774.5,1774.6
1708,1774.1,1774.2,1774.4,1774.3,1774.5,1774.6
1709,1775.1,1775.2,1775.4,1775.3,1775.5,
1709,1775.1,1775.2,1775.4,1775.3,1775.5,
1710,1776.1,1776.2,1776.4,1776.3,1776.5,1776.6
1710,1776.1,1776.2,1776.4,1776.3,1776.5,1776.6
1710,1776.1,1776.2,1776.4,1776.3,1776.5,1776.6
1711,1777.1,1777.2,1777.4,1777.3,1777.5,1777.6
1711,1777.1,1777.2,1777.4,1777.3,1777.5,1777.6
1711,1777.1,1777.2,1777.4,1777.3,1777.5,1777.6
1719,1785.1,1785.2,1785.4,1785.3,1785.5,
1719,1785.1,1785.2,1785.4,1785.3,1785.5,
1721,1787.1,1787.2,1787.4,1787.3,1787.5,1787.6
1721,1787.1,1787.2,1787.4,1787.3,1787.5,1787.6
1721,1787.1,1787.2,1787.4,1787.3,1787.5,1787.6
1729,1795.1,1795.2,1795.4,1795.3,1795.5,
1729,1795.1,1795.2,1795.4,1795.3,1795.5,
1730,1796.1,1796.2,1796.4,1796.3,1796.5,
1730,1796.1,1796.2,1796.4,1796.3,1796.5,
1739,1805.1,1805.2,1805.4,1805.3,1805.5,1805.6
1739,1805.1,1805.2,1805.4,1805.3,1805.5,1805.6
1739,1805.1,1805.2,1805.4,1805.3,1805.5,1805.6
1740,1806.1,1806.2,1806.4,1806.3,1806.5,1806.6
1740,1806.1,1806.2,1806.4,1806.3,1806.5,1806.6
1740,1806.1,1806.2,1806.4,1806.3,1806.5,1806.6
1741,1807.1,1807.2,1807.4,1807.3,1807.5,1807.6
1741,1807.1,1807.2,1807.4,1807.3,1807.5,1807.6
1741,1807.1,1807.2,1807.4,1807.3,1807.5,1807.6
1745,1811.1,1811.2,1811.4,1811.3,1811.5,1811.6
1745,1811.1,1811.2,1811.4,1811.3,1811.5,1811.6
1745,1811.1,1811.2,1811.4,1811.3,1811.5,1811.6
1754,1823.1,1823.2,1823.4,1823.3,1823.5,1823.6
1761,1830.1,1830.2,1830.4,1830.3,1830.5,1830.6
1765,1834.1,1834.2,1834.4,1834.3,1834.5,
1774,1845.1,1845.2,1845.4,1845.3,1845.5,1845.6
1775,1846.1,1846.2,1846.4,1846.3,1846.5,1846.6
1776,1847.1,1847.2,1847.4,1847.3,1847.5,1847.6
1778,1849.1,1849.2,1849.4,1849.3,1849.5,1849.6
