corpus_id,entry_no,definition,prediction,present,present_1sg,imperfective,perfective,imperative,infinitive
4,8,it’s bouncing,FullEventful,atatek,katatek,atatek,utatinvhs,hatatuka,utatinvt
5,9,he/she is limping,FullEventful,atatek,katatek,atatek,utatehs,hatatuka,utatinvt
6,10,he/she is bouncing it,FullEventful,atatinvtih,katatinvtih,atatinvtihsk,utatinvthan,hatatinvta,utatinvtoht
7,11,he/she is putting on a belt,FullEventful,atatlohih,katatlohih,atatlohih,utatlolh,hatatloka,utatlohst
10,14,he/she is praying,FullEventful,atatolihstih,katatolihstih,atatolihstihsk,utatolihsthan,hatatolihsta,utatolihstoht
16,20,he/she is fanning himself/herself,FullEventful,atanhoyeh,katanoyeh,atanhoyehsk,utanhoyeh,hatanhoyvla,utanhoyeht
18,22,he/she is visiting,FullEventful,atawhahthvhitoh,katawahthvhitoh,atawhahthvhitoh,utawhahthvhitol,hatawhahthvhita,utawhahthvhitahst
19,23,he/she is stretching,FullEventful,atayhahstih,katayahstih,atayhahstihsk,utayhahsthan,hatayhahsta,utayhahstoht
21,25,he/she is denying him/her,FullEventful,atayhih,tsiyata'yih,atayhih,utayhil,hiyatayika,utayhst
22,26,he/she is committing adultery,FullEventful,atayhoneh,katayoneh,atayhoneh,utayhonel,hatayhonvla,utayhoneht
25,29,it’s ripping,FullEventful,atatsakalih,katatsakali',atatsakalihsk,utatsakalvh,hatatsakala,utatsakalht
27,31,he/she is looking at himself/herself in a mirror,FullEventful,atakheh,katakheh,atakhehsk,utakheh,hatakhvla,utakheht
29,33,it’s beginning,FullEventful,atalenih,,atalenihsk,utalenvh,,utalenht
30,34,he/she is shopping,FullEventful,atananehsvhvhsk,katananehsvhvhsk,atananehsvhvhsk,utananehsvnh,hatananehsvhvka,utananehsvhvhst
32,36,he/she is taking off running,FullEventful,atanawhstih,katanawhstih,atanawhstihsk,utanawhsthan,hatanawhsta,utanawhstoht
33,37,he/she is changing,FullEventful,atanetliyv',katanetliyv',atanetliyvhsk,utanetliyvhs,hatanetliyvna,utanetliyvhst
34,38,he/she is taking turns with him/her,FullEventful,atanetliyvhstih,katanetliyvhstih,atanetliyvhstihsk,utanetliyvhsthan,hatanetliyvhsta,utanetliyvhstoht
39,43,he/she is thinking,FullEventful,atanhtheh,katanvtheh,atanhthehsk,utanhthelh,hatanhthvla,utanhtheht
41,45,he/she is pondering,FullEventful,atanhthehilo',katanvthehilo',atanhthehilohsk,utanhthehilo',hatanhthehilotsa,utanhthehilohst
42,46,he/she is making noise,FullEventful,atanoyhvlhihstih,katanoyvlihstih,atanoyhvlhihstihsk,utanoyhvlhihsthan,hatanoyhvlhihsta,utanoyhvlhihstoht
43,47,he/she is crawling,FullEventful,atanhsin,katanahsin,atanhsinek,utanhsinvhs,hatanhsinuka,utanhsinvhst
44,48,it’s twisting,FullEventful,atanutheyoh,katanutheyoh,atanutheyoh,utanutheyol,hatanutheyaka,utanutheyot
45,49,he/she is moving from one place to another,FullEventful,atanv',kata'nv',ata'nvhsk,uta'nvhs,hata'nvna,uta'nvhst
46,50,he/she is ordering it,FullEventful,atanvhsk,katanvhsk,atanvhsk,utanvhs,hatanvla,utanvhst
48,52,he/she is cooking a meal,FullEventful,atahstayvhvhsk,katahstayvhvhsk,atahstayvhvhsk,utahstayvnh,hatahstayvhvka,utahstayht
51,55,it’s burning (refers to flames),FullEventful,atawelaki',katawelaki',atawelakihsk,utawelak,hatawelaka,utawelakihst
54,58,he/she is resting,FullEventful,atawehsolvhstih,katawehsolvhstih,atawehsolvhstihsk,utawehsolvhsthan,hatawehsolvhsta,utawehsolvhstoht
56,60,he/she is bathing,FullEventful,atawo',katawo',atawohsk,utawo',hatawotsa,utawohst
59,63,he/she is giving him/her it (refers to a long object),FullEventful,ateh,tsiteh,ateh,utel,hitihsi,uteht
60,64,he/she is learning,FullEventful,atelhohkwa',katelohkwa',atelhohkwahsk,utelhohkwa',hatelhohkwa,utelhohkwahst
61,65,he/she is embarrassing him/her,FullEventful,atehohihstih,tsiyate'ohihstih,atehohihstihsk,utehohihsthan,hiyate'ohihsta,utehohihstoht
62,66,he/she is embarrassed,FullEventful,atehohsk,kate'ohsk,atehohsk,utehohs,hatehohi,utehohihst
63,67,he/she is being born,FullEventful,atehvhsk,kate'vhsk,atehvhsk,utenh,hatehvka,uteht
67,71,he/she is finding it out,FullEventful,atelohohsk,katelo'ohsk,atelohohsk,utelohohs,hatelohohi,utelohohihst
69,73,he/she is diving,FullEventful,atethvhsk,katetvhsk,atethvhsk,utethin,hatethvka,utetht
70,74,he/she is going around a curve,FullEventful,ateyoh,kateyoh,ateyoh,uteyol,hateyaka,uteyhst
72,76,he/she is laying it down (refers to a long object),FullEventful,ati',tsiti',atihsk,ut,hita,utihst
73,77,he/she is rising (from a prone position),FullEventful,atitih,katiti',atitihsk,utitvh,hatita,utitht
74,78,he/she is scattering it,FullEventful,atikaleya',katikaleya',atikaleyahsk,utikaley,hatikaleya,utikaleyahst
75,79,it’s scattering,FullEventful,atikaleyok,,atikaleyok,utikaleyots,,utikaleyoyhst
76,80,he/she is spinning,FullEventful,atikwalvteyoh,katikwalvteyoh,atikwalvteyoh,utikwalvteyol,hatikwalvteyaka,utikwalvteyhst
77,81,he/she is saying it,FullEventful,atih,kati',atihsk,utvnh,hata,utht
78,82,he/she is running over him/her,FullEventful,atinvtih,tsiyatinvtih,atinvtihsk,utinvthan,hiyatinvta,utinvtoht
79,83,he/she is hiding,FullEventful,atihskalhvhsk,katihskalhvhsk,atihskalhvhsk,utihskalhan,hatihskalhvka,utihskalht
80,84,he/she is leaving it behind (refers to a long object),FullEventful,atihsiya',tsitihsiya',atihsiyahsk,utihsiy,hitihsiya,utihsiyahst
82,86,he/she is drinking it,FullEventful,atithahsk,katithahsk,atithahsk,utithah,hatitha,utithahst
85,89,he/she is scratching,FullEventful,atlakohsk,katlakohsk,atlakohsk,utlakohs,hatlakola,utlakohst
87,91,he/she is turning off the road,FullEventful,atle',katle',atlehsk,utlehs,hatlaki,utlehst
88,92,he/she is taking revenge against him/her,FullEventful,atletsheh,tsiyatletsheh,atletsheh,utletshel,hiyatletshihsi,utletsheht
92,96,he/she is pouring liquid into a container,FullEventful,atli',tsitli',atlihsk,utl,hitlika,utlihst
94,98,it’s pouring into a container (refers to liquid),FullEventful,atlik,,atlik,utlits,,utliyhst
95,99,he/she is drawing a liquid out of a container,FullEventful,atlih,tsitli',atlihsk,utlvh,hitla,utlvht
96,100,he/she is pouring a liquid into a container,FullEventful,atlihstih,tsitlihstih,atlihstihsk,utlihsthan,hitlihsta,utlihstoht
98,102,he/she is crying,FullEventful,atloyhih,katloyih,atloyhih,utloyhil,hatloyhka,utloyhst
99,103,he/she is getting off,FullEventful,atloyhsk,katloyhsk,atloyhsk,utloyhs,hatlohi,utlohihst
100,104,he/she is bragging,FullEventful,atlvkwhsk,katlvkwahsk,atlvkwhsk,utlvkwhs,hatlvkwha,utlvkwhihst
101,105,he/she is catching up with him/her,FullEventful,atlvthahsk,tsiyatlvthahsk,atlvthahsk,utlvthah,hiyatlvtha,utlvthahst
106,110,he/she is doing it,FullEventful,atvneh,katvneh,atvneh,utvnel,hatvka,utvnht
107,111,he/she is acting silly,FullEventful,atvnelih,katvnelih,atvnelihsk,utvnelvnh,hatvnela,utvnelht
109,113,he/she is preparing it,FullEventful,atvnv'ihstih,katvnv'ihstih,atvnv'ihstihsk,utvnv'ihsthan,hatvnv'ihsta,utvnv'ihstoht
112,116,it is shining (refers to sun or moon),FullEventful,akalih,,akalihsk,ukalihs,,ukalihihst
113,117,he/she is breaking it (refers to a flexible object),FullEventful,akalhsk,tsikalhsk,akalhsk,ukalhs,hika'la,ukalhst
115,119,he/she is licking it,FullEventful,akanati',tsikanati',akanatihsk,ukanat,hikanata,ukanatihst
117,121,he/she is warming it,FullEventful,akanawhtih,tsikanawotih,akanawhtihsk,ukanawhthan,hikanawhta,ukanawhtoht
118,122,it’s getting warm,FullEventful,akanawohsk,,akanawohsk,ukanawohs,,ukanawohihst
119,123,it’s raining,FullEventful,akahsk,,akahsk,ukanhan,,ukanht
127,132,he/she is eating it (refers to a single solid food),FullEventful,aki',tsiki',akihsk,uk,hika,ukihst
128,133,he/she is picking it up,FullEventful,aki',tsiki',akihsk,ukihs,hiki,ukihst
130,135,he/she is in agony,FullEventful,akilhiyok,tsikiliyok,akilhiyok,ukilhiyots,hikilhiyoki,ukilhiyohst
133,138,he/she is chewing it,FullEventful,akihsto',tsikihsto',akihstohsk,ukihsto',hikihstotsa,ukihstohst
135,140,he/she is burning him/her,FullEventful,akohvhstih,tsiyakohvhstih,akohvhstihsk,ukohvhsthan,hiyakohvhsta,ukohvhstoht
136,141,it’s burning,FullEventful,akohvhsk,kakohvhsk,akohvhsk,ukonh,hakonha,ukohvhst
138,143,he/she is reading,FullEventful,akoliye',tsikoliye',akoliyehsk,ukoliye',hikoliya,ukoliyet
140,145,he/she is target practicing,FullEventful,akonih,kakonih,akonihsk,ukonvh,hakona,ukonht
143,148,he/she sees him/her,FullEventful,akowhthih,tsikowhthih,akowhthihsk,ukoh,hikowahtha,ukowhthvht
145,150,he/she is showing it to him/her,FullEventful,akowhthvhtih,tsikowhthvhtih,akowhthvhtihsk,ukowhthvhthan,hikowhthvhta,ukowhthvhtoht
148,153,he/she is cutting it,FullEventful,akvhalih,tsikv'alih,akvhalihsk,ukvhalvh,hikvhala,ukvhalht
149,154,he/she is chopping it up,FullEventful,akvhaluyhsk,tsikv'aluyhsk,akvhaluyhsk,ukvhaluyh,hikvhaluyha,ukvhaluyhst
152,157,he/she is scolding him/her,FullEventful,akvhskolvhsk,tsikvhskolvhsk,akvhskolvhsk,ukvhskolvn,hikvhskolv'vka,ukvhskolvt
153,158,he/she is washing his face,FullEventful,akvhskwo',kakvhskwo',akvhskwohsk,ukvhskwo',hakvhskwotsa,ukvhskwohst
155,161,he/she is diverting him/her,FullEventful,ahaluki',tsi'aluki',ahalukihsk,uhalukihs,hi'aluki,uhalukihst
158,164,he/she is smothering him/her,FullEventful,ahawohstih,tsi'awohstih,ahawohstihsk,uhawohsthan,hi'awohsta,uhawohstoht
160,166,he/she is handling it,FullEventful,ahitoh,tsi'itoh,ahitoh,uhitol,hihita,uhitahst
161,167,he/she is killing him/her,FullEventful,ahih,tsi'ih,ahih,ulh,hiluka,uhihst
162,168,he/she has possession of a vehicle,FullEventful,ahi'leh,tsi'ileh,ahi'leh,,,uhi'lvhst
163,169,he/she is driving it (refers to a vehicle in motion or animal),FullEventful,ahi'l,tsi'il,ahi'lihs,uhi'lvhs,,uhi'lvhst
165,171,he/she is leaving it behind,FullEventful,ahiya',tsi'iya',ahiyahsk,uhiy,hihiya,uhiyahst
166,172,he/she is placing it on something,FullEventful,alhahvhsk,tsilhahvhsk,alhahvhsk,ulhanh,hilhahvka,ulhoht
167,173,he/she is taking off flying,FullEventful,alhawitih,katlawitih,alhawitihsk,ulhawitvh,halhawita,ulhawitht
169,175,he/she is making him/her fly,FullEventful,alhawithtih,tsiyatlawithtih,alhawithtihsk,ulhawithtan,hiyatlawithta,ulhawithtoht
171,177,he/she is having a nightmare,FullEventful,alhiki',katliki',alhikihsk,ulhikihs,halhiki,ulhikihst
172,178,it’s taking time,FullEventful,alhi'ilitoh,,alhi'ilitoh,ulhi'ilitol,,ulhi'ilitahst
173,179,he/she is measuring it,FullEventful,alhilo',katlilo',alhilohsk,ulhilo',halhilotsa,ulhilohst
175,181,it’s bending,FullEventful,alhiyvhkwitvhsk,,alhiyvhkwitvhsk,ulhiyvhkwitvn,,ulhiyvhkwitvt
176,182,he/she is snorting,FullEventful,alhiyvhsanawhstih,kaliyvhsanawhstih,alhiyvhsanawhstihsk,ulhiyvhsanawhsthan,halhiyvhsanawhsta,ulhiyvhsanawhstoht
177,183,he/she is preaching,FullEventful,alhtsatohvhsk,kalitsatohvhsk,alhtsatohvhsk,ulhtsatonh,halhtsatohvka,ulhtsatht
179,185,it’s shattering,FullEventful,alhkhotvhsk,,alhkhotvhsk,ulhkhotvnh,,
180,186,he/she is shattering it,FullEventful,alhkhothtih,kalikhothtih,alhkhothtihsk,ulhkhoththan,halhkhothta,ulhkhothtoht
182,188,he/she is beating him/her at a game,FullEventful,alhohsk,tsilhohsk,alhohsk,ulhohs,hilhohi,ulhohihst
183,189,he/she is combing his/her hair,FullEventful,alhthawo',kalithawo',alhthawohsk,ulhthawo',halhthawotsa,ulhthawohst
185,191,he/she is moving (without changing location),FullEventful,alhthelvhvhsk,kalithelvhvhsk,alhthelvhvhsk,ulhthelvnh,halhthelvhvka,ulhthelht
186,192,he/she is changing his/her shirt,FullEventful,anhawa'iyv',kaniwa'iyv',anhawa'iyvhsk,unhawa'iyvhs,hanhawa'iyvna,unhawa'iyvhst
187,193,he/she is taking his/her shirt off,FullEventful,anhawe',kaniwe',anhawehsk,unhawehs,hanhawaki,unhawehst
189,195,he/she is putting on a shirt,FullEventful,anhawo',kaniwo',anhawohsk,unhawo',hanhawotsa,unhawohst
190,196,he/she is giving it to him/her,FullEventful,anheh,tsineh,anheh,unhel,hi'vhsi,unheht
191,197,he/she is wrestling,FullEventful,anhehih,kanhehih,anhehih,unhelh,hanheka,unhehst
192,198,he/she is interpreting it,FullEventful,anhelhtih,kanelhtih,anhelhtihsk,unhelhthan,hanhelhta,unhelhtoht
194,200,he/she is frolicking,FullEventful,anhetsohsk,kanetsohsk,anhetsohsk,unhetson,hanhetso'vka,unhetsot
195,201,he/she is building a house,FullEventful,anhehskeh,kanehskeh,anhehskehsk,unhehskeh,hanhehskvla,unhehskeht
196,202,he/she is leaving,FullEventful,anhiki',kaniki',anhikihsk,unhikihs,hanhiki,unhikihst
197,203,he/she is starting it,FullEventful,anhikihstih,kanikihstih,anhikihstihsk,unhikihsthan,hanhikihsta,unhikihstoht
198,204,he/she is carrying it on his/her shoulder (refers to a long object),FullEventful,anholhinek,kanolhinek,anholhinek,unholhinvhs,hanholhinuka,unholhinvhst
200,206,he/she is putting it in liquid (refers to a long object),FullEventful,ahuti',tsi'uti',ahutihsk,uhut,hihuta,uhutihst
204,210,he/she is hitting him/her on the mouth,FullEventful,ahulvnih,tsi'ulvnih,ahulvnih,uhulvnil,hi'ulvnika,uhulvnihst
205,211,he/she is moving it from one place to another,FullEventful,ahv',tsi'v',ahvhsk,uhvhs,hihvna,uhvhst
206,212,he/she is setting it down,FullEventful,ahvhsk,tsi'vhsk,ahvhsk,unh,hihvka,uht
207,213,he/she is finding him/her,FullEventful,awhahthih,tsiwahthih,awhahthihsk,uwhahthvh,hiwahtha,uwhahthvht
208,214,he/she is visiting him/her,FullEventful,awhahthvhitoh,tsiwahthvhitoh,awhahthvhitoh,uwhahthvhitol,hiwahthvhita,uwhahthvhitahst
209,215,he/she is taking it somewhere,FullEventful,awhitih,tsiwitih,awhitihsk,uwhitvh,hiwhita,uwitht
210,216,he/she is planting it,FullEventful,awhihsk,tsiwihsk,awhihsk,uwhihs,hiwhi,uwhihst
212,218,he/she is peeling it,FullEventful,ayhahkhetsk,tsiyahkhetsk,ayhahkhetsk,uyhahkhets,hiyhahkhetsa,uyhahkhetst
214,220,it’s becoming frosty (refers to the ground),FullEventful,ayhahthvhvhsk,,ayhahthvhvhsk,uyhahthvnh,,uyhahthvtht
215,221,he/she is calling him/her,FullEventful,ayhanih,tsiyanih,ayhanihsk,uyhanvh,hiyana,uyhanht
216,222,he/she is taking it somewhere by hand,FullEventful,ayhek,tsiyek,ayhek,uyhvhs,hiyhuka,uyhvhst
217,223,he/she is holding it in his/her hand,FullEventful,ayheh,tsiyeh,ayheh,ayheh,,
218,224,he/she is quilting it,FullEventful,ayhehkalhvhsk,tsiyehkalhvhsk,ayhehkalhvhsk,uyhehkalhan,hiyhehkalhvka,uyhehkalht
219,225,he/she is making an incision,FullEventful,ayhelhoh,tsiyelhoh,ayhelhoh,uyhelhal,hiyelaka,uyhelhst
220,226,he/she is imitating him/her,FullEventful,ayheli',tsiyeli',ayhelihsk,uyhelihs,hiyela,uyhelihst
222,228,he/she is looking for him/her,FullEventful,ayhoh,tsiyoh,ayhoh,uyhal,hiyhka,uyhst
223,229,he/she is swimming (refers to propelling oneself through the water),FullEventful,ayhu'inek,kayu'inek,ayhu'inek,uyhu'invhs,hayhu'inuka,uyhu'invhst
224,230,it’s thundering,FullEventful,ayhvtakwalo',,ayhvtakwalohsk,uyhvtakwalo',,uyhvtakwalohst
228,234,he/she is bending it,FullEventful,ayhvhkwitvhsk,tsiyvhkwitvhsk,ayhvhkwitvhsk,uyhvhkwitvn,hiyhvhkwitv'vka,uyhvhkwitvt
230,236,he/she is kicking him/her,FullEventful,ayhvhthe',tsiyayvhthe',ayhvhthehsk,uyhvhthehs,hiyayhthaki,uyhvhthehst
232,238,he/she is capturing him/her,FullEventful,ayhvkhiti',tsiyvkhiti',ayhvkhitihsk,uyhvkhit,hiyvkhita,uyhvkhitihst
233,239,he/she is hitting him/her on the nose,FullEventful,ayhvhsteluhvhsk,tsiyvhsteluhvhsk,ayhvhsteluhvhsk,uyhvhstelunh,hiyvhsteluhvka,uyhvhsteluht
234,240,he/she is choking him/her,FullEventful,ayhvhskiyih,tsiyvhskiyih,ayhvhskiyihsk,uyhvhskiyvh,hiyvhskiya,uyhvhskiyht
235,241,he/she is walking,FullEventful,a',ka',a'ihs,a'ihs,,
238,244,it’s hatching,FullEventful,atsa'i',katsa'i',atsa'ihsk,utsa'ihs,hatsa'i,utsa'ihst
239,245,he/she is dressing up,FullEventful,atsanvhsk,katsanvhsk,atsanvhsk,utsanvnh,hatsanvna,utsanvht
240,246,he/she is getting in (in a car‚ box‚ etc),FullEventful,atsa'vhsk,katsa'vhsk,atsa'vhsk,utsan,hatsa'vka,utsot
242,248,he/she is acting like him/her,FullEventful,atselvhsk,katselvhsk,atselvhsk,utselvnh,hatselvna,utselht
244,250,he/she is spilling it (refers to a liquid or non-liquid like salt‚ sugar),FullEventful,atsewi',katsewi',atsewihsk,utsew,hatsewa,utsewahst
250,256,it’s blooming,FullEventful,atsilvhsk,,atsilvhsk,utsilvnh,,utsilht
253,259,he/she is lighting a fire,FullEventful,atsihslhvhsk,tsitsihslhvhsk,atsihslhvhsk,utsihslhan,hitsihslhvka,utsihslhvhst
254,260,he/she is blowing,FullEventful,atsothahsk,katsothahsk,atsothahsk,utsothah,hatsotha,utsothahst
255,261,he/she is turning on a light,FullEventful,atsvhsthvhsk,tsitsvhsthvhsk,atsvhsthvhsk,utsvhsthan,hitsvhsthvka,utsvhsthvhst
259,266,he/she is chasing him/her,FullEventful,akhehek,tsikhehek,akhehek,ukhehvhs,hikhehuka,ukhehvhst
261,268,he/she is riding it (refers to anything that can be straddled),FullEventful,akhilvtih,tsiyakhilvtih,akhilvtihsk,ukhilvthan,hiyakhilvta,ukhilvtoht
263,270,he/she is swallowing it,FullEventful,akhihsk,tsi'kihsk,akhihsk,ukhihs,hikhihi,ukhihihst
266,273,he/she is shovelling it,FullEventful,akhote',tsikhote',akhotehsk,ukhotehs,hikhotaki,ukhotehst
270,277,he/she is going down-hill,FullEventful,akhsohsk,tsikahsohsk,akhsohsk,ukhsohs,hikhsohi,ukhsohihst
273,280,he/she knows how,FullEventful,akhthah,tsikathah,akhthah,,,
276,283,he/she is turning back,FullEventful,akhthahv',kakathahv',akhthahvhsk,ukhthahvhs,hakhthahvna,ukhthahvhst
277,284,he/she is winking,FullEventful,akhthahstih,kakathahstih,akhthahstihsk,ukhthahsthan,hakhthahsta,ukhthahstoht
278,285,he/she is hitting him/her on the eye,FullEventful,akhtheluhvhsk,tsikatheluhvhsk,akhtheluhvhsk,ukhthelunh,hikatheluhvka,ukhtheluht
280,287,he/she is looking around,FullEventful,akhthenoh,tsikathenoh,akhthenoh,ukhthenol,hikhthenaka,ukhthenahst
281,288,he/she is peeking through,FullEventful,akhthih,kakathih,akhthihsk,ukhthanh,hakhtha,ukhthoht
283,290,he/she is waiting for him/her,FullEventful,akhthiy,tsikathiy,akhthiy,ukhthit,hikathita,ukhthitihst
286,293,he/she is becoming wise,FullEventful,akhthohvhsk,tsikathohvhsk,akhthohvhsk,ukhthohvhs,hikhtho'vhi,ukhtho'vhihst
288,295,he/she is looking at him/her,FullEventful,akhthohst,tsiyakathohst,akhthohstihsk,ukhthohsthan,hiyakathohsta,ukhthohstoht
290,297,he/she is going through it,FullEventful,akhthvlehsk,tsikathvlehsk,akhthvlehsk,ukhthvlehs,hikhthvlehi,ukhthvlehihst
291,298,he/she is dipping liquid,FullEventful,akhuki',tsi'kuki',akhukihsk,ukhukihs,hikhuki,ukhukihst
293,300,he/she is paying it,FullEventful,akwhiyih,kakwiyih,akwhiyihsk,ukwhiyvh,hakwhiya,ukwhiyht
294,301,he/she is paying him/her,FullEventful,akwhiyv'eh,tsiyakwiyv'eh,akwhiyv'eh,ukwhiyv'el,hiyakwiyvhsi,ukwhiyv'eht
296,303,he/she is tromping on him/her,FullEventful,alahsta'eh,tsiyalahsta'eh,alahsta'ehsk,ulahsta'elh,hiyalahsta'vla,ulahsta'eht
297,304,he/she is stepping on him/her,FullEventful,alahstvhsk,tsiyalahstvhsk,alahstvhsk,ulahstvn,hiyalahstv'vka,ulahstvt
298,305,he/she is playing ball,FullEventful,alahskalih,kalahskalih,alahskalihsk,ulahskalvh,halahskala,ulahskalht
300,307,he/she is taking a step,FullEventful,alahskv',kalahskv',alahskvhsk,ulahskvhs,halahskvna,ulahskvhst
305,312,he/she is placing it in an upright position (refers to a long object),FullEventful,alehtih,kaletih,alehtihsk,ulehthan,halehta,ulehtoht
306,313,he/she is standing in a certain spot,FullEventful,alehvhsk,kale'vhsk,alehvhsk,ulenh,halehvka,uleht
307,314,he/she is stopping,FullEventful,alewhihstih,kalewihstih,alewhihstihsk,ulewhihsthan,halewhihsta,ulewhihstoht
308,315,he/she is stopping him/her,FullEventful,alewhihstohtih,tsiyalewihstohtih,alewhihstohtihsk,ulewhihstohthan,hiyalewihstohta,ulewhihstohtoht
309,316,he/she is starting,FullEventful,alenih,kaleni',alenihsk,ulenvh,halena,ulenht
311,318,it’s boiling,FullEventful,alitlih,,alitlihsk,ulitlvh,,ulilht
314,321,he/she is thanking him/her,FullEventful,alihelitsheh,tsiyali'elitsheh,alihelitsheh,ulihelitshel,hiyali'elitshihsi,ulihelitsheht
315,322,he/she is happy,FullEventful,alihelik,kali'elik,alihelik,ulihelits,haliheliki,ulihelihst
317,324,he/she is exchanging it,FullEventful,ali'iti',kali'iti',ali'itihsk,uli'it,hali'ita,uli'itihst
318,325,he/she is running away,FullEventful,alithi',kalithi',alithihsk,ulithihs,halithi,ulithihst
320,327,he/she is taking his/her ring off,FullEventful,aliyehsuhsthki',kaliyehsuhsthki',aliyehsuhsthkihsk,uliyehsuhsthkihs,haliyehsuhsthki,uliyehsuhsthkihst
322,329,he/she is putting a ring on his/her finger,FullEventful,aliyehsuhsthvhsk,kaliyehsuhsthvhsk,aliyehsuhsthvhsk,uliyehsuhsthan,haliyehsuhsthvka,uliyehsuhsthvhst
324,331,he/she is spitting,FullEventful,altsikwhsk,kaltsikwhsk,altsikwhsk,ultsikwh,haltsikwha,ultsikwhst
325,332,he/she is ascending,FullEventful,alhsalati',kalihsalati',alhsalatihsk,ulhsalatan,halhsalatvka,ulhsalatot
327,334,he/she is eating a meal,FullEventful,alhstayvhvhsk,kalihstayvhvhsk,alhstayvhvhsk,ulhstayvnh,halhstayvhvka,ulhstayht
329,336,he/she is helping,FullEventful,alhstelih,kalihstelih,alhstelihsk,ulhstelvh,halhstela,ulhstelht
330,337,he/she is taking off his/her cap,FullEventful,alhstule',kalihstule',alhstulehsk,ulhstulehs,halhstulaki,ulhstulehst
331,338,he/she is washing his/her hair,FullEventful,alhstuleh,kalihstuleh,alhstulehsk,ulhstuleh,halhstula,ulhstulht
332,339,he/she is putting on a cap,FullEventful,alhstuli',kalihstuli',alhstulihsk,ulhstulan,halhstulvka,ulhstulot
334,341,he/she is taking a seat,FullEventful,alhstvlhuhsk,kalihstvlhuhsk,alhstvlhuhsk,ulhstvlhun,halhstvlhuka,ulhstvlhuhst
335,342,he/she is shaking his/her head,FullEventful,alhstvnhih,kalihstvnhih,alhstvnhih,ulhstvnhil,halhstvnhka,ulhstvnht
336,343,he/she is dancing,FullEventful,alhski',kalihski',alhskihsk,ulhskihs,halhski,ulhskihst
337,344,he/she is permitting him/her,FullEventful,alhskolhtaneh,tsiyalihskolhtaneh,alhskolhtaneh,ulhskolhtanel,hiyalihskolhtahsi,ulhskolhtaneht
338,345,he/she is nodding his/her head,FullEventful,alhskuhsk,kalihskuhsk,alhskuhsk,ulhskuyh,halhskuyha,ulhskuhst
339,346,it’s ending,FullEventful,alhskwati',,alhskwatihsk,ulhskwat,,ulhskwatihst
340,347,he/she is sticking his/her head out,FullEventful,alhskwaluti',kalihskwaluti',alhskwalutihsk,ulhskwalutan,halhskwalutvka,ulhskwalutot
341,348,he/she is taking his/her hat off,FullEventful,alhskwethuhki',kalihskwethuhki',alhskwethuhkihsk,ulhskwethuhkihs,halhskwethuhki,ulhskwethuhkihst
342,349,he/she is putting his/her hat on,FullEventful,alhskwethuhvhsk,kalihskwethuhvhsk,alhskwethuhvhsk,ulhskwethunh,halhskwethuhvka,ulhskwethuhst
344,351,he/she is setting a goal,FullEventful,alhsohstih,kalihsohstih,alhsohstihsk,ulhsohsthan,halhsohsta,ulhsohstoht
345,352,he/she is smelling it (refers to sniffing),FullEventful,alhsvhstih,kalihsvhstih,alhsvhstihsk,ulhsvhsthan,halhsvhsta,ulhsvhstoht
355,362,they are gathering,FullEventful,anatalhihsih,otsatalhihsih,anatalhihsihsk,unatalhihsanh,itsatalhihsa,unatalhihsoht
356,363,it’s lightning,FullEventful,anakalih,,anakalihsk,unakalvh,,
359,366,they are getting together,FullEventful,analikohvhsk,otsalikohvhsk,analikohvhsk,unalikonh,itsalikohvka,unalikht
361,368,he/she is attempting it,FullEventful,anelhtih,kanelhtih,anelhtihsk,unelhthan,hanelhta,unelhtoht
362,369,he is getting married,FullEventful,anelati',kanelati',anelatihsk,unelat,hanelata,unelatihst
363,370,he/she is remembering him/her,FullEventful,anhtati',tsiyanvtati',anhtatihsk,unhtat,hiyanvtata,unhtatihst
365,372,they are standing (refers to a congregation),FullEventful,anitona',otsitona',anitona',anitona',,
366,373,they are asleep (refers to more than two),FullEventful,anilhin,otsilhin,anilhin,,,
367,374,they are sitting (refers to a congregation),FullEventful,ani'n,otsi'n,ani'n,ani'n,,
373,380,he/she is setting a trap,FullEventful,ahsatvhsk,tsihsatvhsk,ahsatvhsk,uhsatvn,hihsatv'vka,uhsatvt
374,381,he/she is lifting him/her,FullEventful,ahsalati',tsihsalati',ahsalatihsk,uhsalatan,hihsalatvka,uhsalatot
377,384,he/she is making it crisp,FullEventful,ahstakayhtih,tsihstakayhtih,ahstakayhtihsk,uhstakayhthan,hihstakayhta,uhstakayhtoht
378,385,it’s becoming crisp,FullEventful,ahstakayvhih,,ahstakayvhih,uhstakayvlh,,
380,387,he/she is drawing a line,FullEventful,ahstanvnhvhsk,tsihstanvnhvhsk,ahstanvnhvhsk,uhstanvnhan,hihstanvnhvka,uhstanvnht
381,388,he/she is following him/her,FullEventful,ahstawatek,tsihstawatek,ahstawatek,uhstawatvhs,hihstawatuka,uhstawatvhst
382,389,he/she is helping him/her,FullEventful,ahstelih,tsihstelih,ahstelihsk,uhstelvh,hihstela,uhstelht
383,390,he/she is braiding it,FullEventful,ahsteyoh,tsihsteyoh,ahsteyoh,uhsteyol,hihsteyaka,uhsteyot
384,391,he/she is eating it (refers to a long object),FullEventful,ahstiki',tsihstiki',ahstikihsk,uhstik,hihstika,uhstikihst
386,393,he/she is crushing it,FullEventful,ahsto',tsihsto',ahstohsk,uhsto',hihstotsa,uhstohst
388,395,he/she is trimming it (refers to hair‚ grass‚ hedge; but not paper‚ cloth),FullEventful,ahstoyeh,tsihstoyeh,ahstoyehsk,uhstoyeh,hihstoya,uhstoyht
389,396,he/she is closing it,FullEventful,ahstuhvhsk,tsihstuhvhsk,ahstuhvhsk,uhstunh,hihstuhvka,uhstut
390,397,he/she is opening it,FullEventful,ahstu'i',tsihstu'i',ahstu'ihsk,uhstu'ihs,hihstu'i,uhstu'ihst
392,399,he/she is sandwiching it,FullEventful,ahstvhalhvhsk,tsihstvhalhvhsk,ahstvhalhvhsk,uhstvhalhan,hihstvhalhvka,uhstvhalht
395,402,he/she is showing him/her,FullEventful,ahseheh,tsiyahseheh,ahseheh,uhsehel,hiyahsehihsi,uhsheht
397,404,he/she is including him/her (refers to in counting),FullEventful,ahsehstih,tsiyahsehstih,ahsehstihsk,uhsehsthan,hiyahsehsta,uhsehstoht
398,405,he/she is withdrawing (refers to a motion),FullEventful,ahsehsih,kahsehsih,ahsehsihsk,uhsehsvh,hahsehsa,uhsehsvht
400,407,he/she is reprimanding him/her,FullEventful,ahskak,tsihskak,ahskak,uhskats,hihskaki,uhskayhst
401,408,he/she is afraid,FullEventful,ahskah,tsihskah,ahskah,uhskal,hihskaya,uhskahst
402,409,he/she is biting him/her,FullEventful,ahskalhk,tsihskalhk,ahskalhk,uhskalhts,hihskala,uhskalhst
405,412,he/she is committing a crime,FullEventful,ahskanvk,tsihskanvk,ahskanvk,uhskanvts,hihskanvki,uhskanvyhst
410,417,he/she is dreaming about him/her,FullEventful,ahskitsk,tsiyahskitsk,ahskitsk,uhskits,hiyahskitsa,uhskitst
411,418,he/she is gnawing it,FullEventful,ahskoki',tsihskoki',ahskokihsk,uhskok,hihskoka,uhskokihst
412,419,he/she is mourning for him/her,FullEventful,ahskonhih,tsihskonhih,ahskonhih,uhskonhil,hihskonhka,uhskonhst
413,420,he/she is rubbing him/her,FullEventful,ahskoliye',tsiyahskoliye',ahskoliyehsk,uhskoliye',hiyahskoliya,uhskoliyet
414,421,he/she is erasing it,FullEventful,ahskolvti',tsihskolvti',ahskolvtihsk,uhskolvti'i,hihskolvta,uhskolvtihst
416,423,it’s fading,FullEventful,ahskolvk,,ahskolvk,uhskolvts,,uhskolvyhst
417,424,he/she is digging it,FullEventful,ahskohsk,kahskohsk,ahskohsk,uhskohs,hahskola,uhskohst
419,426,he/she is finishing it,FullEventful,ahskwati',tsihskwati',ahskwatihsk,uhskwat,hihskwata,uhskwatihst
421,428,he/she is catching him/her (refers to a falling person or object),FullEventful,ahskwalhe',tsihskwalhe',ahskwalhehsk,uhskwalhehs,hihskwalhaki,uhskwalhehst
423,430,it’s getting shorter,FullEventful,ahskwalok,tsihskwalok,ahskwalok,uhskwalots,hihskwaloki,uhskwaloyhst
424,431,he/she is breaking it (refers to a long object),FullEventful,ahskwalhsk,tsihskwalhsk,ahskwalhsk,uhskwalhs,hihskwala,uhskwalhst
425,432,he/she is hitting him/her on the head with it (refers to a long object),FullEventful,ahskwalvnih,tsihskwalvnih,ahskwalvnih,uhskwalvnil,hihskwalvnika,uhskwalvnihst
427,434,he/she is amazed,FullEventful,ahskwanikohsk,tsihskwanikohsk,ahskwanikohsk,uhskwanikohs,hihskwanikohi,uhskwanikohihst
428,435,he/she is sucking it,FullEventful,ahskwanutsk,tsihskwanutsk,ahskwanutsk,uhskwanuts,hihskwanutsa,uhskwanutst
429,436,he/she is hitting him/her on the abdomen with it (refers to a long object),FullEventful,ahskwohalvnih,tsihskwohalvnih,ahskwohalvnih,uhskwohalvnil,hihskwohalvnika,uhskwohalvnihst
430,437,he/she is placing his/her hand on him/her,FullEventful,ahsihthati',tsiyahsihthati',ahsihthatihsk,uhsihthat,hiyahsihthata,uhsihthatihst
431,438,he/she is slapping him/her,FullEventful,ahsihthvnih,tsiyahsihthvnih,ahsihthvnih,uhsihthvnil,hiyahsihthvnika,uhsihthvnihst
432,439,he/she is backing up,FullEventful,ahsinek,kahsinek,ahsinek,uhsinvhs,hahsinuka,uhsinvhst
436,443,he/she is roping him/her,FullEventful,ahslhati',tsihslhati',ahslhatihsk,uhslhat,hihslhata,uhslhatihst
437,444,he/she is building a fence,FullEventful,ahsoyhoh,kahsoyhoh,ahsoyhoh,uhsoyhal,hahsoyhka,uhsoyhst
439,446,he/she is waving his/her hand,FullEventful,ahsolvtaki',kahsolvtaki',ahsolvtakihsk,uhsolvtakihs,hahsolvtaki,uhsolvtakihst
440,447,he/she is pressing down on him/her,FullEventful,ahsonhstih,tsiyahsonhstih,ahsonhstihsk,uhsonhsthan,hiyahsonhsta,uhsonhstoht
441,448,he/she is wounding him/her,FullEventful,ahsonvhsk,tsihsonvhsk,ahsonvhsk,uhsonvnh,hihsonvna,uhsonvhst
443,450,he/she is sopping it,FullEventful,ahsu',kahsu',ahsuhsk,uhsuhs,hahsutsa,uhsuhst
444,451,he/she is fishing,FullEventful,ahsuhvhsk,kahsuhvhsk,ahsuhvhsk,uhsunh,hahsuhvka,uhsuht
445,452,he/she is painting it,FullEventful,ahsuwhihsk,tsihsuwhihsk,ahsuwhihsk,uhsuwhihs,hihsuwha,uhsuwhihst
446,453,he/she is changing his/her pants,FullEventful,ahsula'iyv',kahsula'iyv',ahsula'iyvhsk,uhsula'iyvhs,hahsula'iyvna,uhsula'iyvhst
447,454,he/she is taking his/her pants off,FullEventful,ahsule',kahsule',ahsulehsk,uhsulehs,hahsulaki,uhsulehst
448,455,he/she is putting his/her pants on,FullEventful,ahsuli',kahsuli',ahsulihsk,uhsulan,hahsulvka,uhsulot
449,456,he/she is quitting,FullEventful,ahsulikok,tsihsulikok,ahsulikok,uhsulikots,hihsuliko'i,uhsulikohst
452,459,he/she is choosing him/her,FullEventful,ahsuye',tsiyahsuye',ahsuyehsk,uhsuyehs,hiyahsuyaki,uhsuyehst
453,460,he/she is stirring it,FullEventful,ahsuyeh,kahsuyeh,ahsuyehsk,uhsuyeh,hahsuyvla,uhsuyeht
454,461,he/she is mixing it in,FullEventful,ahsuyvhsk,kahsuyvhsk,ahsuyvhsk,uhsuyvn,hahsuyv'vka,uhsuyvt
455,462,it smells,FullEventful,ahsvk,tsihsvk,ahsvk,,,
458,465,he/she is touching him/her,FullEventful,ahsvnhih,tsiyahsvnhih,ahsvnhih,uhsvnhil,hiyahsvnhka,uhsvnhst
459,466,he/she is drinking it up,FullEventful,ahsvhvhsk,tsihsvhvhsk,ahsvhvhsk,uhsvnh,hihsvnha,uhsvhvhst
463,470,he/she is holding his/her breath,FullEventful,athawhohstih,ka'tawhohstih,athawhohstihsk,uthawhohsthan,hathawhohsta,uthawhohstoht
464,471,he/she is mooring a boat,FullEventful,athalati',tsithalati',athalatihsk,uthalat,hithalata,uthalatihst
465,472,he/she is drilling a hole,FullEventful,athalehsk,tsithalehsk,athalehsk,uthalehs,hithalaka,uthalehst
467,474,it’s steaming,FullEventful,athanolek,,athanolek,uthanolvhs,,uthanolvhst
469,476,it’s exploding,FullEventful,athahski',,athahskihsk,uthahskihs,hathahski,uthahskihst
470,477,he/she is exploding it,FullEventful,athahskihstih,tsithahskihstih,athahskihstihsk,uthahskihsthan,hathahskihsta,uthahskihstoht
472,479,he/she is kissing him/her,FullEventful,athaweto'vhsk,tsitaweto'vhsk,athaweto'vhsk,uthaweton,hitaweto'vka,uthawetot
473,480,he/she is combing someone’s hair,FullEventful,athawo',tsithawo',athawohsk,uthawo',hithawotsa,uthahsohst
474,481,he/she is asking for it,FullEventful,athayohih,tsithayohih,athayohih,uthayolh,hithayoha,uthayohst
475,482,he/she is joining,FullEventful,athelati',kate'lati',athelatihsk,uthelat,hathelata,uthelatihst
477,484,he/she is shaking him/her,FullEventful,athelvhvhsk,tsithelvhvhsk,athelvhvhsk,uthelvnh,hithelvna,uthelht
479,486,he/she is leading him/her,FullEventful,athinh,tsiyathinh,athinhek,uthinhvhs,hiyathinhuka,uthinhvhst
480,487,he/she is arguing,FullEventful,athiyohih,ka'tiyohih,athiyohih,uthiyolh,hathiyoka,uthiyohst
482,489,he/she is running,FullEventful,atlh,katitlh,atlhihs,,,
483,490,he/she is racing,FullEventful,athohkiya',kathohkiya',athohkiyahsk,uthohkiy,hathohkiya,uthohkiyahst
486,493,he/she is loaning it to him/her,FullEventful,atholhstih,tsiyatholhstih,atholhstihsk,utholhsthan,hiyatholhsta,utholhstoht
487,494,he/she is borrowing him/her,FullEventful,atholhsk,tsiyatholhsk,atholhsk,utholhs,hiyathola,utholhihst
488,495,it’s flashing (refers to reflected light),FullEventful,athoyawhsk,,athoyawhsk,uthoyawhs,,uthoyawhst
489,496,he/she is taking a bite,FullEventful,atste',katsihste',atstehsk,utstehs,hatstaki,utstehst
490,497,he/she is lying,FullEventful,atsko'vhsk,katsihsko'vhsk,atsko'vhsk,utskon,hatsko'vka,utskot
491,498,he/she is taking a drink (refers to alcoholic beverage),FullEventful,athuki',ka'tuki',athukihsk,uthukihs,hathuki,uthukihst
493,500,he/she is promising,FullEventful,athu'ihstih,tsithu'ihstih,athu'ihstihsk,uthu'ihsthan,hithu'ihsta,uthu'ihstoht
494,501,he/she is listening to him/her,FullEventful,athvtahstih,tsiyathvtahstih,athvtahstihsk,uthvtahsthan,hiyathvtahsta,uthvtahstoht
495,502,he/she is asking him/her a question,FullEventful,athvtvhvhsk,tsiyathvtvhvhsk,athvtvhvhsk,uthvtvnh,hiyathvtvhvka,uthvtht
496,503,he/she hears him/her,FullEventful,athvki',tsiyathvki',athvkihsk,uthvkan,hiyathvkvka,uthvkot
497,504,he/she is raising him/her,FullEventful,athvhihstih,tsiya'tvhihstih,athvhihstihsk,uthvhihsthan,hiya'tvhihsta,uthvhihstoht
498,505,he/she is growing,FullEventful,athvhsk,ka'tvhsk,athvhsk,uthvhs,hathvhi,uthvhihst
502,509,he/she is inside,FullEventful,aya',tsiya',aya',,,
504,511,he/she is distributing it,FullEventful,ayathohih,tsiyathohih,ayathohih,uyatholh,hiyathohi,uyathohihst
507,514,he/she is waking up,FullEventful,ayek,tsiyek,ayek,uyets,hiyeki,uye'ihst
509,516,he/she is waking him/her up,FullEventful,aye'ihstih,tsiye'ihstih,aye'ihstihsk,uye'ihsthan,hiye'ihsta,uye'ihstoht
511,518,he/she is putting him/her inside (refers to somewhere large enough to move around in),FullEventful,ayhtih,tsiyvtih,ayhtihsk,uyhthan,hiyvta,uyhtoht
512,519,it’s crowing (refers to a rooster),FullEventful,ayhk,kayhk,ayhk,uyvlhs,hayvla,uyvlhihst
513,520,he/she is getting it (refers to a long object),FullEventful,ayih,tsiyi',ayihsk,uyvh,hiya,uyht
515,522,it’s breaking,FullEventful,ayok,tsiyok,ayok,uyots,hiyoki,uyoyhst
516,523,he/she is shooting him/her,FullEventful,ayohih,tsiyo'ih,ayohih,uyolh,hiyo'a,uyohst
517,524,he/she is taking a break,FullEventful,ayohihstih,tsi'yohihstih,ayohihstihsk,uyohihsthan,hiyohihsta,uyohihstoht
519,526,he/she is whittling it,FullEventful,ayolhvhsk,tsiyolvhsk,ayolhvhsk,uyolhan,hiyolhvka,uyolhvhst
521,528,he/she is dying (refers to a human),FullEventful,ayohuhsk,tsiyo'uhsk,hiyohuhi,ayohuhsko'i,uyohuhihsti,
522,529,he/she is breaking it up,FullEventful,ayolih,tsiyolih,ayo'ihstihsk,uyo'ihsthan,hiyo'ihsta,uyo'ihstoht
523,530,he/she is greeting him/her,FullEventful,ayolih,tsiyolih,ayolih,uyolil,hiyolika,uyolihst
524,531,he/she is breaking it,FullEventful,ayohstih,tsiyohstih,ayohstihsk,uyohsthan,hiyohsta,uyohstoht
526,533,he/she is destroying it,FullEventful,ayohsthanohvhsk,tsiyohsthanohvhsk,ayohsthanohvhsk,uyohsthanonh,hiyohsthanonha,uyohsthanohvhst
529,536,he/she is entering it,FullEventful,ayvhih,tsiyv'ih,ayvhih,uyvlh,hiyvha,uyvhst
530,537,he/she is finding it (refers to a long object),FullEventful,ayvwhahthih,tsiyvwahthih,ayvwhahthihsk,uyvwhahthvh,hiyvwhahtha,uyvwhahthvht
531,538,he/she is taking it somewhere (refers to a long object),FullEventful,ayvwhitih,tsiyvwitih,ayvwhitihsk,uyvwhitvh,hiyvwhita,uyvwhitht
539,549,he/she is making an X,FullEventful,tatanhawhstih,tekatanawhstih,tatanhawhstihsk,tutanhawhsthan,thatanhawhsta,tsutanhawhstoht
541,551,he/she is conjuring,FullEventful,tatanhehse',tekatanehse',tatanhehsehsk,tutanhehsa',thatanhehsaka,tsutanhehsehst
542,552,he/she is accepting him/her,FullEventful,tatanilvk,tetsiyatanilvk,tatanilvk,tutanilvts,thiyatanilvki,tsutanilvhst
543,553,he/she is dodging,FullEventful,tatanvtihstih,tekatanvtihstih,tatanvtihstihsk,tutanvtihsthan,thatanvtihsta,tsutanvtihstoht
544,554,he/she is performing baptism,FullEventful,tatawo',tekatawo',tatawohsk,tutawo',thatawotsa,tsutawohst
545,555,he/she is giving up,FullEventful,tatayohsk,tekatayohsk,tatayohsk,tutayohs,thatayohi,tsutayohihst
546,556,he/she is teaching,FullEventful,tateyhohvhsk,tekateyohvhsk,tateyhohvhsk,tuteyonh,thateyhohvka,tsuteyhoht
547,557,he/she is weeping,FullEventful,tatloyhih,tekatloyih,tatloyhih,tutloyhil,thatloyhka,tsutloyhst
548,558,he/she is being married,FullEventful,takatshvhstih,tvkwatshvhstih,takatshvhstihsk,takatshvhsthan,witetsatshvhsta,tsakatshvhstoht
550,560,he/she is setting a price,FullEventful,takvwalhtih,tetsikvwalotih,takvwalhtihsk,tukvwalhthan,thikvwalhta,tsukvwalhtoht
552,562,he/she is rocking,FullEventful,talhihkeh,tekalihkeh,talhihkehsk,tulhihkeh,thalhihkvla,tsulhihkeht
553,563,he/she is drawing a picture of him/her,FullEventful,talhilohstih,tetsiyatlilohstih,talhilohstihsk,tulhilohsthan,thiyatlilohsta,tsulhilohstoht
554,564,he/she is conversing,FullEventful,talhinoheh,tekalinoheh,talhinohehsk,tulhinohelh,thalhinohvla,tsulhinoheht
555,565,he/she is jumping,FullEventful,talhthatek,tekalithatek,talhthatek,tulhthatinvhs,thalhthatuka,tsulhthatinvt
557,567,he/she is changing clothes,FullEventful,tanhawa'iyv',tekaniwa'iyv',tanhawa'iyvhsk,tunhawa'iyvhs,thanhawa'iyvna,tsunhawa'iyvhst
558,568,he/she is undressing,FullEventful,tanhawe',tekaniwe',tanhawehsk,tunhawehs,thanhawaki,tsunhawehst
559,569,he/she is putting on clothes,FullEventful,tanhawo',tekaniwo',tanhawohsk,tunhawo',thanhawotsa,tsunhawohst
561,571,he/she is putting fuel into a fire (refers to solid fuel),FullEventful,tahvthvhsk,tetsi'vthvhsk,tahvthvhsk,tuhvthan,thihvthvka,tsuhvtht
562,572,he/she is tickling him/her,FullEventful,tayhvki',tetsiyvki',tayhvkihsk,tuyhvk,thiyvka,tsuyhvkihst
564,574,he/she is squatting,FullEventful,tatsilhuhsk,tekatsilhuhsk,tatsilhuhsk,tutsilhun,thatsilhuka,tsukilhuhst
565,575,he/she is tying it,FullEventful,takhanehih,tetsikanehih,takhanehih,tukhanelh,thikhaneka,tsukhanehst
566,576,he/she is untying it,FullEventful,takhaneyhih,tetsikaneyhih,takhaneyhihsk,tukhaneyhvh,thikhaneyha,tsukhaneyhvht
567,577,he/she is looking after him/her,FullEventful,takhanowatitoh,tetsikanowatitoh,takhanowatitoh,tukhanowatitol,thikanowatita,tsukhanowatitahst
568,578,he/she is becoming blind,FullEventful,takhewak,tetsi'kewak,takhewak,tukhewats,thikhewaki,tsukhewa'ihst
571,581,he/she is making smoke,FullEventful,takhsvhstih,tetsikahsvhstih,takhsvhstihsk,tukhsvhsthan,thikhsvhsta,tsukhsvhstoht
572,582,he/she is blinking,FullEventful,takhthanawhsk,tekakathanawhsk,takhthanawhsk,tukhthanawhs,thakhthanawha,tsukhthanawhst
573,583,he/she is closing his eyes,FullEventful,takhthahstih,tekakathahstih,takhthahstihsk,tukhthahsthan,thakhthahsta,tsukhthahstoht
574,584,he/she is attacking him/her,FullEventful,takhthilek,tetsikathilek,takhthilek,tukhthilvhs,thikathiluka,tsukhthilvhst
575,585,he/she is taking off his/her glasses,FullEventful,takhthinvte',tekakathinvte',takhthinvtehsk,tukhthinvtehs,thakhthinvtaki,tsukhthinvtehst
576,586,he/she is putting on glasses,FullEventful,takhthinvthvhsk,tekakathinvthvhsk,takhthinvthvhsk,tukhthinvthan,thakhthinvthvka,tsukhthinvtht
577,587,he/she is shelling corn,FullEventful,takhtlhih,tetsikatlhih,takhtlhihsk,tukhtlhvh,thikhtlha,tsukhtlhvht
578,588,he/she is snoring,FullEventful,takwhalaki',tetsikwhalaki',takwhalakihsk,tukwhalakihs,thikwhalaki,tsukwhalakihst
579,589,he/she is sprinkling it (with a liquid‚ powder‚ salt‚ etc.),FullEventful,takwhayo'vhsk,tetsikwhayo'vhsk,takwhayo'vhsk,tukwhayon,thikwhayo'vka,tsukwhakot
582,592,he/she is putting on shoes,FullEventful,talahsulhvhsk,tekalahsulhvhsk,talahsulhvhsk,tulahsulhan,thalahsulhvka,tsulahsulht
583,593,he/she is changing shoes,FullEventful,talahsula'iyv',tekalahsula'iyv',talahsula'iyvhsk,tulahsula'iyvhs,thalahsula'iyvna,tsulahsula'iyvhst
584,594,he/she is taking off his/her shoes,FullEventful,talahsule',tekalahsule',talahsulehsk,tulahsulehs,thalahsulaki,tsulahsulehst
585,595,he/she is helping him/her up,FullEventful,talehtih,tetsiyaletih,talehtihsk,tulehthan,thiyaleta,tsulehtoht
586,596,he/she is recuperating,FullEventful,talehihsih,tekale'ihsih,talehihsihsk,tulehihsanh,thalehihsa,tsulehihsoht
587,597,he/she is getting up (from sitting or from involuntarily assumed prone position),FullEventful,talehvhsk,tekale'vhsk,talehvhsk,tulenh,thalehvka,tsuleht
589,599,he/she is taking off his/her gloves,FullEventful,taliyehsule',tekaliyehsule',taliyehsulehsk,tuliyehsulehs,thaliyehsulaki,tsuliyehsulehst
590,600,he/she is putting on his/her gloves,FullEventful,taliyehsuli',tekaliyehsuli',taliyehsulihsk,tuliyehsulan,thaliyehsulvka,tsuliyehsulot
591,601,he/she is taking off his/her socks,FullEventful,taliyoki',tekaliyoki',taliyokihsk,tuliyokihs,thaliyoki,tsuliyokihst
592,602,he/she is putting on his/her socks,FullEventful,taliyohih,tekaliyo'ih,taliyohih,tuliyolh,thaliyoka,tsuliyohst
593,603,he/she is changing his/her socks,FullEventful,taliyohsih,tekaliyohsih,taliyohsih,tuliyohsvh,thaliyohsa,tsuliyohsvht
594,604,he/she is aiming at him/her,FullEventful,talhsohstih,tetsiyalihsohstih,talhsohstihsk,tulhsohsthan,thiyalihsohsta,tsulhsohstoht
596,606,they are having a trial,FullEventful,tanatahi'litoh,totsatahi'litoh,tanatahi'litoh,tunatahi'litol,titsatahi'lita,tsunatahi'litahst
597,607,they are meeting,FullEventful,tanatlohsk,totsatlohsk,tanatlohsk,tunatlohs,titsatlohi,tsunatlohihst
598,608,they are separating,FullEventful,tanakalenih,tohstakalenih,tanakalenihsk,tunakalenvh,tihstakalena,tsunakalenht
599,609,he/she is playing with him/her,FullEventful,tanelhtih,tetsiyanelhtih,tanelhtihsk,tunelhthan,thiyanelhta,tsunelhtoht
600,610,he/she is playing,FullEventful,tanelohvhsk,tekanelohvhsk,tanelohvhsk,tunelonh,thanelohvka,tsunelht
601,611,they’re having church services,FullEventful,tanilawik,totsilawik,tanilawik,tunilawits,titsilawiki,tsunilawihst
603,613,they are adjourning,FullEventful,taniyelihsk,totsiyelihsk,taniyelihsk,tuniyelihs,titsiyelihi,tsuniyelihihst
604,614,he/she is shooting at him/her,FullEventful,tahstayohih,tetsihstayohih,tahstayohih,tuhstayolh,thihstayoha,tsuhstayohst
605,615,he/she is splitting it,FullEventful,tahstluhsk,tetsihstluhsk,tahstluhsk,tuhstluyh,thihstluyha,tsuhstluhst
606,616,he/she is sprinkling it (with liquid),FullEventful,tahstutli',tetsihstutli',tahstutlihsk,tuhstutl,thihstutla,tsuhstutlihst
607,617,he/she is counting it,FullEventful,tahsehih,tekahsehih,tahsehih,tuhselh,thahseka,tsuhsehst
608,618,he/she is cursing him/her,FullEventful,tahskinati',tetsihskinati',tahskinatihsk,tuhskinat,thihskinata,tsuhskinatihst
609,619,he/she is clapping his/her hands,FullEventful,tahsihthvnih,tekahsihthvnih,tahsihthvnih,tuhsihthvnil,thahsihthvnika,tsuhsihthvnihst
610,620,he/she is getting exhausted,FullEventful,tahsthayehsk,tekahsthayehsk,tahsthayehsk,tuhsthayehs,thahsthayehi,tsuhsthayehihst
611,621,it’s barking,FullEventful,tahsuwhihsk,tekahsuwhihsk,tahsuwhihsk,tuhsuwhihs,thahsuwha,tsuhsuwhihst
612,622,he/she is scheduling a time,FullEventful,tahsvhstih,tetsihsvhstih,tahsvhstihsk,tuhsvhsthan,thihsvhsta,tsuhsvhstoht
613,623,he/she is ironing,FullEventful,tathehsk,tetsithehsk,tathehsk,tuthehs,thithvla,tsuthehst
618,628,he/she is releasing him/her,FullEventful,tayohsk,tetsiyohsk,tayohsk,tuyohs,thiyohi,tsuyohihst
620,631,he/she is slamming him/her,FullEventful,tekalvtvnihstih,tetsilvtvnihstih,tekalvtvnihstihsk,tulvtvnihsthan,thilvtvnihsta,tsulvtvnihstoht
621,632,he/she is crossing (refers to a road‚ bridge‚ etc.),FullEventful,tekanatiwhsk,tetsinatiwhsk,tekanatiwhsk,tunatiwhs,thinatiwhi,tsunatiwhihst
622,633,he/she is advertising it,FullEventful,tekanotsalhvhsk,tetsinotsa'lvhsk,tekanotsalhvhsk,tunotsalhan,thinotsalhvka,tsunotsalht
623,634,he/she is crossing it (refers to a body of water),FullEventful,tekahsohk,tetsihsohk,tekahsohk,tuwahsohts,thihsohki,tsuwahsohihst
624,635,he/she is enduring it (idiom),FullEventful,tekethvhsk,teke'tvhsk,tekethvhsk,tuwethin,thethvka,tsuwetht
625,636,he/she is explaining it (refers to a Biblical text),FullEventful,tekohsihsih,tekohsihsih,tekohsihsihsk,tuwohsihsanh,thohsihsa,tsuwohsihsoht
626,637,he/she is deciding,FullEventful,tekukhtih,tekukotih,tekukhtihsk,tuwukhthan,thukhta,tsuwukhtoht
627,638,he/she is washing (refers to dishes),FullEventful,tekvtiye',tekvtiye',tekvtiyehsk,tuwatiye',thvtiya,tsuwatiyet
628,639,he/she is shelling (refers to peas‚ nut meats‚ etc),FullEventful,tekvthohi',tekvthohi',tekvthohihsk,tuwvthohihs,thvthohi,tsuwvthohihst
630,641,he/she is turning him/her over,FullEventful,tekhalihkwatek,tetsilihkwatek,tekhalihkwatek,tulhihkwatinvhs,thilihkwatuka,tsulhihkwatinvt
631,642,he/she is singing,FullEventful,tekhanoki',tetsinoki',tekhanokihsk,tunhokihs,thinhoki,tsunhokihst
632,643,he/she is clawing him/her,FullEventful,tekhanukohsk,tetsinukohsk,tekhanukohsk,tunhukohs,thinukola,tsunhukohst
634,645,he/she is washing (refers to flexible objects including clothes),FullEventful,tekhkilo',tekvkilo',tekhkilohsk,tuhkilo',thvhkilotsa,tsuhkilohst
722,740,he/she is confronted with it,FullEventful,tutlohsk,takwatlohsk,tutlohsk,tutlohs,titsatlohi,tsutlohihst
723,741,he/she is called,FullEventful,tuto',takwato',tuto',tuto',tetsato'ehsti,tsutohst
724,742,he/she is staggering,FullEventful,tutokhtih,takwatokhtih,tutokhtihsk,tutokhthan,titsatokhta,tsutokhtoht
725,743,he/she is getting a rash,FullEventful,tukwenothihsk,takikwenothihsk,tukwenothihsk,tukwenothihs,titsakwenothihi,tsukwenothihst
726,744,he/she has horns,FullEventful,tulhk,takilhk,tulhk,tulhk,tetsalhkehsti,
727,745,he/she is sneezing,FullEventful,tuyhvhstoyhsk,takhiyvhstoyhsk,tuyhvhstoyhsk,tuyhvhstoyh,titshayvhstoyha,tsuyhvhstoyhst
728,746,he/she is vomiting,FullEventful,tukhstih,takikhstih,tukhstihsk,tukhsthan,titsakhsta,tsukhstoht
729,747,he/she is wearing glasses,FullEventful,tukhthinvth,takwakhthinvth,tukhthinvth,tukhthinvth,tetsakhthinvthehsti,tsukhthinvtht
730,748,he/she is wearing shoes,FullEventful,tulahsulh,takwalahsulh,tulahsulh,tulahsulh,tetsalahsulhehsti,
732,750,he/she is wearing gloves,FullEventful,tuliyehsul,takwaliyehsul,tuliyehsul,tuliyehsul,thaliyehsulvka,tsuliyehsulot
733,751,he/she is wearing socks,FullEventful,tuliyoh,takwaliyoh,tuliyoh,tuliyoh,tetsaliyohehsti,
735,753,he/she is working,FullEventful,tulvwhihstaneh,takilvwhihstaneh,tulvwhihstaneh,tulvwhihstanel,titsalvwhihstahsi,tsulvwhihstaneht
737,755,he/she is making footsteps,FullEventful,tuhstanoyhvhk,takwahstanoyhvhk,tuhstanoyhvhk,tuhstanoyhvhk,titsahstanoyhvla,tsuhstanoyhvlhihst
738,756,he/she is releasing it (refers to involuntarily releasing),FullEventful,tuhskalehstih,takwahskalehstih,tuhskalehstihsk,tuhskalehsthan,titsahskalehsta,tsuhskalehstoht
739,757,he/she is tired,FullEventful,tuyawek,takiyawek,tuyawek,tuyawets,titsayaweki,tsuyawehst
740,758,he/she is releasing it (refers to voluntarily releasing),FullEventful,tuyohsk,takiyohsk,tuyohsk,tuyohs,titsayohi,tsuyohihst
742,765,he/she is walking around,FullEventful,etoh,ketoh,etoh,uwetol,heta,uwetahst
743,766,he/she is going,FullEventful,ek,kek,ek,uwenvhs,hena,uwenvhst
746,769,he/she lives,FullEventful,eh,ke',eh,,hehehsti,
752,776,he/she thinks so,FullEventful,eli',keli',elihsk,uwelihs,hela,uwelihst
757,787,he/she is straightening it,FullEventful,katshinohsih,tsitshinohsih,katshinohsihsk,uwatshinohsanh,hitshinohsa,uwatshinohsoht
759,789,it is hanging (refers to flexible object),FullEventful,kata',kata',kata',,hata'ehsti,
764,794,he/she is plowing it,FullEventful,kataluki',tsitaluki',katalukihsk,uwatalukan,hitalukvka,uwatalukot
766,796,he/she is removing it from a hanging position (refers to solid or flexible object),FullEventful,kate',kate',katehsk,utehs,hataki,utehst
767,797,he/she is turning it,FullEventful,kateyhstih,tsiteyahstih,kateyhstihsk,uwateyhsthan,hiteyhsta,uwateyhstoht
769,799,he/she is spinning it,FullEventful,katikwalvteyhstih,tsitikwalvteyhstih,katikwalvteyhstihsk,uwatikwalvteyhsthan,hitikwalvteyhsta,uwatikwalvteyhstoht
770,800,he/she is strapping it,FullEventful,katlohih,tsitlohih,katlohih,uwatlolh,hitloka,uwatlohst
772,802,he/she is standing,FullEventful,katok,tsitok,katok,,hitokehsti,
775,805,he/she is pitying him/her,FullEventful,katolik,tsiyatolik,katolik,uwatolits,hiyatoliki,uwatolihst
776,806,he/she is dropping him/her (refers to flexible object),FullEventful,katonhtih,tsiyatonhtih,katonhtihsk,utonhthan,hiyatonhta,utonhtoht
777,807,it is falling from a hanging position (refers to flexible object),FullEventful,katohsk,katohsk,katohsk,utohs,hatohi,utohihst
784,814,he/she is baking it,FullEventful,katuhvhsk,tsituhvhsk,katuhvhsk,uwatunh,hituhvka,uwatht
788,818,he/she is hanging up it (refers to a flexible object),FullEventful,katv'vhsk,tsiyatv'vhsk,katv'vhsk,utvn,hatv'vka,utvt
791,821,he/she is rowing,FullEventful,kakawehsk,tsikawehsk,kakawehsk,uwakawehs,hikawehi,uwakawehst
796,826,he/she is pecking it,FullEventful,kakwayohih,tsiyakwayo'ih,kakwayohih,uwakwayolh,hiyakwayo'a,uwakwayohst
798,828,he/she is putting it into a container,FullEventful,kalhtih,tsilotih,kalhtihsk,ulhthan,hilhta,ulhtoht
803,833,he/she is sleeping,FullEventful,kalhih,tsi'lih,kalhih,,hilhvna,ulhvnht
804,834,he/she is gathering it,FullEventful,kalhihsih,tsilhihsih,kalhihsihsk,uwalhihsanh,hilhihsa,uwalhihsoht
809,839,he/she is piling it up,FullEventful,kalhuhsk,tsilhuhsk,kalhuhsk,uwalhun,hilhuka,uwalhuhst
810,840,he/she is tying him/her up,FullEventful,kalhv'ih,tsiya'lv'ih,kalhv'ih,ulhvl,hiya'lvtsa,ulhvhst
811,841,he/she is putting it in a hole or a container,FullEventful,kalhvhsk,tsi'lvhsk,kalhvhsk,ulhan,hilhvka,ulht
812,842,he/she is sleepy,FullEventful,kalhvhsk,tsi'lvhsk,kalhvhsk,ulhvnh,hilhvna,ulhvnht
813,843,he/she is taking it somewhere by hand (refers to a flexible object),FullEventful,kanhek,tsi'nek,kanhek,unhvhs,hinhuka,unhvhst
814,844,he/she is holding it (refers to a flexible object),FullEventful,kanheh,tsi'neh,kanheh,kanheh,hinhehehsti,
815,845,he/she is handling it (refers to a flexible object),FullEventful,kanhitoh,tsi'nitoh,kanhitoh,unhitol,hinhita,unhitahst
818,848,he/she is eating it (refers to a flexible object),FullEventful,kayhe',tsiyaye',kayhehsk,uwayha',hiyayaka,uwayhehst
820,850,he/she is ripping it,FullEventful,katsakalih,tsitsakali',katsakalihsk,uwatsakalvh,hitsakala,uwatsakalht
821,851,he/she is scratching him/her,FullEventful,katsalikohsk,tsiyatsalikohsk,katsalikohsk,uwatsalikohs,hiyatsalikola,uwatsalikohst
823,853,he/she is pricking him/her,FullEventful,katsayohih,tsiyatsayo'ih,katsayohih,uwatsayolh,hiyatsayo'a,uwatsayohst
824,854,he/she is wringing it out,FullEventful,katsvwahstih,tsitsvwahstih,katsvwahstihsk,uwatsvwahsthan,hitsvwahsta,uwatsvwahstoht
825,855,he/she is stinging it,FullEventful,katsvyhsk,tsiyatsvyhsk,katsvyhsk,uwatsvyh,hiyatsvyha,uwatsvyhst
826,856,he/she is leaving a living thing behind,FullEventful,kakhahiya',tsiyakhahiya',kakhahiyahsk,uwakhahiy,hiyakhahiya,uwakhahiyahst
827,857,he/she is giving him/her a living thing,FullEventful,kakhaneh,tsiyakhaneh,kakhaneh,uwakhanel,hiyakhahsi,uwakhaneht
829,859,he/she is wrapping him/her,FullEventful,kakwhenvhsk,tsiyakwhenvhsk,kakwhenvhsk,uwakwhenvnh,hiyakwhenvna,uwakwhenvht
830,860,he/she is putting it in a container (refers to a long object),FullEventful,kalati',tsilati',kalatihsk,ulat,hilata,ulatihst
833,863,he/she is taking it out of a container (refers to a solid or flexible object),FullEventful,kale',tsile',kalehsk,ulehs,hilaki,ulehst
834,864,he/she is climbing it,FullEventful,ka'lek,tsi'lek,ka'lek,ulvhs,hi'luka,ulvhst
837,867,he/she is burning,FullEventful,kaleyvhsk,tsileyvhsk,kaleyvhsk,uleyvhs,hileyvhi,uleyvhihst
838,868,it is falling from an upright position (refers to a long object eg tree‚ pole),FullEventful,kaleyvhsk,tsileyvhsk,kaleyvhsk,uleyvhs,hileyvhi,uleyvhihst
839,869,he/she is climbing around,FullEventful,ka'litoh,tsi'litoh,ka'litoh,ulitol,hi'lita,ulitahst
840,870,it is burning (refers to forest or grass),FullEventful,kalik,,kalik,ulits,,
841,871,he/she is taking it out of a container (refers to a long object),FullEventful,kalih,tsila',kalihsk,ulvh,hila,ulht
842,872,it is dying (refers to an animal or plant),FullEventful,kaliwhok,tsiliwok,kaliwhok,uliwhots,hiliwhoki,uliwhohst
844,874,he/she is spanking him/her,FullEventful,kali'vnhih,tsili'vnhih,kal'vnhih,uli'vnhil,hili'vnhka,uli'vnhst
845,875,he/she is hoeing it,FullEventful,kaloki',tsiloki',kalokihsk,ulokan,hilokvka,ulokot
848,878,he/she is stopping by (where on the way somewhere),FullEventful,kalohihstih,tsilo'ihstih,kalohihstihsk,ulohihsthan,hilohihsta,ulohihstoht
850,880,he/she is overtaking him/her,FullEventful,kalohihseh,tsilo'ihseh,kalohihseh,ulohihsel,hilo'ihsi,ulohihseht
852,882,he/she is bluffing him/her,FullEventful,kalonahstih,tsilonahstih,kalonahstihsk,ulonahsthan,hilonahsta,ulonahstoht
853,883,he/she is oiling it,FullEventful,kalone',tsilone',kalonehsk,ulone',hilona,ulonet
854,884,he/she is making him/her fall from an elevated position,FullEventful,kalonhtih,tsilonhtih,kalonhtihsk,ulonhthan,hilonhta,ulonhtoht
855,885,he/she is cheating,FullEventful,kalonuheh,tsilonu'eh,kalonuhehsk,ulonuhelh,hilonuhvla,ulonuheht
856,886,he/she is passing by without stopping,FullEventful,kalohsk,tsilohsk,kalohsk,ulohs,hilohi,ulohihst
857,887,he/she is falling from an elevated position,FullEventful,kalohsk,tsilohsk,kalohsk,ulohs,hilohi,ulohihst
858,888,he/she is arriving,FullEventful,ka'luhk,tsi'luhk,ka'luhk,uluhts,hi'luhki,uluhihst
859,889,it’s lacking,FullEventful,kalulok,tsilulok,kalulok,ululots,hiluloki,ululohst
862,892,he/she is chopping it,FullEventful,kaluyhsk,tsiluyhsk,kaluyhsk,uluyh,hiluyha,uluyhst
864,894,he/she is beating him/her up,FullEventful,kalvnhih,tsilvnhih,kalvnhih,ulvnhil,hilvnhka,ulvnhst
870,900,he/she is putting it in a hole or a container (refers to a flexible object),FullEventful,kalvhsk,tsilvhsk,kalvhsk,ulvn,hilv'vka,ulvt
871,901,he/she is selling it,FullEventful,kanatek,tsinatek,kanatek,unatinvhs,hinatuka,unatinvt
873,903,he/she is hiring him/her,FullEventful,kanalhvhsk,tsinalhvhsk,kanalhvhsk,unalhvn,hinalhv'vka,unalhvt
876,906,he/she is finding it (refers to a flexible object),FullEventful,kanawhthih,tsinawhthih,kanawhthihsk,unawhthvh,hinawhtha,unawhthvht
877,907,he/she is taking it somewhere (refers to an animal‚ flexible object),FullEventful,kanawitih,tsinawitih,kanawitihsk,unawitvh,hinawita,unawitht
879,909,he/she is getting it (refers to a flexible object),FullEventful,kane',tsine',kanehsk,unehs,hinaki,unehst
880,910,he/she is changing it,FullEventful,kanetliyv',tsinetliyv',kanetliyvhsk,unetliyvhs,hinetliyvna,unetliyvhst
882,912,he/she is taking it somewhere by hand (refers to a long object),FullEventful,kanek,tsinek,kanek,uwanvhs,hinuka,uwanvhst
883,913,he/she is peeling him/her,FullEventful,kanekalih,tsinekalih,kanekalihsk,unekalvh,hinekala,unekalht
884,914,he/she is getting some liquid,FullEventful,kaneki',tsineki',kanekihsk,unekihs,hineki,unekihst
885,915,he/she is taking liquid from him/her,FullEventful,kaneki'eh,tsineki'eh,kaneki'eh,uneki'el,hinekihsi,uneki'eht
886,916,he/she is bewitching him/her,FullEventful,kanekuti',tsinekuti',kanekutihsk,unekut,hinekuta,unekutihst
887,917,he/she is holding it in his/her hand (refers to a long object),FullEventful,kaneh,tsineh,kaneh,,hinehehsti,
888,918,he/she is leaving some liquid,FullEventful,kanehiya',tsine'iya',kanehiyahsk,unehiy,hinehiya,unehiyahst
889,919,he/she is giving him/her some liquid,FullEventful,kanenheh,tsineneh,kanenheh,unenhel,hine'vhsi,unenheht
890,920,he/she is finding some liquid,FullEventful,kanewhahthih,tsinewahthih,kanewhahthihsk,unewhahthvh,hinewhahtha,unewhahthvht
891,921,he/she is taking some liquid somewhere,FullEventful,kanewhitih,tsinewitih,kanewhitihsk,unewhitvh,hinewhita,unewhitht
893,923,he/she lives (in sense of resides now),FullEventful,kanel,tsinel,kanel,,hinelehsti,
895,925,it’s freezing,FullEventful,kanehstalati',tsinehstalati',kanehstalatihsk,unehstalat,hinehstalata,unehstalatihst
896,926,it’s hailing,FullEventful,kanehsoyhsk,,kanehsoyhsk,unehsoyhs,,unehsoyhst
899,929,he/she is lying down,FullEventful,kanhk,tsinvk,kanhk,,hinhkehsti,
901,931,he/she is agitating liquid,FullEventful,kanhkwa'eh,tsinhkwa'eh,kanhkwa'ehsk,unhkwa'eh,hinhkwa'vla,unhkwa'eht
902,932,he/she is taking a liquid somewhere by hand,FullEventful,kanhtsek,tsinvtsek,kanhtsek,unhtsvhs,hinhtsuka,unhtsvhst
903,933,he/she is holding some liquid,FullEventful,kanhtseh,tsinvtseh,kanhtseh,,hinhtsehehsti,
904,934,he/she is handling some liquid,FullEventful,kanhtsitoh,tsinvtsitoh,kanhtsitoh,unhtsitol,hinhtsita,unhtsitahst
908,938,he/she is handling it (refers to a long object),FullEventful,kanitoh,tsinitoh,kanitoh,uwanitol,hinita,uwanitahst
909,939,he/she hates him/her,FullEventful,kanikwathih,tsinikwathih,kanikwathih,unikwathilh,hinikwathika,unikwathihst
910,940,he/she is setting up a bed,FullEventful,kanilhati',tsinilhati',kanilhatihsk,unilhat,hinilhata,unilhatihst
913,943,he/she is pleading,FullEventful,kanilati',tsinilati',kanilatihsk,unilat,hinilata,unilatihst
914,944,he/she is burying him/her,FullEventful,ka'nihsih,tsinihsih,ka'nihsihsk,unihsanh,hinihsa,unihsoht
915,945,he/she is leaving it (refers to flexible object),FullEventful,ka'niha',tsi'niya',ka'niyahsk,uniy,hiniya,uniyahst
916,946,he/she is catching him/her,FullEventful,ka'niyih,tsiniyih,kaniyihsk,uniyvh,hiniya,uniyht
918,948,he/she is hunting,FullEventful,kanohalitoh,tsino'alitoh,kanohalitoh,unohalitol,hinohalita,unohalitahst
920,950,he/she is flying,FullEventful,kanohil,tsino'il,kanohilihs,,hinohilihsehsti,
921,951,it’s flooding,FullEventful,kanohuki',,kanohukihsk,unohukan,,unohukot
922,952,he/she is causing it to sound,FullEventful,kanoyhvlhihstih,tsinoyvlihstih,kanoyhvlhihstihsk,unoyhvlhihsthan,hinoyhvlhihsta,unoyhvlhihstoht
924,954,it is blowing (refers to wind),FullEventful,kanolv'vhsk,,kanolv'vhsk,unolvn,,unolvt
925,955,he/she is stealing it,FullEventful,kanohski',tsinohski',kanohskihsk,unohskihs,hinohski,unohskihst
928,958,he/she is sinking,FullEventful,kanoyvk,tsinoyvk,kanoyvk,unoyvts,hinoyvki,unoyv'ihst
929,959,he/she is pulling him/her,FullEventful,kanhsane',tsinahsane',kanhsanehsk,unhsanehs,hinahsanaki,unhsanehst
931,961,he/she is dragging him/her,FullEventful,kanhsinek,tsinahsinek,kanhsinek,unhsinvhs,hinahsinuka,unhsinvhst
932,962,he/she is exiting,FullEventful,kanukok,tsinukok,kanukok,unukots,hinuko'i,unukohst
937,967,he/she is twisting him/her,FullEventful,kanutheyoh,tsinutheyoh,kanutheyoh,unutheyol,hinutheyaka,unutheyahst
938,968,he/she is missing him/her (refers to as a target),FullEventful,kanvti',tsinvti',kanvtihsk,unvt,hinvta,unvtihst
940,970,he/she is falling from an upright position,FullEventful,kanvk,tsinvk,kanvk,unvts,hinvki,unv'ihst
941,971,he/she is cleaning him/her,FullEventful,kanvkalih,tsinvkali',kanvkalihsk,unvkalvh,hinvkala,unvkalht
942,972,he/she is hammering it,FullEventful,kanvkwalo',tsinvkwalo',kanvkwalohsk,unvkwalo',hinvkwalotsa,unvkwalohst
946,976,he/she is tying up a leg,FullEventful,kanvlhohih,tsinvlhohih,kanvlhohih,unvlholh,hinvlhoka,unvlhohst
949,979,he/she is tossing about,FullEventful,kanvtsitoh,tsinvtsitoh,kanvtsitoh,unvtsitol,hinvtsita,unvtsitahst
950,980,he/she is giving him/her an object (refers to a flexible object),FullEventful,kanvneh,tsinvneh,kanvneh,unvnel,hinvhsi,unvneht
955,985,he/she is pushing him/her,FullEventful,kahsatohsk,tsiyahsatohsk,kahsatohsk,uwahsatoyh,hiyahsatoyha,uwahsatohst
956,986,he/she is rolling him/her,FullEventful,kahsakwalehih,tsiyahsakwalehih,kahsakwalehih,uwahsakwalelh,hiyahsakwaleka,uwahsakwalehst
960,990,he/she is attaching the object behind it (refers to a flexible object),FullEventful,kahsanenatvhsk,tsihsanenatvhsk,kahsanenatvhsk,uwahsanenatvn,hihsanenatvka,uwahsanenatvt
965,995,it’s dripping,FullEventful,kahskwo'ih,,kahskwo'ih,uwahskwol,,uwahskwo'ihst
968,998,he/she is whistling,FullEventful,kahsvnhk,tsihsvnhk,kahsvnhk,uwahsvnhts,hihsvnhki,uwahsvnhst
969,999,he/she is piling it up,FullEventful,kahsvthvhsk,tsihsvthvhsk,kahsvthvhsk,uwahsvthan,hihsvthvka,uwahsvtht
970,1000,it’s hanging,FullEventful,kath,,kath,,hathehsti,
973,1003,he/she is stabbing him/her,FullEventful,kathih,tsiyathih,kathih,uwathilh,hiyathika,uwathihst
976,1006,he/she is hanging it up,FullEventful,kathvhsk,ka'tvhsk,kathvhsk,uthan,hathvka,utht
977,1007,he/she is joking,FullEventful,kawelhih,tsiwelhih,kawelhihsk,uwelhvnh,hiwelhvna,uwelhvht
978,1008,he/she is resting him/her,FullEventful,kawehsolvhstih,tsiyawehsolvhstih,kawehsolvhstihsk,uyawehsolvhsthan,hiyawehsolvhsta,uyawehsolvhstoht
979,1009,he/she is bathing him/her,FullEventful,kawo',tsiyawo',kawohsk,uwo',hiyawotsa,uwohst
980,1010,he/she is replying,FullEventful,kawohiliyv',kawo'iliyv',kawohiliyvhsk,uwohiliyvhs,hawohiliyvna,uwohiliyvhst
981,1011,he/she is lecturing him/her,FullEventful,kawonhtih,tsiwonhtih,kawonhtihsk,uwonhthan,hiwonhta,uwonhtoht
983,1013,he/she is speaking,FullEventful,kawonih,tsiwonih,kawonihsk,uwonihs,hiwonihi,uwonihihst
986,1016,he/she is sewing it,FullEventful,kayewhsk,tsiyewihsk,kayewhsk,uwayewhs,hiyewa,uwayewhst
992,1022,he/she is feeding him/her,FullEventful,kelhoh,tsiyeloh,kelhoh,uwelhal,hiyeloka,uwelhst
993,1023,he/she is howling,FullEventful,kelhuhvhsk,keluhvhsk,kelhuhvhsk,uwelhunh,helhuhvka,uwelhuhvhst
997,1027,he/she is leading it by a leash,FullEventful,kelihsineh,tsiyelihsineh,kelihsineh,,hiyelihsinehehsti,uwelihsinvhst
1001,1031,he/she is setting a post into the ground (refers to a post or other long object),FullEventful,kethvhsk,ke'tvhsk,kethvhsk,uwethin,hethvka,uwetht
1003,1033,he/she has a nosebleed,FullEventful,kika tekhayvhskwo'ih,kika tekayvhskwo'ih,kika tekhayvhskwo'ih,kika tuyhvhskwol,kika thiyhvhskwotsa,kika tsuyhvhskwo'ihst
1014,1044,he/she is leading him/her by the hand,FullEventful,kohinek,tsiyo'inek,kohinek,uwohinvhs,hiyo'inuka,uwohinvhst
1015,1045,he/she is agreeing with him/her,FullEventful,kohiyhtaneh,tsiyo'iyhtaneh,kohiyhtaneh,uwohiyhtanel,hiyo'iyhtahsi,uwohiyhtaneht
1017,1047,he/she is recognizing him/her,FullEventful,kolhk,tsiyolik,kolhk,uwolhts,hiyoliki,uwolhihst
1018,1048,he/she understands it,FullEventful,kolhk,kolik,kolhk,uwolhts,holhki,uwolhihst
1021,1051,he/she is getting full,FullEventful,kolhvhsk,kolvhsk,kolhvhsk,uwolhvhs,holhvhi,uwolhvhihst
1022,1052,he/she is making it,FullEventful,kolhvhsk,kolhvhsk,kolhvhsk,uwolhvnh,holhvna,uwolhvnht
1023,1053,he/she is making it fall (refers to a round‚ long object),FullEventful,kohonhtih,ko'onhtih,kohonhtihsk,uwohonhthan,hohonhta,uwohonhtoht
1024,1054,it’s falling (refers to a round‚ long object),FullEventful,kohohsk,ko'ohsk,kohohsk,uwohohs,hohohi,uwohohihst
1027,1057,he/she is writing it,FullEventful,kowheli',koweli',kowhelihsk,uwowhelan,howhelvka,uwowhelot
1030,1061,he/she is pulling a trigger,FullEventful,kotsane',kotsane',kotsanehsk,uwotsanehs,hotsanaki,uwotsanehst
1033,1064,he/she is smoking it,FullEventful,kokhsk,kokihsk,kokhsk,uwokhs,hoki,uwokhst
1038,1069,he/she is batting it,FullEventful,kohstvnih,kohstvnih,kohstvnih,uwohstvnil,hohstvnika,uwohstvnihst
1040,1071,he/she is saying to him/her,FullEventful,kohseh,tsiyohseh,kohseh,uwohsel,hiyohsi,uwohseht
1041,1072,it’s swelling,FullEventful,kothihsk,kothihsk,kothihsk,uwothihs,hothihi,uwothihihst
1043,1074,he/she is building a fire,FullEventful,kothvhsk,kotvhsk,kothvhsk,uwothan,hothvka,uwotht
1044,1075,he/she is unhitching him/her,FullEventful,kutale',tsiyutale',kutalehsk,uwutalehs,hiyutalaki,uwutalehst
1045,1076,he/she is hitching him/her up,FullEventful,kutalvhsk,tsiyutalvhsk,kutalvhsk,uwutalvn,hiyutalv'vka,uwutalvt
1050,1081,he/she is putting a handle on a tool,FullEventful,kuhalhvhsk,ku'alhvhsk,kuhalhvhsk,uwuhalhan,huhalhvka,uwuhalht
1052,1083,he/she is washing it,FullEventful,kuhilo',ku'ilo',kuhilohsk,uwuhilo',huhilotsa,uwuhilohst
1053,1084,he/she is accusing him/her,FullEventful,kuhihstih,tsiyu'ihstih,kuhihstihsk,uwuhihsthan,hiyu'ihsta,uwuhihstoht
1055,1086,he/she is covering it,FullEventful,kulhvhsk,kulhvhsk,kulhvhsk,uwulhvn,hulhv'vka,uwulhvt
1056,1087,he/she is putting it in water,FullEventful,kuhvhsk,ku'vhsk,kuhvhsk,uwunh,huhvka,uwuht
1060,1091,he/she is picking him/her up,FullEventful,kuthe',tsiyuthe',kuthehsk,uwuthehs,hiyuthaki,uwuthehst
1061,1092,it’s snowing,FullEventful,kuthih,,kuthihsk,uwuthanh,,uwuthoht
1063,1094,he/she is sifting it,FullEventful,kvkuhstih,kvkuhstih,kvkuhstihsk,uwakuhsthan,hvkuhsta,uwakuhstoht
1064,1095,it’s leaking,FullEventful,kvkuhsk,,kvkuhsk,uwakuhs,,uwakuhst
1067,1098,he/she is alive,FullEventful,kvnh,kvn,kvnh,,hvnhehsti,
1070,1101,he/she is hitting him/her,FullEventful,kvnhih,tsiyvnih,kvnhih,uwanhil,hiyvnika,uwanhst
1071,1102,he/she is cooking it (refers to a specific food),FullEventful,kvnhihstih,kvnihstih,kvnhihstihsk,uwanhihsthan,hvnhihsta,uwanhihstoht
1076,1107,he/she is frying it,FullEventful,kvtsalhvhsk,kvtsalhvhsk,kvtsalhvhsk,uwvtsalhan,hvtsalhvka,uwvtsalht
1078,1109,he/she is melting it,FullEventful,kvnawhtih,kvnawotih,kvnawhtihsk,uwanawhthan,hvnawhta,uwanawhtoht
1079,1110,it’s melting,FullEventful,kvnawohsk,kvnawohsk,kvnawohsk,uwanawohs,hvnawohi,uwanawohihst
1081,1112,he/she is sweeping it,FullEventful,kvnohsahsk,kvnohsahsk,kvnohsahsk,uwanohsah,hvnohsa,uwanohsahst
1082,1113,it’s becoming done (refers to by cooking),FullEventful,kvnhsk,,kvnhsk,uwanhs,hvnhi,uwanhihst
1083,1114,he/she is hiding it,FullEventful,kvhskalhvhsk,kvhskalhvhsk,kvhskalhvhsk,uwahskalhan,hvhskalhvka,uwahskalht
1084,1115,he/she is hiding it (refers to a long object),FullEventful,kvhskalati',kvhskalati',kvhskalatihsk,uwahskalat,hvhskalata,uwahskalatihst
1085,1116,he/she is hiding him/her (refers to a flexible object),FullEventful,kvhskalvhsk,tsiyvhskalvhsk,kvhskalvhsk,uwahskalvn,hiyvhskalv'vka,uwahskalvt
1086,1117,he/she is cracking it,FullEventful,kvhskwalo',kvhskwalo',kvhskwalohsk,uwahskwalo',hvhskwalotsa,uwahskwalohst
1087,1118,he/she is putting it into a fire,FullEventful,kvthvhsk,kvtvhsk,kvthvhsk,uwvthan,hvthvka,uwvtht
1088,1119,he/she is soaking it (refers to a flexible object),FullEventful,kvwalhvhsk,kvwalhvhsk,kvwalhvhsk,uwvwalhan,hvwalhvka,uwvwalht
1119,1163,he/she is returning,FullEventful,ika'luhk,itsi'luhk,ika'luhk,v'uluhts,tsihi'luhki,
1221,1272,he/she is ascending an incline,FullEventful,khanaluhsk,tsinaluhsk,khanaluhsk,unhaluhs,hinhaluhi,unhaluhihst
1224,1275,he/she is making him/her angry,FullEventful,khanalvhstih,tsinalvhstih,khanalvhstihsk,unhalvhsthan,hinalvhsta,unhalvhstoht
1227,1278,he/she is rooting it out,FullEventful,khanahstetlih,tsinahstetlih,khanahstetlihsk,unhahstetlvh,hinhahstetla,unhahstelht
1229,1280,he/she is cold,FullEventful,khanawok,tsinawok,khanawok,unhawots,hinhawoki,unhawohst
1230,1281,he/she is speaking,FullEventful,khanek,tsinek,khanek,unhets,hinheki,unhehst
1231,1282,he/she is prying it,FullEventful,khanekwatih,tsinekwatih,khanekwatihsk,unhekwatvh,hinhekwata,unhekwatht
1232,1283,he/she is accumulating it,FullEventful,khanehkwo',tsinehkwo',khanehkwohsk,unhehkwo',hinhehkwotsa,unhehkwohst
1233,1284,it’s accumulating,FullEventful,khanehkwok,,khanehkwok,unhehkwots,hinhehkwoki,unhehkwo'ihst
1234,1285,he/she is mentioning it,FullEventful,khane'ihstih,tsine'ihstih,khane'ihstihsk,unhe'ihsthan,hinhe'ihsta,unhe'ihstoht
1235,1286,it’s contaminated (refers to contaminated by visible foreign matter),FullEventful,khanehsalh,,khanehsalh,,,
1236,1287,he/she is contaminating it (refers to contaminated by visible foreign matter),FullEventful,khanehsalhvhsk,tsinehsalhvhsk,khanehsalhvhsk,unhehsalhan,hinhehsalhvka,unhehsalht
1241,1292,he/she is collecting from him/her,FullEventful,khanilhvhsk,tsinilhvhsk,khanilhvhsk,unhilhan,hinilhvka,unhilht
1246,1297,he/she is telling it,FullEventful,khanoheh,tsinoheh,khanohehsk,unhohelh,hinhohvla,unhoheht
1247,1298,he/she is omitting him/her,FullEventful,khanohiya',tsinohiya',khanohiyahsk,unhohiy,hinohiya,unhohiyahst
1249,1300,he/she is fanning him/her,FullEventful,khanoyeh,tsinoyeh,khanoyehsk,unhoyeh,hinoyvla,unhoyeht
1253,1304,it’s misting,FullEventful,khanuyolati',,khanuyolatihsk,unhuyola't,,unhuyolatihst
1254,1305,he/she is straining it,FullEventful,khanvhsolvhstih,tsinvhsolvhstih,khanvhsolvhstihsk,unhvhsolvhsthan,hinhvhsolvhsta,unhvhsolvhstoht
1256,1307,he/she is curing him/her,FullEventful,khanvwi',tsinvwi',khanvwihsk,unhvwan,hinvwvka,unhvwot
1258,1309,he/she is breathing,FullEventful,khawolate',ka'wolate',khawolatehsk,uwholatehs,hawholataki,uwholatehst
1261,1312,he/she is parting with him/her (refers to in death),FullEventful,khtek,tsiyvtek,khtek,uwhtets,hiyvteki,uwhte'ihst
1262,1313,he/she is using it,FullEventful,khtih,kvtih,khtihsk,uwhthan,hvhta,uwhtoht
1263,1314,he/she is putting out a fire,FullEventful,khtlati',kvtlati',khtlatihsk,uwhtlat,hvhtlata,uwhtlatihst
1264,1315,he/she is sharpening it,FullEventful,khtlih,kvtlih,khtlihsk,uwhtlvh,hvhtla,uwhtlvht
1265,1316,it is going out (refers to fire‚ light),FullEventful,khtlohsk,,khtlohsk,uwhtlohs,hvhtlohi,uwhtlohihst
1266,1317,he/she is putting it into a fire (refers to a flexible object),FullEventful,khtv'vhsk,kvtv'vhsk,khtv'vhsk,uwhtvn,hvhtv'vka,uwhtvt
1267,1319,he/she is mingling with a group,FullEventful,khelatitoh,ke'latitoh,khelatitoh,uwhelatitol,helatita,uwhelatitahst
1270,1322,he/she is linking it,FullEventful,khilhvhsk,kv'ilhvhsk,khilhvhsk,uwhilhan,hvhilhvka,uwhilht
1277,1329,he/she is shaking it (refers to a flexible object),FullEventful,khtsakv'vhsk,tsiyvtsakv'vhsk,khtsakv'vhsk,uwhtsakvn,hiyvtsakvyha,uwhtsakvt
1285,1337,it is hanging (refers to a long object),FullEventful,khtho',,khtho',,hatho'ehsti,
1286,1338,he/she is hanging it up (refers to a long object),FullEventful,khthohsati',kathohsati',khthohsatihsk,uwhthohsat,hathohsata,uwhthohsatihst
1301,1356,there are (a number of three or more must be specified),FullEventful,nani',notsi',nani',,nitsi'ehsti,
1306,1363,he/she is saying it,FullEventful,nikawe',nitsiwe',nikawehsk,nuwehs,nhiwi,iyuwehst
1308,1365,he/she is taking it off,FullEventful,nikvnhte',nikvnhte',nikvnhtehsk,nuwanhtehs,nhvnhtaki,iyuwanhtehst
1309,1366,he/she is putting it on,FullEventful,nikvnhtih,nikvnhtih,nikvnhtihsk,nuwanhthan,nhvnhta,iyuwanhtoht
1323,1380,he/she has something on (refers to objects),FullEventful,nuwanht,nakwvnht,nuwanht,nuwanht,nitsvnhtehsti,
1450,1516,he/she is in prayer,FullEventful,utatolihst,akwatatolihst,utatolihst,utatolihst,tsatatolihstehsti,utatolihstoht
1451,1517,he/she loves,FullEventful,utakeyuh,akwatakeyuh,utakeyuhs,utakeyuhs,tsatakeyuhsehsti,utakeyht
1459,1525,it’s wrinkled,FullEventful,utanekoyuh,akwatanekoyuh,utanekoyuhs,utanekoyuhs,tsatanekoyuhsehsti,
1462,1528,he/she feels,FullEventful,utanhth,akwatanhth,utanhth,utanhth,tsatanhthehsti,utanhtatihst
1470,1536,it’s in view,FullEventful,utayvlath,akwatayvlath,utayvlath,utayvlath,tsatayvlathehsti,utayvlatht
1471,1537,he/she is throwing it,FullEventful,utek,akwatek,utek,utinvhs,tsatuka,utinvt
1476,1542,he/she is having a birthday,FullEventful,utethiyih,akwatethiyih,utethiyihsk,utethiyvh,tsatethiya,utethiyht
1478,1544,it’s hot,FullEventful,utilhehk,,utilhehk,utilhehk,tsatilhehkehsti,
1479,1545,he/she has a fever,FullEventful,utilhehvhsk,akwatilhehvhsk,utilhehvhsk,utilhehvhsk,tsatilhehvhi,utilhehvhst
1480,1546,he/she is in hiding,FullEventful,utihskalh,akwatihskalh,utihskalh,utihskalh,tsatihskalhehsti,utihskalht
1481,1547,he/she is getting well,FullEventful,utiwhsk,akwatiwhsk,utiwhsk,utiwhs,tsatiwhi,utiwhihst
1483,1549,there’s an opening,FullEventful,utlanvt,,utlanvt,utlanvt,,
1484,1550,he/she has time,FullEventful,utlanvta'teh,akwatlanvta'teh,utlanvta'teh,utlanvta'tel,tsatlanvtatihsi,utlanvta'teht
1485,1551,he/she is disbelieving,FullEventful,utlahsithv'eh,akwatlahsithv'eh,utlahsithv'eh,utlahsithv'el,tsatlahsithvhsi,utlahsithv'eht
1487,1553,he/she is taking revenge,FullEventful,utlek,akwatlek,utlek,utlets,tsatleki,utle'ihst
1489,1555,he/she is wearing an earring,FullEventful,utli'at,akwatli'at,utli'at,utli'at,tsatli'atehsti,
1493,1559,he/she is sick,FullEventful,utlvk,akhtlvk,utlvk,utlvk,tstlvki,utlv'ihst
1505,1571,he/she is standing in liquid,FullEventful,utuh,akwatuh,utuhs,utuhs,tsatuhsehsti,utuht
1507,1573,he/she wants it,FullEventful,utulih,akwatulih,utulihsk,utulvh,tsatula,utulht
1508,1574,he/she is willing,FullEventful,utvnv'ihst,akwatvnv'ihst,utvnv'ihst,utvnv'ihst,tsatvnv'ihstehsti,
1514,1580,he/she is becoming warm,FullEventful,ukanawohsk,akikanawohsk,ukanawohsk,ukanawohs,tsakanawohi,ukanawohihst
1516,1582,he/she is possessive of him/her,FullEventful,ukeyuh,tsikeyu',ukeyuhs,ukeyuhs,hikeyuhsehsti,ukeyht
1523,1589,he/she is late,FullEventful,ukonhiyok,akikonhiyok,ukonhiyok,ukonhiyots,tsakonhiyoki,ukonhiyohst
1524,1590,it’s decaying,FullEventful,ukohsk,akikohsk,ukohsk,ukohs,tsakohi,ukohihst
1530,1596,he/she has an object (refers to a solid object),FullEventful,uh,akih,uh,uh,tsahehsti,
1531,1597,he/she is yawning,FullEventful,uhalhokeh,akhalhokeh,uhalhokehsk,uhalhokeh,tsahalhokvla,uhalhokeht
1534,1600,he/she is having trouble breathing,FullEventful,uhawohstih,akihawohstih,uhawohstihsk,uhawohsthan,tsahawohsta,uhawohstoht
1535,1601,there is dew,FullEventful,uhihsath,akihihsath,uhihsath,uhihsath,tsahihsathehsti,
1536,1602,he/she is lonesome,FullEventful,uhihsohtaneh,akihihsohtaneh,uhihsohtaneh,uhihsohtanel,tsahihsohtahsi,uhihsohtaneht
1537,1603,it’s lonesome,FullEventful,uhihsoht,,uhihsoht,uhihsoht,,
1544,1610,he/she is becoming angry,FullEventful,unhalvk,akhinalvk,unhalvk,unhalvts,tshanalvki,unhalv'ihst
1545,1611,he/she is angry,FullEventful,unhalvh,akhinalvh,unhalvhs,unhalvhs,tshanalvhsehsti,
1548,1614,he/she is stubbing his/her toe,FullEventful,unhahskwalo',akhinahskwalo',unhahskwalohsk,unhahskwalo',tshanahskwalotsa,unhahskwalohst
1551,1617,he/she has a chill,FullEventful,unhawahstih,akhinawahstih,unhawahstihsk,unhawahsthan,tshanawahsta,unhawahstoht
1554,1620,he/she is in bed,FullEventful,unhih,akwanhih,unhih,unhih,tsanhihehsti,
1557,1623,he/she is wearing a shirt,FullEventful,unhuw,akwanhuw,unhuw,unhuw,tsanhuwehsti,
1561,1627,he/she is buying it,FullEventful,uwhahsk,akhiwahsk,uwhahsk,uwhahs,tshawahi,uwhahihst
1563,1629,he/she is looking for it,FullEventful,uyhoh,akiyhoh,uyhoh,uyhal,tsayhka,uyhst
1564,1630,he/she is afloat,FullEventful,uyholuh,akhiyoluh,uyholuhs,uyholuhs,hiyholuhvka,uyholuht
1569,1635,it is cold (refers to weather),FullEventful,uyhvtl,,uyhvtl,uyhvtl,,
1570,1636,he/she has a cold,FullEventful,uyhvtla uniyih,uyhvtla aki'niyih,uyhvtla uniyihsk,uyhvtla uniyvh,uyhvtla witsa'niya,uyhvtla uniyht
1571,1637,he/she is choking on it,FullEventful,uyhvhtsinvthk,akhiyvhtsinvthk,uyhvhtsinvthk,uyhvhtsinvts,tshayvhtsinvthki,uyhvhtsinvtst
1572,1638,he/she is getting drunk,FullEventful,uyhvhste',akhiyvhste',uyhvhstehsk,uyhvhsta',tshayvhstaka,uyhvhstehst
1576,1642,he/she is inside it,FullEventful,utsa',akwatsa',utsa',utsa',tsatsa'ehsti,
1580,1646,he/she is grinning,FullEventful,utsetst,akwatsetst,utsetst,utsetst,hatsetsta,utsetstoht
1585,1651,it’s rattling,FullEventful,utsonath,akwatsonath,utsonath,utsonath,hatsonathvka,utsonatht
1592,1658,it’s sticking out,FullEventful,ukhsath,akwakhsath,ukhsath,ukhsath,tsakhsathehsti,ukhsatht
1593,1659,he/she is watching him/her,FullEventful,ukhsehst,tsiyakahsehst,ukhsehst,ukhsehst,hiyakahsehstehsti,ukhsehstoht
1597,1663,it’s foggy,FullEventful,ukhvhat,akikhvhat,ukhvhat,ukhvhat,tsakhvhatehsti,
1599,1665,he/she is not having luck at hunting,FullEventful,ukwholek,akikwholek,ukwholek,ukwholvhs,tsakwholuka,ukwholvhst
1602,1668,he/she is losing his/her way,FullEventful,ulenahih,akwalenahih,ulenahih,ulenalh,tsalenaka,ulenahst
1604,1670,he/she is making a mistake,FullEventful,ulitahstih,akilitahstih,ulitahstihsk,ulitahsthan,tsalitahsta,ulitahstoht
1612,1678,he/she is whining,FullEventful,uliyetih,akiliyetih,uliyetihsk,uliyethan,tsaliyeta,uliyetoht
1613,1679,he/she is wearing a ring,FullEventful,uliyehsuhsthk,akwaliyehsuhsthk,uliyehsuhsthk,uliyehsuhsthk,tsaliyehsuhsthkehsti,
1614,1680,it’s cloudy,FullEventful,ulokil,,ulokil,ulokil,,
1616,1682,it’s happening to him,FullEventful,ulhstanheh,akwalhstanheh,ulhstanheh,ulhstanhel,tsalhstahsi,ulhstanheht
1618,1684,he/she is wearing a cap,FullEventful,ulhstul,akwalhstul,ulhstul,ulhstul,tsalhstulehsti,
1621,1687,he/she is sticking his/her head out,FullEventful,ulhskwalut,akwalhskwalut,ulhskwalut,ulhskwalut,tsalhskwalutehsti,
1622,1688,he/she is wearing a hat,FullEventful,ulhskwethuhk,akwalhskwethuhk,ulhskwethuhk,ulhskwethuhk,tsalhskwethuhkehsti,
1623,1689,it’s dark,FullEventful,ulhsihk,,ulhsihk,ulhsihk,tsalhsihkehsti,
1627,1693,he/she likes him/her,FullEventful,ulvkwht,tsilvkwot,ulvkwht,ulvkwht,hilvkwota,ulvkwhtoht
1629,1695,he/she has an object (refers to a flexible object),FullEventful,una',akina',una',una',tsana'ehsti,
1632,1698,they are together,FullEventful,unalikoh,okalikoh,unalikohs,unalikohs,itsalikohsehsti,
1639,1705,he/she is being mean,FullEventful,unekuts,akinekuts,unekuts,unekuts,tsanekutsehsti,
1642,1708,he/she has a liquid,FullEventful,uneh,akineh,uneh,uneh,tsanehehsti,uneht
1646,1712,he/she knows it,FullEventful,unhth,akwanhth,unhth,unhth,tsanhthehsti,
1649,1715,it is making a sound,FullEventful,unoyhvhk,akinoyhvhk,unoyhvhk,unoyhvlhs,tsanoyhvla,unoyhvlhihst
1664,1730,he/she is receiving punishment,FullEventful,uhstvti',akhstvti',uhstvtihsk,uhstvt,tstvta,uhstvtihst
1671,1737,he/she is coughing,FullEventful,uhsiwhahsk,akhsiwhahsk,uhsiwhahsk,uhsiwhah,tsiwhahi,uhsiwhahihst
1677,1743,he/she is wearing pants,FullEventful,uhsul,akwahsul,uhsul,uhsul,tsahsulehsti,
1681,1747,he/she is going to bed,FullEventful,uhsvhih,akhsvhih,uhsvhih,uhsvlh,tsvha,uhsvhst
1683,1749,he/she is thirsty,FullEventful,uthateki',akhthateki',uthatekihsk,uthatekan,tsthatekvka,uthatekot
1684,1750,he/she is becoming enraged,FullEventful,uthalhawohsk,akhthalhawohsk,uthalhawohsk,uthalhawohs,tsthalhawohi,uthalhawohihst
1693,1759,he/she is listening to him/her,FullEventful,uthvtahst,tsiyathvtahst,uthvtahst,uthvtahst,hiyathvtahstehsti,uthvtahstoht
1698,1764,he/she is forgetting it,FullEventful,uwakhewhsk,akwvkhewhsk,uwakhewhsk,uwakhewhs,witsvkhewa,uwakhewhihst
1699,1765,he/she is belching,FullEventful,uwakhulek,akikhulek,uwakhulek,uwakhulets,tsakhuleki,uwakhule'ihst
1700,1766,he/she is shivering,FullEventful,uwanawi',akinawi',uwanawihsk,uwanaw,tsanawa,uwanawihst
1704,1770,he/she is in a hurry,FullEventful,uwanvk,akwvnvk,uwanvk,uwanvk,tsvnvki,uwanvhst
1708,1774,he/she smells it,FullEventful,uwawhsvk,akiwhsvk,uwawhsvk,uwawhsvts,tsawhsvki,uwawhsvhst
1709,1775,he/she has an object (refers to a long object),FullEventful,uway,akwvy,uway,uway,tsvyehsti,
1710,1776,he/she is aching,FullEventful,uwehihstaneh,akwehihstaneh,uwehihstaneh,uwehihstanel,tsehihstahsi,uwehihstaneht
1711,1777,he/she is yelling,FullEventful,uwelhuhk,akwelhuhk,uwelhuhk,uwelhunh,helhuhvka,uwelhuhvhst
1719,1785,he/she has it,FullEventful,uwekhah,akikhah,uwekhah,uwekhah,tsekhahehsti,
1721,1787,he/she is worried,FullEventful,uwelihi',akwelihi',uwelihihsk,uwelihihsk,tselihihskehsti,uwelihihst
1729,1795,he/she is confident,FullEventful,uwohiyuh,akwohiyuh,uwohiyuhs,uwohiyuhs,tsohiyuhsehsti,
1730,1796,he/she is sitting,FullEventful,uwolh,akwolh,uwolh,uwolh,tsolhehsti,
1739,1805,he/she is laughing,FullEventful,uyetsk,akiyetsk,uyetsk,uyets,tsayetsa,uyetst
1740,1806,he/she is itching,FullEventful,uyote',akiyote',uyotehsk,uyotehsk,tsayotaka,uyotehst
1741,1807,he/she is losing it,FullEventful,uyohuhseh,akiyohuhseh,uyohuhseh,uyohuhsel,tsayohuhsi,uyohuhseht
1745,1811,he/she is hungry,FullEventful,uyohsih,akiyohsih,uyohsihsk,uyohsihsk,tsayohsihsa,uyohsihsoht
1754,1823,he/she is sending on object (refers to a long object),FullEventful,wati',witsiti',watihsk,wut,whita,wutihst
1761,1830,he/she is sending it,FullEventful,wahvhsk,witsi'vhsk,wahvhsk,wunh,whihvka,wuht
1765,1834,he/she is heading in the direction of,FullEventful,wakhth,witsikath,wakhth,wakhth,whikhthehsti,
1774,1845,he/she is sending it,FullEventful,wikakhahvhsk,witsiyakhahvhsk,wikakhahvhsk,wuwakhan,whiyakhahvka,wuwakhoht
1775,1846,he/she is sending it (refers to something liquid),FullEventful,wikanehvhsk,witsine'vhsk,wikanehvhsk,wunenh,whinehvka,wuneht
1776,1847,he/she is sending it (refers to a flexible object),FullEventful,wikanv'vhsk,witsinv'vhsk,wikanv'vhsk,wunvn,whinv'vka,wunvt
1778,1849,he/she is going out of sight,FullEventful,wutelik,wakwatelik,wutelik,wutelits,witsateliki,wutelihst
