corpus_id,entry_no,definition,singular,plural,animate
0,4,boy,atshutsa,anitshutsa,
1,5,male animal,atshvya,anitshvya,
2,6,wood,ata,,
3,7,young animal (refers to an animal born in a litter or hatched),a'ta,anita,
4,12,belt,atatlohsti,titatlohsti,
5,13,prayer,atatolihsti,,
6,16,love,atakeyhti,,
7,17,thing that kills,atahihi,anatahihi,
8,18,purse,atalhinehsalhti,titalhinehsalhti,
9,19,gift,atanhehti,titanhehti,
10,21,fan,atanhoyo,titanhoyo,
11,24,cancer,atayhehski,,
12,27,adultery,atayhonehti,,
13,28,adulterer,atayhonehi,tinatayhonehi,
14,30,something that stings,atatsvyhski,anatatsvyhski,
15,32,mirror,atakhehti,titakhehti,
16,35,store,atana'nv'i,tatana'nv'i,
17,39,alternate,atanetliyvhstihski,anatanetliyvhstihski,
18,40,provisions,atanelhv'i,tatanelhv'i,
19,41,building,atanelv'i,tatanelv'i,
20,42,heart,atanhto,titanhto,
21,44,thought,atanhthehti,,
22,51,kitchen,atahstayhti'i,titahstayhti'i,
23,53,magician,atawehi,anitawehi,
24,56,flame,atawelakihski,titawelakihski,
25,57,gunpowder,atawelakihski,,
26,59,Adam,Atawi,,
27,61,swimming pool,atawohsti'i,titawohsti'i,
28,62,television,atayvlathvhski,titayvlathvhski,
29,68,money,atela,,
30,69,bank,ateltiyhti'i,atel tsuniyhti'i,
31,70,California,Ateltsulhv'i,,
32,72,dollars,atelv'i,,
33,75,curve,ateyohv'i,tateyohv'i,
34,85,something to drink,atithahsti,titithahsti,
35,87,spoon,atithohti,titithohti,
36,88,rubber,atla,,
37,90,pocket,atlawa'tv'i,tatlawa'tv'i,
38,93,revenge,atle'ihsti,,
39,94,apron,atlehsato,titlehsato,
40,95,turn-off,atlehskv'i,tatlehskv'i,
41,97,earring,atli'ato,titli'ato,
42,101,container (for liquid),atlihstohti,titlihstohti,
43,106,walking cane,atolanvhsti,titolanvhsti,
44,107,sorcerer,atonihski,tinatonihski,
45,108,freedom,atutalehsti,,
46,109,Dutch,Atvtsi,Anitvtsi,
47,112,actor,atvnelihski,anatvnelihski,
48,118,twister,akaluka,,
49,120,doctor,aka'nakhthi,anika'nakhthi,
50,125,seine,akayaluti,tikayaluti,
51,127,old woman,akayvlike'i,anikayvlike'i,
52,129,woman,akeyha,anikeyha,
53,130,girl,akeyhutsa,anikeyhutsa,
54,134,agony,akilhiyi,,
55,136,young animal (refers to an animal not born in litter or hatched),akina,anikina,
56,137,something to eat (refers to a single solid food),akihsti,,
57,139,female animal,akihsi,anikihsi,
58,142,perch,akola,anikola,
59,144,famine,akona,,
60,146,lettuce,akohstakihsti,,
61,149,sight,akowhthvhti,,
62,151,creek,Akuhsa,Anikuhsa,
63,152,his/her forehead,akvtakeni,,
64,156,black person,akvnhake'i,anikvnhake'i,
65,160,loudmouth,ahalata,tinihalata,
66,163,deer,ahawi,awhi,
67,170,steering wheel,ahilvhsti'i,tihi'lvhsti'i,
68,174,something that flies,alhawitihski,tilhawitihski,
69,176,person who makes it fly,alhawithtihski,analhawithtihski,
70,180,ruler,alhilohsti,tilhilohsti,
71,184,preacher,alhtsatohvhski,analhtsatohvhski,
72,187,phonograph record,alhohti,tilhohti,
73,190,comb,alhthawohsti,tilhthawohsti,
74,194,shirt,anhawo,tinhawo,
75,199,interpretation,anhelhthanv'i,tinhelhthanv'i,
76,205,his/her mouth,aholi,,
77,207,stove pipe,ahutsawolatvti,tihutsawolatvti,
78,208,chimney,ahutsawolatvti,tahutsawolatv'i,
79,209,drum,ahuli,tihuli,
80,217,necktie,ayhatlvti,tiyhatlvti,
81,219,necklace,ayhalhti,tiyhalhti,
82,227,knife,ayhelhsti,hayelhsti,
83,231,thunder,ayhvtakwalohski,,
84,232,refrigerator,ayhvtlatihstihski,tiyhvtlatihstihski,
85,233,ladder,ayhvhtlo,tiyhvhtlo,
86,235,his/her neck,ayhvhtseni,,
87,237,prisoner,ayhvkhi,aniyhvkhi,
88,242,fish,atsa'ti,,
89,243,Choctaw,Atsahta,Anitsahta,
90,247,grave,atselihstv'i,tatselihstv'i,
91,249,mattress,atsehsto,titsehsto,
92,251,fire,atsila,,
93,252,watercress,atsila,,
94,253,Catholic,Atsila Gelhohi,Atsila Anelhohi,
95,254,match,atsila kolhvhti,titsila tikolhvhti,
96,257,flower,atsilvhski,anitsilvhski,
97,258,cedar,atsina,,
98,262,lamp,atsvhsti,titsvyhsti,
99,264,badge,akhanehsti,tikhanehsti,
100,265,his/her hip,akhahskeni,tikhahskeni,
101,267,steps,akhilhohsvhsti'i,tikhilhohsvhsti'i,
102,269,pill,akhihsti,tikhihsti,
103,271,elbow,akhiyuhske,tikhiyuhske,
104,272,his/her elbow,akhiyuhskeni,tikhiyuhskeni,
105,274,shovel,akhotehsti,tikhotehsti,
106,275,left,akhskani,,
107,278,down-hill route,akhsohskv'i,takhsohskv'i,
108,279,eye,akhtha,tikhtha,
109,281,witness,akhthahi,anikhthahi,
110,286,scenery,akhthenahsti'i,,
111,289,right position,akhthihsi,anikhthihsi,
112,291,guard,akhthiyi,anikhthiyi,
113,292,telescope,akhthohti,tikhthohti,
114,294,his/her eye,akhtholi,tikhtholi,
115,296,wisdom,akhtho'vhihsti,,
116,299,dipper,akhukihsti,tikhukihsti,
117,302,pillow,akwhsto,tikwhsto,
118,306,ball-player,alahskalihski,analahskalihski,
119,308,law suit,alahsulhti,,
120,309,shoe,alahsulo,tilahsulo,
121,317,sweat,ali,,
122,319,headband,alikvtanohstohti,tilikvtanohstohti,
123,320,mask,alikvtulo,tilikvtulo,
124,323,friendship,ali'i,,
125,326,glove,aliyehsulo,tiliyehsulo,
126,328,ring,aliyehsuhstho,tiliyehsuhstho,
127,330,sock,aliyo,tiliyo,
128,333,food,alhstayhti,,
129,335,aid (refers to financial assistance),alhstelhtohti,,
130,340,cap,alhstulo,tilhstulo,
131,350,hat,alhskwethuwo,tilhskwethuwo,
132,353,water,ama,,
133,354,salt,ama,,
134,355,water well,amalhti'i,,
135,356,water bucket,amalhtohti,,
136,357,United States,Amayelhi,,
137,359,shore,amayulhti,,
138,360,ocean,amekwo'i,,
139,361,contest,anatakonathtihskv'i,,
140,364,lightning,anakalihski,tinakalihski,
141,365,brothers (refers to more than two brothers),analhinvtli,,
142,367,doll,anelhti,tinelhti,
143,371,strawberry,a'ni,,
144,375,his/her husband,anineli,,
145,376,Mexico,Anihskwani'i,,
146,377,military service,aniyohski'i,,
147,378,May,Anhskvthi,,
148,379,March,Anvyhi,,
149,383,dress,ahsano,tihsano,
150,386,line,ahstanvnhv'i,tahstanvnhv'i,
151,392,something to eat (refers to something long),ahstikihsti,tihstikihsti,
152,394,crusher,ahstohski'i,tihstohski'i,
153,398,sandwich,ahstvhalhi,tihstvhalhi,
154,410,evil,ahskanhi,,
155,411,sinner,ahskana'i,anihskana'i,
156,413,man,ahskaya,anihskaya,
157,415,officer,ahskayekvhsta,anihskayekvhsta,
158,416,demon,ahskina,anihskina,
159,422,eraser,ahskolvtihsti,tihskolvtihsti,
160,425,his/her shin,ahskvtakeni,tihskvtakeni,
161,427,his/her side,ahskwakeni,tihskwakeni,
162,433,Mexican,Ahskwani,Anihskwani,
163,441,individual,ahsiyvwi,anihsiyvwiha,
164,442,his/her head,ahskholi,,
165,445,fence,ahsoyhv'i,tahsoyhv'i,
166,449,string,ahsthi,,
167,457,pants,ahsulo,tihsulo,
168,458,gravy,ahsuhsti,,
169,463,saw-mill,ahsvkwalohski'i,tihsvkwalohski'i,
170,464,bridge,ahsvhtlv'i,tahsvhtlv'i,
171,467,Nighthawk,Ahsvnoyi,Anihsvnoyi,
172,468,young woman,atha,anatha,
173,469,range,athalhawohihsti,,
174,473,hole,athalehsv'i,tathalehsv'i,
175,475,adolescent girl,athanutsa,anathanutsa,
176,478,explosive,athahskihski,tithahskihski,
177,483,dish,athelito,tithelito,
178,485,shirt,athilhti,tithilhti,
179,488,argument,athiyohsti,tithiyohsti,
180,491,candidate,athohkiyahski,tinathohkiyahski,
181,499,alcoholic beverage,athukihsti,,
182,506,young man,awina,aniwina,
183,507,adolescent boy,awinutsa,aniwinutsa,
184,508,eagle,awoha'li,,
185,512,one who distributes,ayathohihi,aniyathohihi,
186,513,chapter,ayatholhv'i,tayatholhv'i,
187,515,center,ayelhi,,
188,517,his/her body,ayelv'i,,
189,521,floor,ayotalhahv'i,tayotalhahv'i,
190,525,child,ayolhi,tiniyolhi,
191,525,child,ayolhi,tiyolhi,
192,527,death,ayohuhihsti,,
193,532,soldier,a'yohski,aniyohski,
194,539,entrance,ayvhstohti'i,tiyvhstohti'i,
195,540,person,ayvwi,yvwi,
196,540,person,ayvwi,aniyvwi,
197,541,Indian,ayvwiya'i,Aniyvwiya'i,
198,542,white person,ayvwuneka,aniyvwuneka,
199,542,white person,ayvwuneka,aniyoneka,
200,542,white person,ayoneka,aniyvwuneka,
201,542,white person,ayoneka,aniyoneka,
202,544,coal,tshinohska,,
203,545,flea,tshuhka,,
204,550,crossroads,tatanhawhstv'i nvnohi,,
205,559,oyster,takvna,,
206,561,car,takwalela,,
207,566,war,tanhawa,,
208,570,Vian,Danhuko'i,,
209,579,terrapin,takhsi,,
210,580,padlock,takhsi,,
211,590,turnip,takwhsani,,
212,591,woodpecker,talala,,
213,598,Tahlequah,Dalikwa,,
214,605,horsefly,tamaka,,
215,612,Christmas,Danihstayohihv'i,,
216,624,flint,tawihskala,,
217,626,mushroom,tawoli,,
218,627,cork,tawoliyuhsti,,
219,630,sack,tekalhti,,
220,640,June,tehaluyi,,
221,649,marriage,titshvhsti,,
222,650,murderer,titahihi,tinatahihi,
223,651,courthouse,titahi'litahsti'i,tsunatahi'litahsti'i,
224,652,camera,titalhilohstihski,,
225,653,picture,titalhilohsthanv'i,,
226,654,cross,titanhawita,tsutanhawita,
227,655,conjurer,titanhehsehski,tinatanhehsehski,
228,656,medicine man,titanhvwihski,tinatanhvwihski,
229,657,surgeon,titayhelhohi,tinatayhelhohi,
230,659,false teeth,titanhthohsti,,
231,660,cemetery,titanihsohti'i,tsunatanihsohti'i,
232,661,police officer,titaniyihski,tinataniyihski,
233,662,cook,titahstayvhvhski,tinatahstayvhvhski,
234,663,barber,titahstoyehski,tinatahstoyehski,
235,664,jail,titahstuti'i,tsunatahstuti'i,
236,665,leader,titathinhitohi,tinatathinhitohi,
237,666,lender,titatholhstihski,tinatatholhstihski,
238,667,Baptist,Ditawohski,Dinatawohski,
239,668,student,titelhohkwahski,tinatelhohkwahski,
240,669,teacher,titeyhohvhski,tinateyhohvhski,
241,671,meeting place,titlohihsti'i,,
242,672,excuse,titlvkwhihstohti,,
243,673,pear,tikatvti,,
244,674,church,tikalawihsti'i,tsunilawihsti'i,
245,676,farmer,tikalokihski,tinilokihski,
246,677,dumplings,tikalvnvhi,,
247,678,announcement,tikanotsalhti,,
248,679,pantry,tikanhsoti'i,,
249,680,his ribs,tikanulatsi,,
250,681,oven,tikathti'i,,
251,682,gig,tikathihsti,,
252,683,papers,tikowheli,,
253,684,pencil,tikowheloti,,
254,685,discussion (refers to Biblical discussion),tikohsihsohti,,
255,686,mud dauber,tikulhtihski,tinulhtihski,
256,687,judge,tikukhtihski,tinukhtihski,
257,688,one that kills,tihihi,tinihihi,
258,689,telephone,tilhinohehti'i,tsunalhinohehti'i,
259,690,jumper,tilhthateki,tinalhthateki,
260,691,clothing,tinhawo,,
261,692,bed covers,tinhawohstohti,,
262,693,wrestler,tinhehihi,tinanhehihi,
263,694,carpenter,tinhehskehski,tinanhehskehski,
264,695,spurs,tiyhvkihsti,,
265,697,Cherokee (refers to written Cherokee),Ditsalaki,,
266,698,east,tikhalvkv'i,,
267,699,song book,tikhanokihsti,,
268,700,angel,tikhanowatitohi,tinikhanowatitohi,
269,701,law,tikhanowatvhsti,,
270,702,firefighter,tikhtlatihski,tinhtlatihski,
271,703,sharpener,tikhtlvhti,,
272,705,eyeglasses,tikhthinvthti,,
273,706,binoculars,tikhthohti,,
274,707,playing cards,tikwhanayohsti,,
275,708,pepper,tikwhayoti,,
276,709,scissors,tilhstoyhti,,
277,711,brothers (dl excluded),tinatanhvlhi,,
278,712,toy,tinelhtohti,,
279,713,enemies,tinitanhawi,,
280,714,dresser,tihsehihsti'i,,
281,715,numbers,tihsehsti,,
282,716,paint,tihsuwhihsti,,
283,717,drill,tithalehsti,,
284,718,iron,tithehsti,,
285,719,lawyer,tithiyohihi,tinathiyohihi,
286,720,poke,tla'ita,,
287,721,bat,tlameha,,
288,722,leech,tlanuhsi,,
289,723,bluejay,tlayhka,,
290,724,Jay,Dlayhkv'i,,
291,725,garden,tlokehsi,,
292,726,purple martin,tlutlu,,
293,730,Sunday,Dotakwahskv'i,,
294,731,Saturday,Dotakwitena,,
295,732,Monday,Dotakwonhv'i,,
296,735,mosquito,tohsa,,
297,736,ant,tohsvta'li,,
298,739,his/her family,tutathinha'v'i,,
299,749,September,Dulihsti,,
300,752,fork (refers to fork in tree),tulotskv'i,,
301,754,October,Duninhti,,
302,759,truth,tuyukhtv'i,,
303,768,sea,ekwoni,,
304,770,resident,ehi,anehi,
305,771,Indigenous,ehiya'i,anehiya'i,
306,773,animal (refers to non-domesticated animal),enha'i,,
307,788,soil,kata,,
308,790,flag,kata'ti,tikata'ti,
309,791,crock,katakuku,,
310,792,clay,katakwala,,
311,795,plow,katalukoti,tikatalukoti,
312,798,his/her heel,katikeni,tikatikeni,
313,810,bread,katu,,
314,812,cooperative labor (where involving a community),katuki,,
315,813,town,katuhv'i,,
316,816,hill,katuhsi,,
317,817,cake,katu ukanahsta,,
318,819,cucumber,kakama,,
319,820,paddle,kakawehsti,tikakawehsti,
320,825,wheel,kakwathti,tikakwathti,
321,827,wedge,kahathti,tikahathti,
322,829,container,kalhtohti,tikalhtohti,
323,832,arrow,kalhita,tikalhita,
324,835,bow,kalhtsa'ti,tikalhtsa'ti,
325,836,house,kalhtsote,,
326,837,roofing,kalhtsothtohti,,
327,838,tent,kalhtsothv'i,tekalhtsothv'i,
328,846,collar,kayha'tlv'i,tekayha'tlv'i,
329,847,saddle,kayhahulo,tikayhahulo,
330,849,something to eat (refers to something flexible),kayhehsti,tikayhehsti,
331,858,plant (refers to plotted plant‚ young tree‚ young garden plant),kakhohti,tikakhohti,
332,861,container,kalatihstohti,tikalatihstohti,
333,862,street,kalanvtv'i,tekalanvtv'i,
334,865,blacksnake,ka'leki,,
335,866,his/her ear,ka'leni,tika'leni,
336,876,hoe,kalokoti,tikalokoti,
337,877,gun,kalokwe,tikalokwe,
338,879,doorway,kalohihsti'i,tikalohihsti'i,
339,881,August,Ga'lonhi,,
340,890,axe,kaluyhsti,tikaluyhsti,
341,891,bed bug,kaluyhsti,anikaluyhsti,
342,893,container for something flexible,kalvtohti,tikalvtohti,
343,895,heaven,kalvlati,,
344,899,sky,kalvlo'i,,
345,902,livestock,kanalha'i,,
346,911,skin,kaneka,,
347,922,his/her chest,kanetsi'i,,
348,924,married person,kaneli,tinineli,
349,927,saw,kanhtohki,tikanhtohki,
350,928,his/her tooth,kanhtohkv'i,tekanhtohkv'i,
351,930,his/her tongue,kanhko'i,,
352,935,salesman,kanhthanitohi,aninhthanitohi,
353,936,bullet,ka'ni,,
354,937,his/her tail,kanita'tv'i,,
355,941,bedstead,kanilhatihsti,tikanilhatihsti,
356,942,bed,kanilhi,tikanilhi,
357,947,catcher,ka'niyihski,aniniyihski,
358,949,hunter,kanohalitohi,aninohalitohi,
359,953,leather,kanotsi,,
360,957,thief,kanohskihski,aninohskihski,
361,960,stick,kanhsta,,
362,963,water spring,kanukokv'i,tekanukokv'i,
363,964,exit,kanuko'ihstohti'i,,
364,965,grass,kanulv,,
365,966,lawn mower,kanulv akalhsti,,
366,969,his/her breast,kanvti'i,tikanvti'i,
367,973,hammer,kanvkwalohsti,tikanvkwalohsti,
368,974,blacksmith shop,kanvkwalohski'i,,
369,977,brake,kanvlhohsti,tikanvlhohsti,
370,978,route,kanvnhv'i,tekanvnhv'i,
371,981,pipe,kanvnowa,,
372,982,leg,kanvhske,tikanvhske,
373,983,his/her leg,kanvhskeni,tikanvhskeni,
374,984,his/her shoulder,kanvwo'i,tikanvwo'i,
375,988,coat,kahsaleni,tikahsaleni,
376,989,roof,kahsanali,,
377,991,chair,kahskilo,tikahskilo,
378,992,dining table,kahskilo alhstayhti'i,,
379,993,rocking chair,kahskilo tilhihkehski,,
380,997,his/her back,kahsohi'i,,
381,1001,button,kathti,tikathti,
382,1002,cooking pan,kathehsa'ti,tikathehsa'ti,
383,1004,stompgrounds,kathiyo'i,,
384,1005,tail,kathohka,tikathohka,
385,1012,gossip,kawonita,,
386,1014,cantaloupe,kawhsvki,aniwhsvki,
387,1015,his/her finger,kayehsa'tv'i,tekayehsa'tv'i,
388,1017,sewing machine,kayewhski'i,,
389,1018,liar,kayhkoki,aniyhkoki,
390,1019,lie,kayhkoki,,
391,1026,clinic,ketsikoliyeti'i,,
392,1028,pie,kelihsthki,tikelihsthki,
393,1029,crowbar,kethilohsti,tikethilohsti,
394,1030,post,kethvhsti,tikethvhsti,
395,1032,blood,kika,,
396,1035,loose hair,ki'lha,,
397,1036,dog,kilhi,,
398,1037,hounddog,kilhi tika'lenvhita,kilhi tinilenvhita,
399,1038,English,Gilihsi,,
400,1039,quarter,kinuthti,,
401,1041,spring (refers to the season),kokeyi,,
402,1042,summer,koki,,
403,1043,a long time,kohita,,
404,1046,belief,kohiyhti,,
405,1049,his/her acquaintance,kolhki,tikolhki,
406,1050,butter,kolhvnhv'i,,
407,1056,paper,kowheli,tikowheli,
408,1059,Greasy,ko'i,,
409,1059,Greasy,ko'i,,
410,1062,trigger,kotsanehsti'i,tikotsanehsti'i,
411,1063,cigarette,kokhsti,tikokhsti,
412,1065,winter,kola,,
413,1066,pneumonia,kolehi,,
414,1070,bat,kohstvnihsti,tikohstvnihsti,
415,1073,fire (refers to for heating),kothv'i,,
416,1077,bottle,kuku,,
417,1078,tick,kuku,,
418,1079,Bartlesville,Guku'i,,
419,1080,handle (refers to for a tool),kuhalhti,tikuhalhti,
420,1082,quail,kuhkwe,,
421,1085,lid,kulhvti,tikulhvti,
422,1088,acorn,kule,,
423,1089,mourning dove,kule tihskonhihi,kule tinihskonhihi,
424,1090,Muskogee,Guhso'i,,
425,1093,watermelon,kvkihsti,,
426,1097,bobcat,kvhe,,
427,1104,his/her life,kvnhv'i,tanvnhv'i,
428,1108,turkey,kvna,,
429,1111,broom,kvnohsahsti,tikvnohsahsti,
430,1127,meat,hawiya,,
431,1141,mud,lha wothu,,
432,1147,tree,lhkv'i,telhkv'i,
433,1148,lion,lhvtatsi,tlhvtatsi,
434,1152,board,yhahthena,tiyhahthena,
435,1152,board,yhahthena,tsuyhahthena,
436,1154,quilt,yhehkalhi,tiyhehkalhi,
437,1160,quantity (with inanimate object),ika,,inanimate
438,1161,day,ika,,
439,1164,in length,ikanvhita,itikanvhita,
440,1165,rick,ikahsvthi,,
441,1166,height,ikathi,itinathi,animate
442,1166,height,ikathi,itikathi,inanimate
443,1167,length of time,ikohita,,
444,1168,area,ikvnatena,,
445,1175,years,,itsutethiyvta,
446,1178,size,ikhita,,
447,1179,foot (refers to unit of measure),ilahsihti,,
448,1183,snake,inata,,
449,1184,forest,inake'i,,
450,1186,flour,ihsa,,
451,1187,inch,ihsihthatihsti,,
452,1188,pumpkin,iya,,
453,1189,cent,iyatanhthehti,,
454,1191,minute,iyathawhohsthanv'i,,
455,1192,apart,iyutali,,
456,1193,unit of measure (refers to acres‚ bushels‚ gallons‚ hours‚ miles‚ yards),iyulhilota,,
457,1194,weeks,iyunatotakwahsti,,
458,1196,o’clock,iyuwanhilv'i,,
459,1197,time,iyuwakhti,yuwakhti,
460,1201,Cherokee language,Jalaki,,
461,1202,Cherokee,Jalaki,Anitsalaki,
462,1202,Cherokee,Atsalaki,Anitsalaki,
463,1203,North Carolina,Jalakuwethi'i,,
464,1205,chickadee,tsikilili,,
465,1206,chewing gum,tsilali,,
466,1207,Jesus,Jihsa,,
467,1208,rabbit,tsihstu,,
468,1209,crayfish,tsihstvna,,
469,1210,scorpion,tsihstvna atatsvyhski,,
470,1211,bird,tsihskwa,,
471,1212,robin,tsihskwokwo,,
472,1213,chicken,tsithaka,,
473,1214,rooster,tsithaka atshvya,tsithaka anitshvya,
474,1215,boat,tsiyu,,
475,1216,pilot,tsiyu tilhawithtihski,tsiyu tinalhawithtihski,
476,1221,Wednesday,Jo'ine Ika,,
477,1222,tobacco,tsola,,
478,1223,window,tsolani,,
479,1226,chairman,tsutathinha'i,tsunatathinha'i,
480,1227,south,tsukanawv'i,,
481,1228,cabbage,tsukanhtena,,
482,1229,centipede,tsukanotsi,tsunikanotsi,
483,1230,price,tsukvwalhti,tsunakvwalhti,
484,1231,wealth,tsukvwalhti,,
485,1234,his/her clothes,tsunhawo,,
486,1235,north,tsuyhvtlv'i,,
487,1237,bull,tsukhanvhstena,tsunakhanvhstena,
488,1239,smoke,tsukhsvhsti,,
489,1240,copperhead,tsukhthatsihstalhi,tsunakhthatsihstalhi,
490,1242,alligator,tsulahski,,
491,1243,cast iron,tsulahski,,
492,1246,catfish,tsulihstanali,tsunilihstanali,
493,1249,worker,tsulvwhihstanehi,tsunilvwhihstanehi,
494,1250,jail,tsunatahstuti'i,titahstuti'i,
495,1251,school,tsunatelhohkwahsti'i,,
496,1252,cafe,tsunalhstayhti'i,,
497,1253,Friday,Junhkilohsti,,
498,1254,hospital,tsunitlvki'i,,
499,1255,hotel,tsunihsvhsti'i,,
500,1256,days,tsuhsvhita,,
501,1257,his/her home,tsuwenvhsv'i,,
502,1261,shell,tsvhskino,,
503,1262,February,Kaka'li,,
504,1263,coffee,khawhi,,
505,1265,locust tree,khalokwekhti,,
506,1266,Locust Grove,Kalokwekhti'i,,
507,1267,sugar,khalhsetsi,,
508,1268,month,kha'lv'i,,
509,1269,butterfly,khamama,,
510,1270,elephant,khamama,,
511,1271,wasp,khanatsihstetsi,,
512,1274,anger,khanalv'ihsti,,
513,1276,spider,khana'nehski,,
514,1277,his/her toe,khanahsa'tv'i,tekhanahsa'tv'i,
515,1279,pick,khanahstelhti,tikhanahstelhti,
516,1288,box,khanehsa'i,tikhanehsa'i,
517,1289,nest,khanehstalhahv'i,tekhanehstalhahv'i,
518,1290,hay,khanehska,,
519,1291,his/her knee,khanikeni,tikhanikeni,
520,1293,rat,khanikwhsa,,
521,1294,arm,khanoke,tikhanoke,
522,1295,his/her arm,khanokeni,tikhanokeni,
523,1296,news,khanoheta,,
524,1299,Passover Supper,Kanohiyeki,,
525,1301,sassafras,khanhstatsi,,
526,1302,blackberries,khanukalhi,,
527,1303,bullfrog,khanuna,,
528,1306,room,khanvhsulv'i,tekhanvhsulv'i,
529,1308,April,khawonhi,,
530,1310,duck,khawonu,,
531,1311,his/her nose,khayvhsoli,,
532,1320,member,kheli,anheli,
533,1321,camel,khemili,,
534,1328,chipmunk,khiyuka,,
535,1330,spade,Kotehski,Akhotehski,
536,1330,spade,Kotehski,Anikhotehski,
537,1331,crow,khoka,,
538,1334,bone,khola,,
539,1335,ashes,khohstu,,
540,1339,mulberries,khuwa,,
541,1340,sycamore,khuwatsuneka,,
542,1341,huckleberries,khuwaya,,
543,1342,Pryor,Kuwayo'i,,
544,1343,July,Kuyekwona,,
545,1344,racoon,khvlhi,,
546,1346,peach,kwhana,,
547,1347,cobra,kwhantayoha,,
548,1348,plum,kwhanunhsti'i,,
549,1349,locust,lolo,,
550,1359,hominy,newata,,
551,1371,pine,nohtsi,,
552,1372,star,nokwhsi,,
553,1373,sand,noya,noyi,
554,1379,potato,nuna,,
555,1381,New York,Nuyaki,,
556,1382,sun,nvta,,
557,1383,November,Nvtatekwa,,
558,1384,calendar,nvta tihsehsti,,
559,1385,Texas,Nvtaki,,
560,1389,Thursday,Nvhkine Ika,,
561,1390,road,nvnohi,,
562,1391,peace,nvwhthohiyata,,
563,1392,medicine,nvwothi,,
564,1393,poisonous liquid medicine (refers to a medicine not to be swallowed),nvwothi atahihi,,
565,1394,rock,nvya,,
566,1395,brick,nvya athvtanv'i,,
567,1399,mountain,otalv'i,totalv'i,
568,1400,Oklahoma,Okalahoma,,
569,1401,groundhog,okana,,
570,1404,soap,olha,,
571,1411,gospel (refers to good news),ohsta khanoheta,,
572,1413,stove,ohsi,,
573,1414,cook stove,ohsi atahstayhti'i,,
574,1415,heating stove,ohsi akanawohihsti'i,,
575,1419,trap,satvti,tihsatvti,
576,1422,persimmon,sali,,
577,1423,snapping turtle,salikuki,,
578,1424,squirrel,saloli,,
579,1425,goose,sahsa,,
580,1427,rope,steyita,,
581,1430,door,stuti,tihstuti,
582,1431,key,stu'ihsti,tihstu'ihsti,
583,1433,Satan,setani,,
584,1434,walnut,seti,,
585,1435,green snake,selakwoya,,
586,1436,corn,selu,,
587,1437,popcorn,selu anhthahskihski,,
588,1438,corn meal,selu ihsa,,
589,1439,corn cob,selu uta,selu tsuta,
590,1444,ball,skwalhehsti,tihskwalhehsti,
591,1444,ball,skwalhehsti,tihskwatlhehsti,
592,1444,ball,skwatlhehsti,tihskwalhehsti,
593,1444,ball,skwatlhehsti,tihskwatlhehsti,
594,1445,New Mexico,Skwanitsehstv'i,,
595,1446,fist,skwenhv'i,tihskwenhv'i,
596,1452,katydid,sikiki,,
597,1454,pig,sihkwa,,
598,1458,opposite side (refers to a body of water),skhoni,,
599,1460,horse,sokwili,,
600,1461,donkey,sokwili tika'lenvhita,sokwili tini'lenvhita,
601,1462,hickory nut,sohi,,
602,1467,one topic,sutaleki,,
603,1470,period of one year,sutethiyvta,,
604,1471,dough,suketa,,
605,1472,fishhook,suhti,tihsuhti,
606,1473,a unit of measure (refers to one acre‚ one bushel‚ one gallon‚ one hour‚ one mile‚ one yard),sulhilota,,
607,1474,buzzard,suli,,
608,1479,barrel,svtoni,,
609,1480,onion,svki,,
610,1486,apple,svkhtha,,
611,1487,one week,svnatotakwahsti,,
612,1491,Tuesday,Ta'line Ika,,
613,1492,can,thalukihski,,
614,1493,welder,thalukihski tikhanvwihski,thalukihski tininhvwihski,
615,1494,solder,thalukihski tikhanvwotohti,,
616,1495,basket,thalutsa,tithalutsa,
617,1496,tomato,thamalhi,,
618,1497,hawk,thawoti,,
619,1498,toad,thehka,,
620,1499,louse,thina,,
621,1500,lizard,thiyoha'li,,
622,1501,eel,tlhvtekwa,,
623,1505,redbird,thotsuwha,,
624,1506,grasshopper,tholatska,,
625,1507,ghost,tskili,anitskili,
626,1508,bug,tskoya,,
627,1509,whippoorwill,tskwalekwala,,
628,1511,tonsils,thuletsi,,
629,1512,boil (refers to a sore),thuhsti,,
630,1513,beans,thuya,,
631,1514,housefly,thvhka,,
632,1518,ordained minister,utanhilake'i,unatanhilake'i,
633,1519,oldest member of a family,utanhilake'i,unatanhilake'i,
634,1521,bad omen,utalehi,,
635,1522,his/her wife,utali'i,tsunatali'i,
636,1524,store owner,utana'ni,unatana'ni,
637,1526,puddle,utanehv'i,tutanehv'i,
638,1527,his/her heart,utanhto,,
639,1532,a long distance,utanvhita,,
640,1533,row,utanvnhv'i,tutanvnhv'i,
641,1534,punishment,utahstvtihsti,,
642,1538,pitcher (where object is a ball),uteki,unateki,
643,1539,embarrassment,utehohihsti,,
644,1541,ditch,utelihskalvhv'i,tutelihskalvhv'i,
645,1543,bolt,utikwalvteyita,tsutikwalvteyita,
646,1548,his/her navel,utiyvta'tv'i,,
647,1552,non-believer,utlahsithv'ehi,unatlahsithv'ehi,
648,1556,hypocrite,utlonahsti,unatlonahsti,
649,1557,dewberries,utlohsinvta,,
650,1558,splinter,utlvtalvta,tsutlvtalvta,
651,1560,patient,utlvki,tsunitlvki,
652,1562,his/her sister,uto,tsuto,
653,1563,his/her father,utota,,
654,1565,Sunday,Unatotakwahskv'i,,
655,1566,Saturday,Unatotakwitena,,
656,1568,Monday,Unatotakwonhv'i,,
657,1570,his/her grandfather,ututu,,
658,1572,his/her uncle,ututsi,tsutuki,
659,1575,leaf,ukaloka,tsukaloka,
660,1576,soup,ukama,,
661,1579,Democrat,Ukanawa,Unikanawa,
662,1581,page,ukanhta'tv'i,,
663,1583,possessive,ukeyunha'i,unikeyunha'i,
664,1584,feather,ukitalhi,tsukitalhi,
665,1586,dawn,ukitsteyi,,
666,1592,hoot owl,ukukhu,unikukhu,
667,1595,king,ukvwiyuhi,unikvwiyuhi,
668,1598,bell,uhalvni,tsuhalvni,
669,1599,his/her lip,uhaneka'lv'i,tuhaneka'lv'i,
670,1606,his/her aunt,ulhoki,tsulhoki,
671,1609,island,unhalutv'i,tunhalutv'i,
672,1612,root,unhahstetla,tsunhahstetla,
673,1613,its root,unhahstetlv'i,tunhahstetlv'i,
674,1615,possum grape,unhahsuka,uninhahsuka,
675,1616,his/her toenail,unhahsuhkalhv'i,tunhahsuhkalhv'i,
676,1618,his/her shirt,unhawo,tsunhawo,
677,1619,his/her scar,unhelvhsv'i,tunhelvhsv'i,
678,1621,stump,unhilhkv'i,tunhilhkv'i,
679,1622,one dollar,unhohsta,,
680,1624,rainbow,unhvkwholathv'i,tunhvkwholathv'i,
681,1625,corner,unhvhsiyv'i,tunhvhsiyv'i,
682,1628,his/her husband,uyhehi,,
683,1631,horn,uyhona,tsuyhona,
684,1632,cold,uyhvtla,,
685,1634,Republican,uyhvtla,Uniyhvtla,
686,1640,drunkard,uyhvhstehski,tsuniyhvhstehski,
687,1643,wheat,utsalehsti,,
688,1647,possum,utsetsti,unatsetsti,
689,1648,his/her mother,utsi,,
690,1649,cotton,utsilv'i,,
691,1650,worm,utsiya,unitsiya,
692,1652,rattlesnake,utsonathi,unatsonathi,
693,1655,dry place,ukhayhotv'i,tsukhayhotv'i,
694,1656,his/her face,ukhathv'i,,
695,1657,valley,ukhetaliyv'i,tukhetaliyv'i,
696,1660,goat,ukhsotsaneta,unakhsotsaneta,
697,1661,diamondback rattler,ukhsuthi,unakhsuthi,
698,1662,grain,ukhtha,unikhtha,
699,1666,his/her foot,ulahsihteni,tsulahsihteni,
700,1667,his/her shoe,ulahsulo,tsulahsulo,
701,1671,fall,ulikohvhsti,,
702,1674,fat,ulitsohita,,
703,1675,intestine,ulikhsi,tsulikhsi,
704,1677,his/her grandmother (refers to maternal),ulihsi,,
705,1681,cloud,ulokili,,
706,1692,poison ivy,ulvta,,
707,1694,glass,ulvhsa'ti,tsulvhsa'ti,
708,1696,chain,unatatehsvta,tsunatatehsvta,
709,1697,ball field,unalahskalhti'i,tsunalahskalhti'i,
710,1699,his/her friend,unali'i,tsuli'i,
711,1700,his/her girl friend,unalikhti,,
712,1703,his/her skin,uneka'lv'i,,
713,1707,blanket,unekvha'i,tsunekvha'i,
714,1709,creator,Unelhanvhi,unelhanvhi,
715,1710,ice,unehstala,,
716,1711,snow,unhtsi,,
717,1713,his/her grandparent,unihsi,tsunihsi,
718,1714,sheep,unotena,uninotena,
719,1716,wind,unole,,
720,1717,January,Unolvthana,,
721,1718,milk,unvti,,
722,1719,brain,unvtsita,,
723,1722,her dress,uhsano,tsuhsano,
724,1723,cave,uhstakalv'i,tuhstakalv'i,
725,1725,his/her wife,uhstayvhvhski,,
726,1726,baby,uhsti,tsunhsti,
727,1728,trail,uhsti kanvnhv'i,tsuhsti tekanvnhv'i,
728,1729,his/her scalp,uhstineka'lv'i,,
729,1735,his/her abdomen,uhskwolhi',,
730,1738,head,uhskha,tsuhskha,
731,1739,peak (refers to object),uhskholi,tsuhskholi,
732,1741,his/her hair (refers to head of hair),uhsthihkv'i,,
733,1742,his/her claw,uhsuhkalhv'i,tuhsuhkalhv'i,
734,1744,his/her pants,uhsulo,tsuhsulo,
735,1745,shotgun,uhsvtena,tsuhsvtena,
736,1746,conduit,uhsvtoni,tsuhsvtoni,
737,1748,night,uhsv'i,,
738,1753,steam,uthanolvta,,
739,1754,leftovers,uthiyvnhv'i,,
740,1755,his/her ankle,utskwalvthv'i,,
741,1755,his/her ankle,tutskwalvthv'i,,
742,1758,hope,uthuki,,
743,1760,old chap,uthvhihsti,tsunathvhihsti,
744,1761,old man,uthvhsonhv'i,tsunathvhsonhv'i,
745,1762,bush,uwa'ilhv'i,tuwa'ilhv'i,
746,1763,scales,uwatsihskalhv'i,,
747,1768,wool,uwa'ni,,
748,1769,limb (refers to a tree),uwanikalhv'i,tuwanikalhv'i,
749,1779,egg,uwetsi,tsuwetsi,
750,1780,his/her offspring,uwetsi,tsuwetsi,
751,1781,his/her son (refers to a child),uwetsi atshutsa,tsuwetsi anitshutsa,
752,1782,his/her daughter (refers to an adult),uwetsi akeyha,tsuwetsi anikeyha,
753,1783,his/her daughter (refers to a child),uwetsi akeyhutsa,tsuwetsi anikeyhutsa,
754,1784,his/her son (refers to an adult),uwetsi ahskaya,tsuwetsi anihskaya,
755,1786,liver,uwela,tsuwela,
756,1790,creek,uweyv'i,tuweyv'i,
757,1794,foam,uwokilhi,,
758,1797,bluff,uwolha'v'i,tuwolha'v'i,
759,1800,his/her hand,uwoyeni,tsuwoyeni,
760,1802,reason,uyelhti,,
761,1812,pond,vtali,,
762,1813,disease,vyhuki,,
763,1816,locust,vle,,
764,1819,December,Vhskiyhi,,
765,1822,dragonfly,watatuka,,
766,1825,bee,watulihsi,,
767,1826,blood vessel,watuna,tsuwatuna,
768,1827,cow,wahka,,
769,1828,beef,wahka hawiya,,
770,1829,owl,wahuhi,,
771,1831,wolf,wayha,wahaya,
772,1832,clock,watsi,,
773,1833,saliva,watsila,,
774,1835,hummingbird,walela,,
775,1836,frog,walohsi,,
776,1837,hickory tree,wane'i,,
777,1839,moth,wahsolha,,
778,1840,Washington,Wahsvta'na,,
779,1841,Washington (refers to the place),Wahsvtano'i,,
780,1843,cat,wehsa,,
781,1848,pigeon,woyi,woya,
782,1850,west,wutelikv'i,,
783,1851,rest of,wuwakhtv'i,wunvkhtv'i,
784,1855,buffalo,yanhsa,,
785,1857,if,yiki,,
786,1860,bear,yona,,
787,1861,white person,yoneka,aniyoneka,
788,1861,white person,yoneka,aniyvwuneka,
789,1861,white person,yvwuneka,aniyoneka,
790,1861,white person,yvwuneka,aniyvwuneka,
791,1863,fork,yvki,,
792,1864,cannibal,yvwakihski,aniyvwakihski,
