corpus_id,definition,present,present_1sg,imperfective,perfective,imperative,infinitive
59,he/she is giving him/her it (refers to a long object),t-e33h,t-e33h,t-e33h,t-e33l,t-i21hsi2,t-e3ht
72,he/she is laying it down (refers to a long object),-t-i3',-t-i3',-t-i32hsk,-t-,-t-a2,-t-i21hst
80,he/she is leaving it behind (refers to a long object),ti32hs-i22y-a3',ti32hs-i22y-a3',ti32hs-i22y-a32hsk,ti32hs-i22y-,ti21hs-i23y-a2,ti21hs-i23y-a32hst
95,he/she is drawing a liquid out of a container,tl-i23h,tl-i3',tl-i23hsk,tl-v22h,tl-a2,tl-v2ht
96,he/she is pouring a liquid into a container,tli32hst-i2h,tli32hst-i2h,tli32hst-i22hsk,tli32hst-ha2n,tli21hst-a2,tli21hst-o2ht
112,it is shining (refers to sun or moon),ka33l-i2h,,ka33l-i22hsk,ka33l-i22hs,,ka22l-i23hi3hst
115,he/she is licking it,ka2n-a23t-i3',ka2n-a23t-i3',ka2n-a23t-i32hsk,ka2n-a33t-,ka2n-a23t-a2,ka2n-a23t-i32hst
117,he/she is warming it,ka22na2wht-i3h,ka22na2wo21t-i3h,ka22na2wht-i23hsk,ka22na2wht-ha2n,ka22na2wht-a2,ka22na2wht-o3ht
118,it’s getting warm,ka22na2wo22-hsk,,ka22na2wo22-hsk,ka22na2wo22-hs,,ka22na2wo22-hi2hst
127,he/she is eating it (refers to a single solid food),k-i3',k-i3',k-i32hsk,k-,k-a2,k-i21hst
128,he/she is picking it up,-ki33',-ki33',-ki33hsk,-ki33hs,-ki2,-ki21hst
130,he/she is in agony,ki22lhi23yo32-k,ki21li23yo32-k,ki22lhi23yo32-k,ki22lhi23yo32-ts,ki22lhi22yo21-ki2,ki22lhi23yo33-hst
133,he/she is chewing it,ki32hst-o2',ki32hst-o2',ki32hst-o21hsk,ki32hst-o2',ki21hst-o23tsa2,ki21hst-o21hst
138,he/she is reading,ko22li23y-e3',ko22li23y-e3',ko22li23y-e32hsk,ko22li23y-e3',ko22li23y-a2,ko22li23y-e32t
145,he/she is showing it to him/her,ko2whthv2ht-i3h,ko21whthv2ht-i3h,ko2whthv2ht-i23hsk,ko2whthv2ht-ha2n,ko21whthv2ht-a2,ko2whthv2ht-o3ht
149,he/she is chopping it up,kv22ha3lu32y-hsk,kv2'a2lu32y-hsk,kv22ha2lu32y-hsk,kv22ha2lu32y-h,kv22ha2lu21y-ha2,kv22ha2lu21y-hst
152,he/she is scolding him/her,kv22hsko23l-v32hsk,kv21hsko23l-v32hsk,kv22hsko23l-v32hsk,kv22hsko23l-v32n,kv21hsko22l-v2'v21ka2,kv22hsko23l-v32t
155,he/she is diverting him/her,ha2lu23-ki3','a2lu23-ki3',ha2lu23-ki32hsk,ha2lu23-ki32hs,'a2lu23-ki2,ha2lu23-ki32hst
158,he/she is smothering him/her,ha2wo33hst-i2h,'a2wo33hst-i2h,ha2wo33hst-i22hsk,ha2wo33hst-ha2n,'a2wo21hst-a2,ha2wo21hst-o2ht
160,he/she is handling it,h-i23t-o32h,'-i23t-o32h,h-i23t-o32h,h-i23t-o32l,h-i23t-a2,h-i23t-a32hst
165,he/she is leaving it behind,h-i22y-a3','-i22y-a3',h-i22y-a32hsk,h-i33y-,h-i23y-a2,h-i23y-a32hst
166,he/she is placing it on something,lha2-hv3hsk,lha2-hv3hsk,lha2-hv3hsk,lha2-nh,lha2-hv21ka2,lh-o2ht
182,he/she is beating him/her at a game,lho22-hsk,lho22-hsk,lho22-hsk,lho22-hs,lho23-hi2,lho22-hi2hst
200,he/she is putting it in liquid (refers to a long object),hu22-t-i3','u22-t-i3',hu22-t-i32hsk,hu33-t-,hu23-t-a2,hu23-t-i32hst
204,he/she is hitting him/her on the mouth,hu22l-v33n-i2h,'u22l-v33n-i2h,hu22l-v33n-i2h,hu22l-v23n-i32l,'u22l-v22n-i21ka2,hu22l-v23n-i32hst
205,he/she is moving it from one place to another,h-v33','-v33',h-v33hsk,h-v33hs,h-v23na2,h-v21hst
206,he/she is setting it down,-hv3hsk,-'v3hsk,-hv2hsk,-nh,-hv21ka2,-ht
207,he/she is finding him/her,wha2hth-i3h,wa2hth-i3h,wha2hth-i23hsk,wha2hth-v22h,wa2hth-a2,wha2hth-v2ht
208,he/she is visiting him/her,wha2hthv22h-i23t-o32h,wa2hthv22h-i23t-o32h,wha2hthv22h-i23t-o32h,wha2hthv22h-i23t-o32l,wa2hthv22h-i23t-a2,wha2hthv22h-i23t-a32hst
210,he/she is planting it,whi2-hsk,wi2-hsk,whi2-hsk,whi2-hs,whi2-,whi2-hst
215,he/she is calling him/her,yha2n-i3h,ya2n-i3h,yha2n-i23hsk,yha2n-v22h,ya2n-a2,yha2n-ht
216,he/she is taking it somewhere by hand,yh-e33k,y-e33k,yh-e33k,yh-v33hs,yh-u21ka2,yh-v21hst
218,he/she is quilting it,yhe2hka2l-hv3hsk,ye2hka2l-hv3hsk,yhe2hka2l-hv3hsk,yhe2hka2l-ha3n,yhe2hka2l-hv21ka2,yhe2hka2l-ht
219,he/she is making an incision,yhe23l-ho3h,ye23l-ho3h,yhe23l-ho3h,yhe23l-ha3l,ye22l-a2ka2,yhe23l-hst
220,he/she is imitating him/her,yhe22l-i33',ye22l-i33',yhe22l-i33hsk,yhe22l-i33hs,ye23l-a2,yhe22l-i21hst
222,he/she is looking for him/her,y-ho3h,y-o3h,y-ho2h,y-ha2l,y-hka2,y-hst
224,it’s thundering,yhv22ta2kwa2l-o3',,yhv22ta2kwa3l-o32hsk,yhv22ta2kwa2l-o3',,yhv22ta2kwa2l-o21hst
228,he/she is bending it,yhv2hkwi3t-v32hsk,yv2hkwi3t-v32hsk,yhv2hkwi3t-v32hsk,yhv2hkwi3t-v32n,yhv2hkwi2t-v2'v21ka2,yhv2hkwi2t-v21t
232,he/she is capturing him/her,yhv23khi33-t-i2',yv23khi33-t-i2',yhv23khi33-t-i21hsk,yhv23khi33-t-,yv22khi23-t-a2,yhv23khi33-t-i21hst
233,he/she is hitting him/her on the nose,yhv23hste33lu22-hv2hsk,yv23hste33lu22-hv2hsk,yhv23hste33lu22-hv2hsk,yhv23hste33lu22-nh,yv22hste22lu22-hv21ka2,yhv23hste33lu2-ht
234,he/she is choking him/her,yhv2hski23y-i33h,yv2hski23y-i33h,yhv2hski23y-i33hsk,yhv2hski23y-v33h,yv2hski23y-a2,yhv2hski23y-ht
253,he/she is lighting a fire,tsi33hsl-hv22hsk,tsi33hsl-hv2hsk,tsi33hsl-hv2hsk,tsi33hsl-ha2n,tsi21hsl-hv21ka2,tsi21hsl-hv3hst
255,he/she is turning on a light,tsv22hst-hv3hsk,tsv21hst-hv2hsk,tsv22hst-hv3hsk,tsv22hst-ha3n,tsv22hst-hv21ka2,tsv22hst-hv3hst
259,he/she is chasing him/her,khe23h-e32k,khe23h-e32k,khe23h-e32k,khe23h-v32hs,khe22h-u21ka2,khe23h-v32hst
263,he/she is swallowing it,khi2-hsk,'ki2-hsk,khi2-hsk,khi2-hs,khi2-hi2,khi2-hi2hst
266,he/she is shovelling it,kho23t-e3',kho23t-e3',kho23t-e32hsk,kho23t-e32hs,kho22t-a2ki2,kho23t-e32hst
270,he/she is going down-hill,khso3-hsk,ka21hso3-hsk,khso3-hsk,khso3-hs,khso21-hi2,khso21-hi2hst
273,he/she knows how,khtha2-h,ka21tha2-h,khtha2-h,,,
278,he/she is hitting him/her on the eye,khthe22lu22-hv3hsk,ka21the22lu22-hv3hsk,khthe22lu22-hv2hsk,khthe22lu22-nh,ka21the22lu22-hv21ka2,khthe22lu2-ht
280,he/she is looking around,khthe33n-o2h,ka21the33n-o2h,khthe33n-o2h,khthe23n-o32l,khthe22n-a2ka2,khthe23n-a32hst
290,he/she is going through it,khthv33le22-hsk,ka21thv33le22-hsk,khthv33le22-hsk,khthv33le22-hs,khthv22le23-hi2,khthv22le23-hi3hst
291,he/she is dipping liquid,khu23-ki3','ku23-ki3',khu23-ki32hsk,khu23-ki32hs,khu23-ki2,khu23-ki32hst
366,they are asleep (refers to more than two),lhi3n-,lhi3n-,lhi3n-,,,
373,he/she is setting a trap,hsa2t-v32hsk,hsa2t-v32hsk,hsa2t-v32hsk,hsa2t-v32n,hsa22t-v22'v21ka2,hsa2t-v21t
374,he/she is lifting him/her,hsa2la2t-i3',hsa2la2t-i3',hsa2la2t-i32hsk,hsa2la2t-a32n,hsa2la2t-v21ka2,hsa2la2t-o21t
377,he/she is making it crisp,hsta2ka2yht-i3h,hsta2ka2yht-i3h,hsta2ka2yht-i23hsk,hsta2ka2yht-ha3n,hsta2ka2yht-a2,hsta2ka2yht-o3ht
378,it’s becoming crisp,hsta2ka2yv22-hi3h,,hsta2ka2yv22-hi2h,hsta2ka2yv22-lh,,
380,he/she is drawing a line,hsta2nv22n-hv3hsk,hsta2nv22n-hv3hsk,hsta2nv22n-hv3hsk,hsta2nv22n-ha3n,hsta2nv22n-hv21ka2,hsta2nv2n-ht
381,he/she is following him/her,hsta32wa2t-e33k,hsta32wa2t-e33k,hsta32wa2t-e33k,hsta32wa2t-v33hs,hsta21wa2t-u21ka2,hsta21wa2t-v21hst
382,he/she is helping him/her,hste22l-i3h,hste22l-i3h,hste22l-i23hsk,hste22l-v22h,hste23l-a2,hste2l-ht
383,he/she is braiding it,hste33y-o2h,hste33y-o2h,hste33y-o2h,hste23y-o32l,hste22y-a2ka2,hste23y-o32t
384,he/she is eating it (refers to a long object),hsti23k-i3',hsti23k-i3',hsti23k-i32hsk,hsti33k-,hsti23k-a2,hsti23k-i32hst
386,he/she is crushing it,hst-o33',hst-o33',hst-o33hsk,hst-o33',hst-o23tsa2,hst-o21hst
388,he/she is trimming it (refers to hair‚ grass‚ hedge; but not paper‚ cloth),hsto22y-e3h,hsto22y-e3h,hsto22y-e23hsk,hsto22y-e23h,hsto23y-a2,hsto2y-ht
390,he/she is opening it,hstu3-'i2',hstu3-'i2',hstu3-'i21hsk,hstu3-'i21hs,hstu2-'i2,hstu2-'i21hst
392,he/she is sandwiching it,hstv23ha3l-hv2hsk,hstv23ha3l-hv2hsk,hstv23ha3l-hv2hsk,hstv23ha3l-ha2n,hstv22ha2l-hv21ka2,hstv23ha3l-ht
400,he/she is reprimanding him/her,hska32-k,hska32-k,hska32-k,hska32-ts,hska21-ki2,hska21-yhst
405,he/she is committing a crime,hska2nv32-k,hska2nv32-k,hska2nv32-k,hska2nv32-ts,hska2nv21-ki2,hska2nv21-yhst
411,he/she is gnawing it,hsko22k-i3',hsko22k-i3',hsko22k-i32hsk,hsko33k-,hsko23k-a2,hsko23k-i32hst
412,he/she is mourning for him/her,hsko23n-hi3h,hsko23n-hi3h,hsko23n-hi3h,hsko23n-hi3l,hsko23n-hka2,hsko23n-hst
416,it’s fading,hsko23lv32-k,,hsko23lv32-k,hsko23lv32-ts,,hsko23lv32-yhst
419,he/she is finishing it,hskw-a2t-i33',hskw-a2t-i3',hskw-a2t-i32hsk,hskw-a3t-,hskw-a2t-a2,hskw-a2t-i21hst
421,he/she is catching him/her (refers to a falling person or object),hskwa32lh-e2',hskwa32lh-e2',hskwa32lh-e21hsk,hskwa32lh-e21hs,hskwa21lh-a2ki2,hskwa21lh-e21hst
423,it’s getting shorter,hskwa2lo32-k,hskwa2lo32-k,hskwa2lo32-k,hskwa2lo32-ts,hskwa2lo21-ki2,hskwa2lo21-yhst
424,he/she is breaking it (refers to a long object),hskwa32l-hsk,hskwa32l-hsk,hskwa32l-hsk,hskwa32l-hs,hskwa2l-a2,hskwa21l-hst
425,he/she is hitting him/her on the head with it (refers to a long object),hskwa2l-v33n-i2h,hskwa2l-v33n-i2h,hskwa2l-v33n-i2h,hskwa2l-v23n-i32l,hskwa2l-v22n-i21ka2,hskwa2l-v23n-i32hst
427,he/she is amazed,hskwa2ni2ko23-hsk,hskwa2ni2ko23-hsk,hskwa2ni2ko23-hsk,hskwa2ni2ko23-hs,hskwa2ni2ko23-hi2,hskwa2ni2ko23-hi3hst
429,he/she is hitting him/her on the abdomen with it (refers to a long object),hskwo22ha2l-v33n-i2h,hskwo22ha2l-v33n-i2h,hskwo22ha2l-v33n-i2h,hskwo22ha2l-v23n-i32l,hskwo22ha2l-v22n-i21ka2,hskwo22ha2l-v23n-i32hst
436,he/she is roping him/her,hslh-a2t-i3',hslh-a2t-i3',hslh-a2t-i32hsk,hslh-a3t-,hslh-a2t-a2,hslh-a2t-i21hst
441,he/she is wounding him/her,hso22n-v22hsk,hso22n-v22hsk,hso22n-v22hsk,hso22n-v22nh,hso22n-v23na2,hso22n-v22hst
445,he/she is painting it,hsu23wh-i3hsk,hsu23wh-i3hsk,hsu23wh-i3hsk,hsu23wh-i3hs,hsu23wh-a2,hsu23wh-i3hst
449,he/she is quitting,hsu22li2-ko33k,hsu22li2-ko33k,hsu22li2-ko33k,hsu22li2-ko33ts,hsu22li2-ko2'i2,hsu22li2-ko2hst
455,it smells,hsv32-k,hsv32-k,hsv32-k,,,
459,he/she is drinking it up,hsv2-hv3hsk,hsv2-hv3hsk,hsv2-hv3hsk,hsv2-nh,hsv2-nha2,hsv3-hv3hst
464,he/she is mooring a boat,tha2l-a2t-i3',tha2l-a2t-i3',tha2l-a2t-i32hsk,tha2l-a3t-,tha2l-a2t-a2,tha2l-a2t-i21hst
472,he/she is kissing him/her,tha2we23to3-'v2hsk,ta2we23to3-'v2hsk,tha2we23to3-'v2hsk,tha2we23to32-n,ta2we22to2-'v21ka2,tha2we23to32-t
474,he/she is asking for it,tha2yo22-hi3h,tha2yo22-hi3h,tha2yo22-hi2h,tha2yo22-lh,tha2yo23-ha2,tha2yo22-hst
477,he/she is shaking him/her,the33l-v22hv3hsk,the33l-v22hv3hsk,the33l-v22hv2hsk,the33l-v22nh,the21l-v23na2,the21l-ht
493,he/she is promising,thu3'i2hst-i3h,thu3'i2hst-i3h,thu3'i2hst-i23hsk,thu3'i2hst-ha3n,thu2'i2hst-a2,thu2'i2hst-o3ht
502,he/she is inside,y-a3',y-a3',y-a3',,,
507,he/she is waking up,ye33-k,ye33-k,ye33-k,ye33-ts,ye21-ki2,ye2-'i2hst
509,he/she is waking him/her up,ye33'i2hst-i3h,ye33'i2hst-i3h,ye33'i2hst-i23hsk,ye33'i2hst-ha3n,ye2'i2hst-a2,ye2'i2hst-o3ht
511,he/she is putting him/her inside (refers to somewhere large enough to move around in),yht-i3h,yv21t-i3h,yht-i23hsk,yht-ha2n,yv21t-a2,yht-o3ht
513,he/she is getting it (refers to a long object),y-i3h,y-i33',y-i23hsk,y-v22h,y-a2,y-ht
515,it’s breaking,yo33-k,yo33-k,yo33-k,yo33-ts,yo21-ki2,yo21-yhst
516,he/she is shooting him/her,yo22-hi3h,yo2-'i3h,yo22-hi2h,yo22-lh,yo2-'a2,yo22-hst
519,he/she is whittling it,yo22l-hv3hsk,yo21l-v3hsk,yo22l-hv3hsk,yo22l-ha3n,yo22l-hv21ka2,yo22l-hv3hst
523,he/she is greeting him/her,yo33l-i2h,yo33l-i2h,yo33l-i2h,yo23l-i32l,yo22l-i2ka2,yo23l-i32hst
524,he/she is breaking it,yo33hst-i2h,yo33hst-i2h,yo33hst-i22hsk,yo33hst-ha2n,yo21hst-a2,yo21hst-o3ht
526,he/she is destroying it,yo33hstha2n-o3hv3hsk,yo33hstha2n-o3hv3hsk,yo33hstha2n-o3hv3hsk,yo33hstha2n-o3nh,yo21hstha2n-o2nha2,yo21hstha2n-o3hv3hst
529,he/she is entering it,yv22-hi3h,yv2-'i3h,yv22-hi2h,yv22-lh,yv23-ha2,yv22-hst
530,he/she is finding it (refers to a long object),yv22wha2hth-i3h,yv21wa2hth-i3h,yv22wha2hth-i23hsk,yv22wha2hth-v22h,yv22wha2hth-a2,yv22wha2hth-v2ht
531,he/she is taking it somewhere (refers to a long object),yv22whi22t-i3h,yv21wi22t-i3h,yv22whi22t-i23hsk,yv22whi22t-v22h,yv22whi23t-a2,yv22whi22t-ht
742,he/she is walking around,e21t-o33h,e23t-o32h,e21t-o33h,e23t-o32l,e23t-a2,e22t-a21hst
746,he/she lives,-e23h,-e33',-e21h,,-e22he33hsti2,
752,he/she thinks so,e21l-i3',e22l-i3',e21l-i32hsk,e22l-i32hs,e23l-a2,e22l-i21hst
757,he/she is straightening it,tshi2no22-hs-i3h,tshi2no22-hs-i3h,tshi2no22-hs-i23hsk,tshi2no22-hs-a2nh,tshi2no23-hs-a2,tshi2no22-hs-o2ht
764,he/she is plowing it,ta2lu23k-i3',ta2lu23k-i3',ta2lu23k-i32hsk,ta2lu23k-a32n,ta2lu22k-v21ka2,ta2lu23k-o32t
767,he/she is turning it,te23yhst-i2h,te23ya32hst-i2h,te23yhst-i22hsk,te23yhst-ha2n,te2yhst-a2,te23yhst-o2ht
769,he/she is spinning it,ti33kwa2lv22te23yhst-i2h,ti33kwa2lv22te23yhst-i2h,ti33kwa2lv22te23yhst-i22hsk,ti33kwa2lv22te23yhst-ha2n,ti21kwa2lv22te23yhst-a2,ti21kwa2lv22te23yhst-o2ht
770,he/she is strapping it,tlo22-hi3h,tlo22-hi3h,tlo22-hi2h,tlo22-lh,tlo23-ka2,tlo23-hst
772,he/she is standing,to32-k,to32-k,to32-k,,to32-ke33hsti2,
775,he/she is pitying him/her,to23li32-k,to23li32-k,to23li32-k,to23li32-ts,to22li21-ki2,to22li3-hst
784,he/she is baking it,tu22-hv33hsk,tu22-hv3hsk,tu22-hv2hsk,tu22-nh,tu22-hv21ka2,t-ht
791,he/she is rowing,ka2we23-hsk,ka2we33-hsk,ka2we23-hsk,ka2we23-hs,ka2we23-hi2,ka2we23-hst
796,he/she is pecking it,kwa2yo22-hi3h,kwa2yo2-'i3h,kwa2yo22-hi2h,kwa2yo22-lh,kwa2yo2-'a2,kwa2yo22-hst
798,he/she is putting it into a container,lht-i3h,lo21t-i3h,lht-i23hsk,lht-ha2n,lht-a2,lht-o3ht
804,he/she is gathering it,lh-i22hs-i3h,lh-i22hs-i3h,lh-i22hs-i23hsk,lh-i22hs-a2nh,lh-i23hs-a2,lh-i23hs-o3ht
809,he/she is piling it up,l-hu2hsk,l-hu2hsk,l-hu2hsk,l-hu2n,l-hu21ka2,l-hu3hst
811,he/she is putting it in a hole or a container,l-hv3hsk,l-'v3hsk,l-hv3hsk,l-ha2n,l-hv21ka2,l-ht
812,he/she is sleepy,lh-v22hsk,'l-v22hsk,lh-v22hsk,lh-v22nh,lh-v23na2,lh-v2nht
813,he/she is taking it somewhere by hand (refers to a flexible object),nh-e33k,'n-e33k,nh-e33k,nh-v33hs,nh-u21ka2,nh-v21hst
815,he/she is handling it (refers to a flexible object),nh-i23t-o32h,'n-i23t-o32h,nh-i23t-o32h,nh-i23t-o32l,nh-i23t-a2,nh-i23t-a32hst
818,he/she is eating it (refers to a flexible object),yh-e33',y-e33',yh-e33hsk,yh-a33',y-a2ka2,yh-e21hst
820,he/she is ripping it,tsa2ka2l-i3h,tsa2ka2l-i33',tsa2ka2l-i23hsk,tsa2ka2l-v22h,tsa2ka2l-a2,tsa2ka2l-ht
821,he/she is scratching him/her,tsa2li2ko23-hsk,tsa2li2ko33-hsk,tsa2li2ko23-hsk,tsa2li2ko23-hs,tsa2li2ko23-la2,tsa2li2ko23-hst
823,he/she is pricking him/her,tsa2yo22-hi3h,tsa2yo2-'i3h,tsa2yo22-hi2h,tsa2yo22-lh,tsa2yo2-'a2,tsa2yo22-hst
824,he/she is wringing it out,tsv22wa32hst-i2h,tsv22wa32hst-i2h,tsv22wa32hst-i22hsk,tsv22wa32hst-ha2n,tsv22wa21hst-a2,tsv23wa32hst-o2ht
825,he/she is stinging it,tsv3y-hsk,tsv3y-hsk,tsv3y-hsk,tsv33y-h,tsv21y-ha2,tsv21y-hst
826,he/she is leaving a living thing behind,kha2h-i22y-a3',kha2h-i22y-a3',kha2h-i22y-a32hsk,kha2h-i33y-,kha2h-i23y-a2,kha2h-i23y-a32hst
827,he/she is giving him/her a living thing,kha32n-e2h,kha32n-e2h,kha32n-e22h,kha32n-e22l,kha21-hsi2,kha21n-e3ht
829,he/she is wrapping him/her,kwhe22n-v22hsk,kwhe22n-v22hsk,kwhe22n-v22hsk,kwhe22n-v22nh,kwhe22n-v23na2,kwhe22n-v2ht
830,he/she is putting it in a container (refers to a long object),l-a3t-i3',l-a3t-i3',l-a2t-i32hsk,l-a3t-,l-a2t-a2,l-a2t-i21hst
833,he/she is taking it out of a container (refers to a solid or flexible object),l-e33',l-e33',l-e33hsk,l-e33hs,l-a2ki2,l-e21hst
834,he/she is climbing it,'l-e21k,'l-e21k,'l-e21k,l-v32hs,'l-u21ka2,l-v21hst
837,he/she is burning,le33yv22-hsk,le33yv22-hsk,le33yv22-hsk,le33yv22-hs,le21yv23-hi2,le21yv23-hi3hst
838,it is falling from an upright position (refers to a long object eg tree‚ pole),le22yv23-hsk,le22yv33-hsk,le22yv23-hsk,le22yv23-hs,le22yv23-hi2,le22yv23-hi3hst
839,he/she is climbing around,'l-i22t-o33h,'l-i22t-o33h,'l-i22t-o33h,l-i33t-o21l,'l-i23t-a2,l-i23t-a32hst
842,it is dying (refers to an animal or plant),li22who33-k,li21wo33-k,li22who33-k,li22who33-ts,li22who21-ki2,li22who21-hst
845,he/she is hoeing it,lo22k-i33',lo22k-i33',lo22k-i33hsk,lo22k-a32n,lo22k-v21ka2,lo23k-o32t
848,he/she is stopping by (where on the way somewhere),lo22hi2hst-i3h,lo2'i2hst-i3h,lo22hi2hst-i23hsk,lo22hi2hst-ha3n,lo22hi2hst-a2,lo22hi2hst-o3ht
850,he/she is overtaking him/her,lo22hi2hs-e3h,lo2'i2hs-e3h,lo22hi2hs-e23h,lo22hi2hs-e23l,lo2'i2-hsi2,lo22hi2hs-e3ht
852,he/she is bluffing him/her,lo22na32hst-i2h,lo22na32hst-i2h,lo22na32hst-i22hsk,lo22na32hst-ha2n,lo22na21hst-a2,lo22na21hst-o3ht
853,he/she is oiling it,lo23n-e3',lo23n-e3',lo23n-e32hsk,lo23n-e3',lo23n-a2,lo21n-e33t
854,he/she is making him/her fall from an elevated position,lo3nht-i2h,lo3nht-i2h,lo3nht-i23hsk,lo3nht-ha2n,lo21nht-a2,lo21nht-o3ht
855,he/she is cheating,lo22nu22-he23h,lo22nu2-'e23h,lo22nu22-he23hsk,lo22nu22-he23lh,lo22nu22-hv23la2,lo22nu22-he2ht
856,he/she is passing by without stopping,lo22-hsk,lo21-hsk,lo22-hsk,lo22-hs,lo23-hi2,lo22-hi2hst
857,he/she is falling from an elevated position,lo32-hsk,lo32-hsk,lo32-hsk,lo32-hs,lo21-hi2,lo21-hi3hst
858,he/she is arriving,'lu2h-k,'lu2h-k,'lu2h-k,lu3h-ts,'lu2h-ki2,lu3h-i3hst
859,it’s lacking,lu23lo32-k,lu23lo32-k,lu23lo32-k,lu23lo32-ts,lu22lo21-ki2,lu23lo32-hst
862,he/she is chopping it,lu32y-hsk,lu32y-hsk,lu32y-hsk,lu32y-h,lu21y-ha2,lu21y-hst
864,he/she is beating him/her up,l-v33n-hi2h,l-v33n-hi2h,l-v33n-hi2h,l-v33n-hi2l,l-v21n-hka2,l-v21n-hst
870,he/she is putting it in a hole or a container (refers to a flexible object),l-v33hsk,l-v33hsk,l-v33hsk,l-v33n,l-v2'v21ka2,l-v21t
871,he/she is selling it,na2t-e33k,na2t-e33k,na2t-e33k,na2t-i23nv32hs,na22t-u21ka2,na22t-i23nv32t
873,he/she is hiring him/her,na32lh-v2hsk,na32lh-v2hsk,na32lh-v2hsk,na32lh-v21n,na21lh-v2'v21ka2,na21lh-v21t
876,he/she is finding it (refers to a flexible object),na32whth-i3h,na32whth-i3h,na32whth-i23hsk,na32whth-v22h,na21whth-a2,na21whth-v3ht
877,he/she is taking it somewhere (refers to an animal‚ flexible object),na32wi22t-i3h,na32wi22t-i3h,na32wi22t-i23hsk,na32wi22t-v22h,na21wi23t-a2,na21wi23t-ht
879,he/she is getting it (refers to a flexible object),n-e33',n-e33',n-e33hsk,n-e33hs,n-a2ki2,n-e21hst
880,he/she is changing it,ne23tl-i33y-v2',ne23tl-i33y-v2',ne23tl-i33y-v21hsk,ne23tl-i33y-v21hs,ne22tl-i22y-v23na2,ne23tl-i33y-v21hst
882,he/she is taking it somewhere by hand (refers to a long object),n-e33k,n-e33k,n-e33k,n-v33hs,n-u21ka2,n-v21hst
883,he/she is peeling him/her,ne33ka2l-i3h,ne33ka2l-i3h,ne33ka2l-i23hsk,ne33ka2l-v22h,ne21ka2l-a2,ne21ka3l-ht
884,he/she is getting some liquid,ne22-ki33',ne22-ki33',ne22-ki33hsk,ne22-ki33hs,ne23-ki2,ne22-ki21hst
885,he/she is taking liquid from him/her,ne22ki33'-e22h,ne22ki33'-e22h,ne22ki33'-e22h,ne22ki33'-e22l,ne22ki21-hsi2,ne22ki2'-e3ht
886,he/she is bewitching him/her,ne23ku33-t-i2',ne23ku33-t-i2',ne23ku33-t-i21hsk,ne23ku33-t-,ne22ku23-t-a2,ne23ku33-t-i21hst
887,he/she is holding it in his/her hand (refers to a long object),n-e3h,n-e3h,n-e22h,,n-e22he33hsti2,
888,he/she is leaving some liquid,ne22h-i22y-a3',ne2'-i22y-a3',ne22h-i22y-a32hsk,ne22h-i33y-,ne22h-i23y-a2,ne22h-i23y-a32hst
890,he/she is finding some liquid,ne22wha2hth-i3h,ne21wa2hth-i3h,ne22wha2hth-i23hsk,ne22wha2hth-v22h,ne22wha2hth-a2,ne22wha2hth-v2ht
891,he/she is taking some liquid somewhere,ne22whi22t-i3h,ne21wi22t-i3h,ne22whi22t-i23hsk,ne22whi22t-v22h,ne22whi23t-a2,ne22whi22t-ht
893,he/she lives (in sense of resides now),ne23l-,ne23l-,ne23l-,,ne23l-e32hsti2,
895,it’s freezing,ne23hsta3l-a2t-i2',ne23hsta3l-a2t-i2',ne23hsta3l-a2t-i21hsk,ne23hsta3l-a2t-,ne22hsta2l-a2t-a2,ne23hsta3l-a2t-i21hst
896,it’s hailing,ne22hso32y-hsk,,ne22hso32y-hsk,ne22hso32y-hs,,ne22hso21y-hst
899,he/she is lying down,nh-k,nv21-k,nh-k,,nh-ke33hsti2,
901,he/she is agitating liquid,nhkwa3'-e22h,nhkwa3'-e22h,nhkwa3'-e22hsk,nhkwa3'-e22h,nhkwa2'-v23la2,nhkwa2'-e3ht
902,he/she is taking a liquid somewhere by hand,nhts-e33k,nv21ts-e33k,nhts-e33k,nhts-v33hs,nhts-u21ka2,nhts-v21hst
903,he/she is holding some liquid,nhts-e3h,nv21ts-e3h,nhts-e22h,,nhts-e22he33hsti2,
904,he/she is handling some liquid,nhts-i23t-o32h,nv21ts-i23t-o32h,nhts-i23t-o32h,nhts-i23t-o32l,nhts-i23t-a2,nhts-i23t-a32hst
908,he/she is handling it (refers to a long object),n-i23t-o32h,n-i23t-o32h,n-i23t-o32h,n-i23t-o32l,n-i23t-a2,n-i23t-a32hst
909,he/she hates him/her,ni2kwa32t-hi2h,ni2kwa32t-hi2h,ni2kwa32t-hi2h,ni2kwa32t-hi2lh,ni2kwa21t-hi2ka2,ni2kwa21t-hi3hst
910,he/she is setting up a bed,ni22lh-a3t-i3',ni21lh-a3t-i3',ni22lh-a3t-i32hsk,ni22lh-a3t-,ni22lh-a2t-a2,ni22lh-a2t-i21hst
913,he/she is pleading,ni23l-a3t-i2',ni23l-a3t-i2',ni23l-a3t-i21hsk,ni23l-a3t-,ni22l-a2t-a2,ni23l-a3t-i21hst
914,he/she is burying him/her,'n-i22hs-i3h,n-i22hs-i3h,'n-i22hs-i23hsk,n-i33hs-a2nh,n-i23hs-a2,n-i23hs-o3ht
918,he/she is hunting,no22ha2l-i23t-o32h,no2'a2l-i23t-o32h,no22ha2l-i23t-o32h,no22ha2l-i23t-o32l,no22ha2l-i23t-a2,no22ha2l-i23t-a32hst
921,it’s flooding,no22hu23k-i3',,no22hu23k-i32hsk,no22hu23k-a32n,,no22hu23k-o32t
924,it is blowing (refers to wind),no22l-v33'v2hsk,,no22l-v33'v2hsk,no22l-v33n,,no22l-v21t
925,he/she is stealing it,no22hs-ki33',no21hs-ki33',no22hs-ki33hsk,no22hs-ki33hs,no23hs-ki2,no22hs-ki21hst
928,he/she is sinking,no23yv32-k,no23yv32-k,no23yv32-k,no23yv32-ts,no22yv21-ki2,no23yv3-'i2hst
929,he/she is pulling him/her,nhsa2n-e33',na21hsa2n-e33',nhsa2n-e33hsk,nhsa2n-e33hs,na21hsa2n-a2ki2,nhsa2n-e21hst
931,he/she is dragging him/her,nhsi23n-e32k,na21hsi23n-e32k,nhsi23n-e32k,nhsi23n-v32hs,na21hsi22n-u21ka2,nhsi23n-v32hst
932,he/she is exiting,nu22-ko33k,nu22-ko33k,nu22-ko33k,nu22-ko33ts,nu22-ko2'i2,nu22-ko21hst
937,he/she is twisting him/her,nu33the22y-o3h,nu33the22y-o3h,nu33the22y-o3h,nu33the22y-o32l,nu21the22y-a2ka2,nu21the23y-a32hst
938,he/she is missing him/her (refers to as a target),nv23-t-i3',nv23-t-i3',nv23-t-i32hsk,nv33-t-,nv23-t-a2,nv23-t-i32hst
940,he/she is falling from an upright position,nv33-k,nv33-k,nv33-k,nv33-ts,nv21-ki2,nv2-'i3hst
941,he/she is cleaning him/her,nv22ka2l-i3h,nv22ka2l-i33',nv22ka2l-i23hsk,nv22ka2l-v22h,nv22ka2l-a2,nv22ka2l-ht
942,he/she is hammering it,nv22kwa2l-o33',nv22kwa2l-o33',nv22kwa2l-o33hsk,nv22kwa2l-o33',nv22kwa2l-o23tsa2,nv22kwa2l-o21hst
946,he/she is tying up a leg,nv33lho22-hi3h,nv33lho22-hi3h,nv33lho22-hi2h,nv33lho22-lh,nv21lho23-ka2,nv21lho23-hst
949,he/she is tossing about,nv33ts-i22t-o33h,nv33ts-i22t-o33h,nv33ts-i22t-o33h,nv33ts-i22t-o33l,nv21ts-i23t-a2,nv21ts-i23t-a32hst
950,he/she is giving him/her an object (refers to a flexible object),nv33n-e2h,nv33n-e2h,nv33n-e22h,nv33n-e22l,nv21-hsi2,nv21n-e3ht
955,he/she is pushing him/her,hsa2to32-hsk,hsa2to32-hsk,hsa2to32-hsk,hsa2to32-yh,hsa2to21-yha2,hsa2to21-hst
956,he/she is rolling him/her,hsa2kwa2le23-hi3h,hsa2kwa2le23-hi3h,hsa2kwa2le23-hi3h,hsa2kwa2le23-lh,hsa2kwa2le23-ka2,hsa2kwa2le23-hst
960,he/she is attaching the object behind it (refers to a flexible object),hsa2ne23na3t-v2hsk,hsa2ne23na3t-v2hsk,hsa2ne23na3t-v2hsk,hsa2ne23na3t-v21n,hsa2ne22na2t-v21ka2,hsa2ne23na3t-v21t
969,he/she is piling it up,hsv22t-hv3hsk,hsv22t-hv3hsk,hsv22t-hv3hsk,hsv22t-ha3n,hsv22t-hv21ka2,hsv23t-ht
973,he/she is stabbing him/her,t-hi3h,t-hi3h,t-hi3h,t-hi2lh,t-hi2ka2,t-hi2hst
981,he/she is lecturing him/her,wo3nht-i3h,wo3nht-i3h,wo3nht-i23hsk,wo3nht-ha2n,wo21nht-a2,wo21nht-o3ht
983,he/she is speaking,wo33n-i2h,wo33n-i2h,wo33n-i22hsk,wo33n-i22hs,wo21n-i23hi2,wo21n-i23hi3hst
986,he/she is sewing it,ye2w-hsk,ye22wi21-hsk,ye2w-hsk,ye2w-hs,ye23w-a2,ye2w-hst
993,he/she is howling,e22lhu2-hv3hsk,e21lu2-hv3hsk,e22lhu2-hv3hsk,e22lhu2-nh,e22lhu2-hv21ka2,e22lhu2-hv3hst
1014,he/she is leading him/her by the hand,o22hi23n-e32k,o2'i23n-e32k,o22hi23n-e32k,o22hi23n-v32hs,o2'i22n-u21ka2,o22hi23n-v32hst
1015,he/she is agreeing with him/her,o22hi2yhta32n-e2h,o2'i2yhta32n-e2h,o22hi2yhta32n-e22h,o22hi2yhta32n-e22l,o2'i2yhta21-hsi2,o22hi2yhta21n-e3ht
1017,he/she is recognizing him/her,o2lh-k,o22li21-k,o2lh-k,o2lh-ts,o22li21-ki2,o22lh-i3hst
1018,he/she understands it,o2lh-k,o22li21-k,o2lh-k,o2lh-ts,o2lh-ki2,o22lh-i3hst
1021,he/she is getting full,o22lhv3-hsk,o21lv3-hsk,o22lhv3-hsk,o22lhv3-hs,o22lhv2-hi2,o22lhv3-hi3hst
1022,he/she is making it,o22lh-v22hsk,o21lh-v22hsk,o22lh-v22hsk,o22lh-v22nh,o22lh-v23na2,o22lh-v2nht
1023,he/she is making it fall (refers to a round‚ long object),o22ho2nht-i3h,o2'o2nht-i3h,o22ho2nht-i23hsk,o22ho2nht-ha3n,o22ho2nht-a2,o22ho2nht-o3ht
1024,it’s falling (refers to a round‚ long object),o22ho2-hsk,o2'o2-hsk,o22ho2-hsk,o22ho2-hs,o22ho2-hi2,o22ho2-hi2hst
1027,he/she is writing it,o22whe23l-i3',o21we23l-i3',o22whe23l-i32hsk,o22whe23l-a32n,o22whe22l-v21ka2,o22whe23l-o32t
1030,he/she is pulling a trigger,o32tsa2n-e33',o32tsa2n-e33',o32tsa2n-e33hsk,o32tsa2n-e33hs,o21tsa2n-a2ki2,o21tsa2n-e21hst
1038,he/she is batting it,o22hst-v33n-i2h,o21hst-v33n-i2h,o22hst-v33n-i2h,o22hst-v23n-i32l,o22hst-v22n-i21ka2,o22hst-v23n-i32hst
1040,he/she is saying to him/her,o21hs-e3h,o21hs-e3h,o21hs-e3h,o21hs-e23l,o21-hsi2,o21hs-e3ht
1041,it’s swelling,o22thi2-hsk,o21thi2-hsk,o22thi2-hsk,o22thi2-hs,o22thi2-hi2,o22thi2-hi2hst
1043,he/she is building a fire,o23t-hv3hsk,o33t-v2hsk,o23t-hv3hsk,o23t-ha3n,o22t-hv21ka2,o23t-ht
1044,he/she is unhitching him/her,u22ta2l-e33',u22ta2l-e33',u22ta2l-e33hsk,u22ta2l-e33hs,u22ta2l-a2ki2,u22ta2l-e21hst
1045,he/she is hitching him/her up,u22ta2l-v32hsk,u22ta2l-v32hsk,u22ta2l-v32hsk,u22ta2l-v32n,u22ta2l-v2'v21ka2,u22ta2l-v21t
1050,he/she is putting a handle on a tool,u22ha2l-hv3hsk,u2'a2l-hv3hsk,u22ha2l-hv3hsk,u22ha2l-ha3n,u22ha2l-hv21ka2,u22ha2l-ht
1052,he/she is washing it,u22h-i22l-o33',u2'-i22l-o33',u22h-i22l-o33hsk,u22h-i22l-o33',u22h-i22l-o23tsa2,u22h-i22l-o21hst
1053,he/she is accusing him/her,u22hi23hst-i3h,u2'i23hst-i3h,u22hi23hst-i33hsk,u22hi23hst-ha3n,u2'i23hst-a2,u22hi23hst-o3ht
1055,he/she is covering it,u33lh-v2hsk,u33lh-v2hsk,u33lh-v2hsk,u33lh-v21n,u21lh-v2'v21ka2,u21lh-v21t
1056,he/she is putting it in water,u22-hv3hsk,u2-'v3hsk,u22-hv22hsk,u22-nh,u22-hv21ka2,u2-ht
1060,he/she is picking him/her up,u22th-e33',u21th-e33',u22th-e33hsk,u22th-e33hs,u21th-a2ki2,u22th-e21hst
1061,it’s snowing,u22th-i3h,,u22th-i23hsk,u22th-a2nh,,u22th-o2ht
1063,he/she is sifting it,v22ku23hst-i3h,v22ku21hst-i3h,v22ku23hst-i33hsk,ku23hst-ha3n,v22ku23hst-a2,ku23hst-o3ht
1064,it’s leaking,v22ku23-hsk,,v22ku23-hsk,ku23-hs,,ku23-hst
1067,he/she is alive,v22n-h,v21n-,v22n-h,,v22n-he33hsti2,
1070,he/she is hitting him/her,-v22n-hi3h,-v21n-i3h,-v22n-hi3h,u21wa22-v3n-hi33l,-v22n-i21ka2,u2wa2-v2n-hst
1071,he/she is cooking it (refers to a specific food),v22nhi2hst-i3h,v21ni2hst-i3h,v22nhi2hst-i23hsk,nhi2hst-ha3n,v22nhi2hst-a2,nhi2hst-o3ht
1076,he/she is frying it,v22tsa2l-hv3hsk,v21tsa2l-hv3hsk,v22tsa2l-hv3hsk,v22tsa2l-ha3n,v22tsa2l-hv21ka2,v22tsa2l-ht
1078,he/she is melting it,v22na2wht-i3h,v22na2wo21t-i3h,v22na2wht-i23hsk,na2wht-ha3n,v22na2wht-a2,na2wht-o3ht
1079,it’s melting,v22na2wo22-hsk,v22na2wo21-hsk,v22na2wo22-hsk,na2wo22-hs,v22na2wo23-hi2,na2wo22-hi2hst
1081,he/she is sweeping it,v22no22hsa3-hsk,v22no21hsa2-hsk,v22no22hsa2-hsk,no22hsa2-h,v22no23hsa2-,no22hsa2-hst
1082,it’s becoming done (refers to by cooking),v2n-hsk,,v2n-hsk,n-hs,v23n-hi2,n-hi3hst
1083,he/she is hiding it,v22hska2l-hv3hsk,v21hska2l-hv3hsk,v22hska2l-hv3hsk,hska2l-ha3n,v22hska2l-hv21ka2,hska2l-ht
1085,he/she is hiding him/her (refers to a flexible object),v22hska3l-v32hsk,v21hska2l-v32hsk,v22hska2l-v32hsk,hska2l-v32n,v21hska2l-v2'v21ka2,hska2l-v21t
1086,he/she is cracking it,v22hskwa2l-o33',v21hskwa2l-o33',v22hskwa2l-o33hsk,hskwa2l-o33',v22hskwa2l-o23tsa2,hskwa2l-o21hst
1087,he/she is putting it into a fire,v22t-hv3hsk,v21t-v3hsk,v22t-hv3hsk,v22t-ha3n,v22t-hv21ka2,v22t-ht
1088,he/she is soaking it (refers to a flexible object),v33wa2l-hv3hsk,v33wa2l-hv3hsk,v33wa2l-hv3hsk,v33wa2l-ha3n,v21wa2l-hv21ka2,v21wa3l-ht
1221,he/she is ascending an incline,na2lu22-hsk,na2lu22-hsk,na22lu22-hsk,nha2lu22-hs,nha2lu23-hi2,nha2lu22-hi2hst
1224,he/she is making him/her angry,na23lv33hst-i2h,na23lv33hst-i2h,na23lv33hst-i22hsk,nha23lv33hst-ha2n,na22lv22hst-a2,nha23lv33hst-o2ht
1229,he/she is cold,na2wo32-k,na2wo32-k,na2wo32-k,nha2wo32-ts,nha2wo21-ki2,nha2wo2-hst
1230,he/she is speaking,ne33-k,ne33-k,ne33-k,nhe33-ts,nhe21-ki2,nhe2-hst
1231,he/she is prying it,ne33kwa2t-i3h,ne33kwa2t-i3h,ne33kwa2t-i23hsk,nhe33kwa2t-v22h,nhe21kwa2t-a2,nhe21kwa3t-ht
1232,he/she is accumulating it,ne2hkw-o33',ne2hkw-o33',ne2hkw-o33hsk,nhe2hkw-o33',nhe2hkw-o23tsa2,nhe2hkw-o21hst
1233,it’s accumulating,ne2hkwo33-k,,ne2hkwo33-k,nhe2hkwo33-ts,nhe2hkwo21-ki2,nhe2hkwo2-'i3hst
1234,he/she is mentioning it,ne33'i2hst-i3h,ne33'i2hst-i3h,ne33'i2hst-i23hsk,nhe33'i2hst-ha3n,nhe2'i2hst-a2,nhe2'i2hst-o3ht
1235,it’s contaminated (refers to contaminated by visible foreign matter),ne33hsa2l-h,,ne33hsa2l-h,,,
1236,he/she is contaminating it (refers to contaminated by visible foreign matter),ne33hsa2l-hv3hsk,ne33hsa2l-hv3hsk,ne33hsa2l-hv3hsk,nhe33hsa2l-ha3n,nhe21hsa2l-hv21ka2,nhe21hsa3l-ht
1241,he/she is collecting from him/her,ni2l-hv3hsk,ni2l-hv3hsk,ni2l-hv3hsk,nhi2l-ha3n,ni2l-hv21ka2,nhi2l-ht
1246,he/she is telling it,no22-he3h,no22-he3h,no22-he23hsk,nho22-he23lh,nho22-hv23la2,nho22-he2ht
1247,he/she is omitting him/her,no23h-i33y-a2',no23h-i33y-a2',no23h-i33y-a21hsk,nho23h-i33y-,no22h-i23y-a2,nho23h-i33y-a21hst
1249,he/she is fanning him/her,no33y-e2h,no33y-e2h,no33y-e22hsk,nho33y-e22h,no22y-v23la2,nho22y-e3ht
1254,he/she is straining it,nv33hso22lv23hst-i3h,nv33hso22lv23hst-i3h,nv33hso22lv23hst-i33hsk,nhv33hso22lv23hst-ha3n,nhv21hso22lv23hst-a2,nhv21hso23lv33hst-o2ht
1256,he/she is curing him/her,nv23w-i3',nv23w-i3',nv23w-i32hsk,nhv23w-a32n,nv22w-v21ka2,nhv23w-o32t
1514,he/she is becoming warm,ka22na2wo22-hsk,ka22na2wo22-hsk,ka22na2wo22-hsk,ka22na2wo22-hs,ka22na2wo23-hi2,ka22na2wo22-hi2hst
1523,he/she is late,ko22nhi23yo32-k,ko22nhi23yo32-k,ko22nhi23yo32-k,ko22nhi23yo32-ts,ko22nhi22yo21-ki2,ko22nhi23yo3-hst
1524,it’s decaying,ko22-hsk,ko22-hsk,ko22-hsk,ko22-hs,ko23-hi2,ko22-hi2hst
1530,he/she has an object (refers to a solid object),-h,-h,-h,-h,-he33hsti2,
1531,he/she is yawning,ha2lho33k-e2h,ha2lho33k-e2h,ha2lho33k-e22hsk,ha2lho33k-e22h,ha2lho21k-v23la2,ha2lho21k-e3ht
1534,he/she is having trouble breathing,ha2wo33hst-i2h,ha2wo33hst-i2h,ha2wo33hst-i22hsk,ha2wo33hst-ha2n,ha2wo21hst-a2,ha2wo21hst-o3ht
1535,there is dew,hi33hsa2t-h,hi33hsa2t-h,hi33hsa2t-h,hi33hsa2t-h,hi33hsa2t-he33hsti2,
1536,he/she is lonesome,hi22hso2hta32n-e2h,hi22hso2hta32n-e2h,hi22hso2hta32n-e22h,hi22hso2hta32n-e22l,hi22hso2hta21-hsi2,hi22hso2hta21n-e3ht
1537,it’s lonesome,hi22hso3ht-,,hi22hso2ht-,hi22hso2ht-,,
1544,he/she is becoming angry,nha23lv32-k,na23lv32-k,nha23lv32-k,nha23lv32-ts,na22lv21-ki2,nha23lv3-'i2hst
1545,he/she is angry,nha23lv3-h,na23lv3-h,nha23lv32-hs,nha23lv32-hs,na23lv32-hse33hsti2,
1548,he/she is stubbing his/her toe,nha32hskwa2l-o33',na32hskwa2l-o33',nha32hskwa2l-o33hsk,nha32hskwa2l-o33',na21hskwa2l-o23tsa2,nha21hskwa2l-o21hst
1551,he/she has a chill,nha2wa32hst-i2h,na2wa32hst-i2h,nha2wa32hst-i22hsk,nha2wa32hst-ha2n,na2wa21hst-a2,nha2wa21hst-o3ht
1561,he/she is buying it,wha2-hsk,wa3-hsk,wha2-hsk,wha2-hs,wa2-hi2,wha3-hi3hst
1563,he/she is looking for it,y-ho2h,y-ho3h,y-ho2h,y-ha2l,y-hka2,y-hst
1569,it is cold (refers to weather),yhv22tl-,,yhv22tl-,yhv22tl-,,
1572,he/she is getting drunk,yhv2hst-e33',yv2hst-e33',yhv2hst-e33hsk,yhv2hst-a33',yv2hst-a2ka2,yhv2hst-e21hst
1597,it’s foggy,khv2ha3t-,khv2ha3t-,khv2ha2t-,khv2ha2t-,khv2ha2t-e33hsti2,
1599,he/she is not having luck at hunting,kwho23l-e32k,kwho23l-e32k,kwho23l-e32k,kwho23l-v32hs,kwho22l-u21ka2,kwho23l-v32hst
1604,he/she is making a mistake,li23ta32hst-i2h,li23ta32hst-i2h,li23ta32hst-i22hsk,li23ta32hst-ha2n,li22ta21hst-a2,li23ta32hst-o2ht
1612,he/she is whining,li23ye32t-i2h,li23ye32t-i2h,li23ye32t-i22hsk,li23ye32t-ha2n,li22ye21t-a2,li23ye32t-o2ht
1629,he/she has an object (refers to a flexible object),n-a3',n-a3',n-a3',n-a3',n-a3'e33hsti2,
1639,he/she is being mean,ne23ku32ts-,ne23ku32ts-,ne23ku32ts-,ne23ku32ts-,ne23ku32ts-e33hsti2,
1642,he/she has a liquid,ne3-h,ne3-h,ne22-h,ne22-h,ne22-he33hsti2,ne2-ht
1683,he/she is thirsty,tha2te22k-i33',tha2te22k-i33',tha2te22k-i33hsk,tha2te22k-a32n,tha2te22k-v21ka2,tha2te23k-o32t
1684,he/she is becoming enraged,tha2lha2wo22-hsk,tha2lha2wo22-hsk,tha2lha2wo22-hsk,tha2lha2wo22-hs,tha2lha2wo23-hi2,tha2lha2wo22-hi2hst
1699,he/she is belching,khu23le32-k,khu23le32-k,khu23le32-k,khu23le32-ts,khu22le21-ki2,khu23le3-'i2hst
1700,he/she is shivering,na22w-i3',na22w-i3',na22w-i32hsk,na22w-,na23w-a2,na23w-i32hst
1708,he/she smells it,whsv32-k,whsv32-k,whsv32-k,whsv32-ts,whsv21-ki2,whsv2-hst
1709,he/she has an object (refers to a long object),y-,v23y-,y-,y-,v23y-e32hsti2,
1710,he/she is aching,e22hi2hsta32n-e2h,e22hi2hsta32n-e2h,e22hi2hsta32n-e22h,e22hi2hsta32n-e22l,e22hi2hsta21-hsi2,e22hi21hsta3n-e2ht
1729,he/she is confident,o22hi2yu3-h,o22hi2yu3-h,o22hi2yu33-hs,o22hi2yu33-hs,o22hi2yu33-hse33hsti2,
1730,he/she is sitting,o23l-h,o23l-h,o23l-h,o23l-h,o23l-he32hsti2,
1741,he/she is losing it,yo22hu23hs-e3h,yo22hu23hs-e3h,yo22hu23hs-e33h,yo22hu23hs-e33l,yo22hu23-hsi2,yo22hu23hs-e3ht
