class,present,imperfective,perfective,immediate,infinitive,count
a,a2,o33'i2,v23'i2,a2,i2,7
e-a,a2,o33'i2,v23'i2,a2,i2,4
e-aka,a2,o33'i2,v23'i2,a2ka2,i2,3
eg-invs,a2,o33'i2,v23'i2,u21ka2,i2,4
eg-invs,a2,o33'i2,v23'i2,u32ka2,i2,1
eg-invs[perf2],a2,o33'i2,v23'i2,u21ka2,i2,1
eg-vs,,,,,i2,1
eg-vs,a2,o33'i2,v23'i2,,i2,1
eg-vs,a2,o33'i2,v23'i2,u21ka2,i2,13
eg-vs,a2,o33'i2,v23'i2,u32ka2,i2,1
eg-vs[pres2],i2,o33'i2,v23'i2,u21ka2,i2,2
eh-a,a2,o3'i2,v33'i2,a2,i2,1
eh-a,a2,o33'i2,v23'i2,a2,i2,1
eh-eh,a2,o3'i2,v33'i2,v22la2,i2,1
eh-eh,a2,o3'i2,v33'i2,v23la2,i2,1
eh-eh,a2,o33'i2,v23'i2,v23la2,i2,6
eh-ehl,a2,o33'i2,v23'i2,v23la2,i2,1
eh-el,a2,o33'i2,v23'i2,hsi2,i2,9
eh-el,a2,o33'i2,v23'i2,hsi2,i?,1
eh-el[imp2],a2,o3'i2,v33'i2,hsi2,i2,2
eh-el[imp2],a2,o33'i2,v23'i2,hsi2,i2,2
eh-el[imp3],a2,o33'i2,v23'i2,i21hsi2,i2,1
eh-el[imp3],a2,o33'i2,v23'i2,i2hsi2,i2,2
eh-el[imp4],a2,o33'i2,v23'i2,v23la2,i2,1
eh-hehl,a2,o3'i2,v33'i2,hv22la2,i2,1
eh-hehl,a2,o3'i2,v33'i2,hv23la2,i2,3
g-ts,a2,o33'i2,v23'i2,ki2,i2,14
g-ts[inf2],a2,o33'i2,v23'i2,ki2,i2,8
g-ts[inf3],a2,o33'i2,v23'i2,ki2,i2,7
go-gots,a2,o33'i2,v23'i2,ko2'i2,i2,2
hg-hts,a2,o3'i2,v33'i2,hki2,i2,1
hg-hts,a2,o33'i2,v23'i2,hki2,i2,2
hg-hts,a2,o33'i2,v23'i2,ki2,i2,1
hih-hil,a2,o3'i2,v23'i2,hka2,i2,1
hih-hil,a2,o3'i2,v33'i2,hka2,i2,2
hih-hil,a2,o33'i2,v23'i2,hka2,i2,2
hih-hil[imp2],a2,o3'i2,v2'i?,i21ka2,i?,1
hih-hil[imp2],a2,o33'i2,v23'i2,i21ka2,i2,1
hih-hilh,a2,o3'i2,v23'i2,hi2ka2,i2,1
hih-hilh,a2,o33'i2,v23'i2,hi2ka2,i2,1
hih-lh,a2,o33'i2,v23'i2,ka2,i2,5
hih-lh,a2,o33'i2,v33'i2,ka2,i2,6
hih-lh[imp2],a2,o33'i2,v23'i2,'a2,i2,3
hih-lh[imp2],a2,o33'i2,v23'i2,ha2,i2,3
husg,a2,o3'i2,v33'i2,hu21ka2,i2,1
husg,a2,o33'i2,v23'i2,hu21ka2,i2,1
hvsg-han,,,,,i2,4
hvsg-han,a2,o3'i2,v33'i2,hv21ka2,i2,16
hvsg-han,a2,o3'i2,v33'i2,hv32ka2,i2,1
hvsg-han,a2,o33'i2,v23'i2,hv21ka2,i2,2
hvsg-han[inf2],a2,o3'i2,v33'i2,hv21ka2,i2,3
hvsg-han[inf2],a2,o33'i2,v23'i2,hv21ka2,i2,1
hvsg-hn,,,,,i2,2
hvsg-hn,a2,o33'i2,v23'i2,hv21ka2,i2,8
hvsg-hn,a2,o33'i2,v23'i2,hv32ka2,i2,1
hvsg-hn,a2,o33'i2,v33'i2,hv21ka2,i2,1
hvsg-hn[inf2],a2,o33'i2,v23'i2,hv21ka2,i2,2
hvsg-hn[inf2],a2,o33'i2,v33'i2,hv21ka2,i2,1
hvsg-hn[inf2],a2,o33'i2,v33'i2,hv32ka2,i2,1
hvsg-hn[inf3],a2,o3'i2,v23'i2,hv21ka2,i2,1
hvsg-hn[inf4],a2,o3'i2,v23'i2,hv21ka2,i2,1
hvsg-n,a2,o33'i2,v23'i2,hv32ka2,i2,1
i-a-i,a2,o33'i2,v23'i2,a2,i2,28
i-a-i[perf2],a2,o33'i2,v23'i2,a2,i2,2
i-a-ihsk,a2,o33'i2,v23'i2,a2,i2,2
i-vka,a2,o33'i2,v23'i2,,i2,1
i-vka,a2,o33'i2,v23'i2,v21ka2,i2,11
i-vka,a2,o33'i2,v23'i2,v32ka2,i2,1
ih-ihi,a2,o33'i2,v23'i2,i23hi2,i2,2
ih-il,a2,o33'i2,v23'i2,i21ka2,i2,6
ih-il,a2,o33'i2,v23'i2,i2ka2,i2,1
ih-ohd,,,,,i2,3
ih-ohd,a2,o3'i2,v22'i2,a2,i2,1
ih-ohd,a2,o3'i2,v23'i2,a2,i2,4
ih-ohd,a2,o3'i2,v33'i2,a2,i2,29
ih-ohd,a2,o33'i2,v23'i2,a2,i2,40
ih-ohd[perf2],a2,o3'i2,v23'i2,a2,i2,7
ih-ohd[perf2],a2,o33'i2,v23'i2,a2,i2,1
ih-ohd[perf3],a2,o3'i2,v33'i2,a2,i2,1
ih-ohd[pres2],i2,o33'i2,v23'i2,a2,i2,1
ih-vh,a2,o3'i2,v23'i2,a2,i2,23
ih-vh,a2,o33'i2,v23'i2,a2,i2,1
ih-vh[imperf2-inf2],a2,o33'i2,v23'i2,a2,i2,1
ih-vh[inf2],a2,o3'i2,v23'i2,a2,i2,7
ih-vh[inf2],a2,o33'i2,v23'i2,a2,i2,1
o,a2,o33'i2,v23'i2,,i2,1
o,a2,o33'i2,v23'i2,o22tsa2,i2,2
o,a2,o33'i2,v23'i2,o23tsa2,i2,14
oh-al,a2,o33'i2,v23'i2,hka2,i2,3
oh-al[imp2],a2,o33'i2,v23'i2,a2ka2,i2,1
oh-ol,a2,o33'i2,v23'i2,a2ka2,i2,2
oh-ol-a,a2,o33'i2,v23'i2,a2,i2,12
oh-ol[inf2],a2,o33'i2,v23'i2,a2ka2,i2,2
oh-ol[inf3],a2,o33'i2,v23'i2,a2ka2,i2,2
ohvsg,a2,o33'i2,v23'i2,o2nha2,i2,1
ohvsg,a2,o33'i2,v33'i2,o2nha2,i2,1
ohvsg-no-o,a2,o33'i2,v33'i2,nha2,i2,1
rev-'i,a2,o33'i2,v23'i2,'i2,i2,1
rev-e,a2,o33'i2,v23'i2,a2ki2,i2,18
rev-e,a2,o33'i2,v23'i2,a3ki2,i2,3
rev-gi,a2,o33'i2,v23'i2,ki2,i2,16
rev-i,a2,o33'i2,v23'i2,i2,i2,3
sg-h,a2,o33'i2,v23'i2,ha2,i2,5
sg-h-hy,a2,o33'i2,v23'i2,yha2,i2,3
sg-h[imp2],a2,o33'i2,v23'i2,,i2,4
sg-s-a,a2,o33'i2,v23'i2,a2,i2,2
sg-s-a[inf2],a2,o33'i2,v23'i2,a2,i2,4
sg-s-hi-hihst,a2,o2'i?,v33'i2,hi2,,1
sg-s-hi-hihst,a2,o3'i2,v33'i2,hi2,i2,4
sg-s-hi-hihst,a2,o33'i2,v23'i2,hi2,i2,26
sg-s-hi-hihst,a2,o33'i2,v33'i2,hi2,i2,1
sg-s-hst,a2,o3'i2,v33'i2,,i2,1
sg-s-hst,a2,o33'i2,v23'i2,,i2,1
sg-s-hst[imp2],a2,o3'i2,v33'i2,hi2,i2,1
sg-s-hst[imp2],a2,o33'i2,v23'i2,hi2,i2,1
sg-s-la,a2,o3'i2,v33'i2,la2,i2,4
sg-s-la,a2,o33'i2,v33'i2,la2,i2,1
stative,a2,o3'i2,v33'i2,e32hsti2,,2
stative,a2,o33'i2,v23'i2,e33hsti2,,14
stative,i2,o3'i2,v23'i2,e32hsti2,,1
stative,i2,o33'i2,v23'i2,e33hsti2,,4
stative,i2,o33'i2,v33'i2,,,1
stative-a',a2,o33'i2,v23'i2,e33hsti2,,4
stative-eh,a2,o33'i2,,e33hsti2,,2
stative-eh,a2,o33'i2,v23'i2,,,1
stative-h,a2,o3'i2,v33'i2,e32hsti2,,2
stative-h,a2,o33'i2,v23'i2,e33hsti2,,12
stative-k,a2,o3'i2,v33'i2,e32hsti2,,1
stative-k,a2,o33'i2,v23'i2,e33hsti2,,7
stative-s,a2,o33'i2,v23'i2,e33hsti2,,6
v-vhs,a2,o33'i2,v23'i2,v23na2,i2,10
vhvsg,a2,o33'i2,v23'i2,v22hv21ka2,i2,4
vhvsg[imp2],a2,o33'i2,v23'i2,v23na2,i2,1
vhvsg[inf2],a2,o33'i2,v23'i2,v22hv21ka2,i2,1
vnh-ih-a,a2,o3'i2,v23'i2,a2,i2,2
vnh-vsk,a2,o33'i2,v23'i2,v23na2,i2,3
vnh-vsk[inf2],a2,o33'i2,v23'i2,v23na2,i2,2
vnh-vsk[inf3],a2,o33'i2,v23'i2,v23na2,i2,2
vnh-vsk[inf4],a2,o33'i2,v23'i2,v23na2,i2,1
vsk,a2,o33'i2,v23'i2,v21ka2,i2,2
vsk-long,a2,o33'i2,v23'i2,,i2,1
vsk-long[imp2],a2,o33'i2,v23'i2,v3'v21ka2,i2,1
vsk-post-v,a2,o33'i2,v23'i2,'v21ka2,i2,2
vsk[imp2],a2,o33'i2,v23'i2,v2'v21ka2,i2,9
vsk[imp2],a2,o33'i2,v23'i2,v22'v21ka2,i2,1
